ID,WEEK,Z1,Z2,Z3,Z4,Z5,Z6,Z6A,Z6AA,Z6AB,Z6B,Z6C,Z6D,Z7,Z8,Z9,Z9A,Z9AA,Z10,Z10A,Z11,Z11A,Z12,SEX,METRO,REGION,HWEIGHT,PWEIGHT,STATE,WP1,WP2,WP3,WP4A,WP4B,WP4C,WP5,WP6
1,928,1,1,2,1,,5,3,1,2,2,0,0,18,3,99,1,,2,,1,1,0,2,2,1,0.6,2.219,25,3,5,1,1,,,,
2,928,1,2,1,1,,3,2,1,1,0,0,1,30,2,6,,,2,,1,1,0,1,2,3,0.343,0.769,51,2,3,1,1,,,,
3,928,1,2,1,1,,3,2,1,1,0,1,0,37,5,8,,,2,,1,2,0,2,2,3,0.341,0.765,13,3,5,2,,1,,,
4,928,1,1,1,1,,2,2,0,2,,,,32,4,6,,,2,,2,2,0,2,2,3,1.412,2.707,1,2,5,2,,2,,,
5,928,1,2,1,2,,2,2,1,1,,,,72,4,6,,,2,,1,1,0,1,1,2,0.734,1.46,27,3,5,1,1,,,,
6,928,1,2,1,1,,5,4,2,2,0,1,0,40,4,8,,,2,,1,3,0,1,1,1,0.47,1.518,25,3,5,1,2,,,,
7,928,2,1,1,2,,3,2,1,1,0,0,1,37,2,2,,,2,,1,1,0,1,1,3,1.105,1.836,5,1,1,2,,8,,,
8,928,2,2,1,1,,7,2,1,1,0,2,3,27,2,1,,,2,,2,1,1,2,1,3,1.713,2.846,48,1,4,2,,1,,,
9,928,2,2,1,1,,3,3,2,1,,,,48,5,9,,1,2,,1,2,1,2,1,3,0.248,0.469,24,3,5,2,,2,,,
10,928,1,1,1,3,1,2,2,0,2,,,,75,2,3,,,2,,1,9,0,2,1,2,1.214,2.413,27,3,5,8,,,,,9
11,928,1,2,1,2,,2,2,1,1,,,,69,3,2,,,2,,1,1,0,2,1,3,1.2,2.266,12,3,5,1,1,,,,
13,928,1,1,1,2,,2,2,1,1,,,,45,2,3,,,2,,1,3,0,1,1,1,0.717,1.159,25,4,5,2,,1,,,
14,928,2,2,1,1,,4,3,2,1,1,0,0,42,5,5,,,2,,1,3,0,1,1,1,0.47,1.518,33,3,5,2,,2,,,
15,928,1,5,1,3,1,2,2,1,1,,,,67,1,8,,,2,,1,3,0,1,1,4,3.573,6.756,6,4,5,3,,,1,1,
16,928,1,2,1,2,,4,3,2,1,1,0,0,51,3,6,,,2,,1,0,0,1,1,3,0.867,3.274,13,4,1,7,,,,,7
17,928,1,2,1,3,1,2,2,1,1,,,,52,1,6,,,2,,1,3,0,1,2,2,1.522,3.133,39,2,4,3,,,2,2,
18,928,1,2,1,1,,2,2,1,1,,,,45,3,8,,,2,,1,2,0,2,1,1,0.788,1.43,36,4,5,2,,1,,,
19,928,1,5,2,1,,3,3,2,1,,,,31,2,8,,,2,,1,2,0,1,1,3,0.602,2.272,13,3,3,3,,,1,7,
20,928,1,1,1,1,,3,1,0,1,0,0,2,29,4,5,,,2,,2,2,1,2,2,3,0.503,0.563,51,2,5,2,,2,,,
21,928,1,2,1,2,,4,2,1,1,0,1,1,36,5,7,,,2,,1,3,0,2,1,2,0.62,1.15,39,3,5,1,2,,,,
22,928,2,2,1,3,1,2,2,1,1,,,,69,2,7,,,2,,1,2,0,1,1,1,0.954,1.732,36,4,5,2,,1,,,
23,928,2,5,1,1,,1,,0,1,,,,39,5,3,,,2,,1,2,0,2,1,1,0.789,1.434,42,3,5,2,,2,,,
24,928,1,2,1,2,,3,2,1,1,1,0,0,30,6,4,,,2,,1,1,0,2,2,3,0.654,1.255,21,1,5,3,,,1,8,
25,928,1,4,1,3,1,1,,1,0,,,,77,2,4,,,2,,1,1,0,1,2,3,0.723,0.693,1,3,5,1,1,,,,
26,928,1,2,1,1,,6,2,1,1,0,1,3,27,3,99,1,,2,,1,1,0,2,1,3,0.868,1.507,47,4,5,1,1,,,,
27,928,1,2,1,1,,2,2,1,1,,,,35,4,7,,,2,,1,1,1,2,1,3,0.299,0.565,24,3,5,3,,,1,1,
28,928,2,2,1,1,,6,2,1,1,0,3,1,40,3,8,,,2,,1,1,1,1,1,4,0.537,1.015,6,4,5,3,,,1,2,
29,928,1,3,1,1,,1,,0,1,,,,47,2,6,,,2,,1,2,0,2,1,4,0.921,1.742,6,3,1,3,,,1,1,
30,928,1,2,1,3,1,2,2,1,1,,,,78,4,6,,,2,,1,1,0,1,1,4,0.745,1.679,4,4,5,1,2,,,,
31,928,1,2,1,3,4,2,2,1,1,,,,40,2,8,,,2,,1,3,0,2,2,3,0.586,1.124,1,1,5,3,,,1,2,
32,928,1,5,1,2,,4,3,2,1,0,1,0,33,2,2,,,2,,1,1,0,1,1,4,0.607,2.739,4,3,4,1,1,,,,
33,928,1,2,1,3,2,3,2,1,1,0,0,1,25,2,7,,,2,,1,1,0,2,2,4,0.798,1.804,6,3,1,1,2,,,,
34,928,1,2,1,3,2,2,2,1,1,,,,57,6,9,,1,2,,1,3,0,2,2,4,1.093,1.89,35,3,3,1,2,,,,
35,928,1,2,1,1,,2,2,1,1,,,,30,4,9,,2,2,,1,1,0,2,1,1,0.552,0.893,25,3,5,1,2,,,,
36,928,1,1,1,2,,3,2,1,1,1,0,0,18,2,6,,,2,,1,3,1,1,1,1,0.307,0.496,25,3,4,2,,2,,,
37,928,1,2,1,1,,4,4,1,3,,,,46,3,8,,,2,,1,1,1,1,1,1,0.358,0.579,25,3,5,3,,,1,1,
38,928,1,2,1,2,,2,2,1,1,,,,62,4,3,,,2,,1,1,0,2,2,2,0.712,1.307,29,4,5,2,,1,,,
39,928,1,2,1,1,,2,2,1,1,,,,25,3,6,,,2,,1,1,0,1,1,2,0.623,1.156,26,4,5,1,1,,,,
40,928,1,2,2,3,1,2,2,1,1,,,,71,2,2,,,2,,1,1,0,1,1,3,0.722,1.363,12,2,1,1,1,,,,
41,928,1,2,1,3,2,3,3,2,1,,,,41,2,6,,,2,,2,2,0,2,2,3,1.102,2.468,13,1,3,2,,2,,,
42,928,2,5,1,3,2,5,2,1,1,0,0,3,24,1,3,,,2,,1,1,0,2,1,3,1.016,1.918,12,3,5,3,,,1,7,
43,928,1,2,1,1,,6,2,1,1,0,2,2,26,2,99,9,,2,,1,9,1,2,1,3,0.409,0.771,24,3,1,8,,,,,1
44,928,1,2,1,3,1,2,2,1,1,,,,63,5,4,,,2,,1,2,0,1,2,3,0.497,0.952,21,3,5,2,,2,,,
45,928,2,1,1,3,4,1,,1,0,,,,23,2,1,,,2,,1,3,0,1,2,2,0.439,0.452,26,3,4,8,,,,,3
46,928,2,1,1,1,,2,2,1,1,,,,26,2,5,,,2,,1,3,0,2,2,3,0.466,1.045,37,4,5,1,2,,,,
47,928,2,5,1,2,,3,2,0,2,1,0,0,45,1,1,,,2,,1,8,0,2,2,3,1.091,2.442,37,2,4,2,,8,,,
48,928,2,1,1,1,,2,2,1,1,,,,33,2,3,,,2,,1,3,0,2,1,2,0.847,1.569,17,3,5,2,,2,,,
49,928,1,2,1,3,2,4,2,1,1,0,1,1,36,2,5,,,2,,1,2,0,2,1,2,0.759,1.406,17,3,5,2,,1,,,
50,928,2,1,1,1,,3,2,1,1,0,0,1,23,2,4,,,2,,1,2,0,1,1,2,0.769,1.424,55,3,5,2,,2,,,
51,928,1,2,1,1,,6,3,2,1,3,0,0,40,4,9,,2,2,,2,1,0,1,1,2,1.554,5.761,39,4,5,2,,1,,,
52,928,2,1,2,1,,5,3,2,1,2,0,0,20,3,3,,,2,,1,3,0,1,2,2,0.684,2.514,31,3,1,3,,,1,1,
53,928,1,4,1,2,,1,,0,1,,,,78,3,6,,,2,,1,2,0,2,2,3,1.152,2.226,5,4,5,2,,1,,,
54,928,1,1,2,3,3,5,4,2,2,1,0,0,18,1,7,,,2,,1,3,0,1,2,3,0.595,2.279,21,3,5,1,1,,,,
55,928,1,2,1,3,1,2,2,1,1,,,,77,1,1,,,2,,1,2,0,1,1,1,2.393,3.864,25,2,4,2,,1,,,
56,928,1,4,1,3,1,3,3,2,1,,,,75,1,1,,,2,,1,1,0,2,2,1,1.314,3.385,36,2,3,3,,,2,2,
57,928,1,2,1,1,,3,2,1,1,0,0,1,24,2,6,,,2,,1,3,0,1,2,2,0.406,0.837,39,3,1,3,,,1,7,
58,928,2,1,1,1,,3,3,2,1,,,,23,3,4,,,2,,2,3,0,1,1,1,1.797,6.525,36,2,5,2,,2,,,
59,928,1,2,1,1,,4,3,1,2,1,0,0,36,3,8,,,2,,1,2,1,2,2,3,0.294,1.124,21,2,5,3,,,2,2,
60,928,1,5,1,1,,1,,1,0,,,,30,3,9,,1,2,,1,3,0,1,1,1,0.566,0.457,25,4,5,3,,,1,1,
61,928,2,2,1,1,,4,2,1,1,0,1,1,28,4,9,,1,2,,2,2,0,1,1,1,1.713,3.11,36,1,1,2,,2,,,
62,928,2,2,1,3,5,2,2,1,1,,,,22,2,3,,,2,,5,2,0,2,1,3,1.615,2.683,40,3,4,2,,1,,,
63,928,1,2,1,3,1,2,2,1,1,,,,62,5,6,,,1,1,,2,0,1,1,3,0.986,1.637,48,4,5,9,,,,,9
64,928,1,1,1,1,,1,,0,1,,,,31,3,7,,,2,,1,1,0,2,1,4,1.262,2.386,6,4,5,8,,,,,8
65,928,1,1,1,3,1,2,2,1,1,,,,75,5,5,,,2,,1,1,0,1,1,4,0.745,1.679,8,4,5,3,,,2,1,
66,928,1,5,1,2,,1,,0,1,,,,54,4,1,,,2,,1,3,0,2,1,4,0.753,1.424,6,4,5,3,,,1,2,
67,928,2,5,1,1,,2,2,1,1,,,,34,2,2,,,1,1,,3,0,2,1,4,1.262,2.386,6,3,5,3,,,1,2,
68,928,1,2,1,1,,3,2,1,1,1,0,0,47,3,9,,1,2,,2,3,0,1,1,4,3.534,6.68,6,3,5,3,,,1,1,
69,928,1,2,1,3,2,3,2,1,1,0,1,0,36,2,4,,,2,,1,2,0,2,2,4,0.847,1.466,16,3,5,2,,1,,,
70,928,2,2,1,1,,2,2,1,1,,,,31,2,5,,,2,,1,3,0,1,2,2,0.555,1.02,31,2,1,3,,,2,2,
71,928,1,1,2,1,,3,3,2,1,,,,25,2,6,,,2,,1,1,0,1,1,1,0.498,1.608,25,3,4,1,2,,,,
72,928,1,2,1,2,,2,2,1,1,,,,65,2,4,,,2,,1,3,0,1,2,3,0.412,0.923,45,3,5,1,1,,,,
73,928,1,1,2,2,,3,3,2,1,,,,18,2,98,1,,1,1,,1,0,1,1,3,0.788,2.737,47,1,3,3,,,2,1,
74,928,2,5,1,1,,1,,0,1,,,,63,4,3,,,2,,1,3,0,2,2,2,0.712,1.307,29,4,5,3,,,1,2,
75,928,1,2,2,3,5,2,2,1,1,,,,41,4,6,,,2,,1,3,0,2,2,4,0.585,1.322,6,4,5,1,1,,,,
76,928,1,2,1,1,,3,2,1,1,1,0,0,33,2,99,9,,2,,1,1,0,2,2,3,0.964,1.863,22,3,5,8,,,,,1
77,928,1,5,1,1,,1,,1,0,,,,79,1,2,,,2,,1,2,0,1,1,4,4.467,4.222,6,3,5,2,,1,,,
78,928,1,1,2,2,,4,4,3,1,,,,19,2,7,,,2,,1,2,0,1,1,2,0.769,2.85,17,2,4,8,,,,,1
79,928,2,2,1,1,,6,2,1,1,0,2,2,37,2,8,,,2,,1,3,1,1,1,2,0.361,0.668,55,3,5,2,,2,,,
80,928,1,2,1,1,,3,3,2,1,,,,43,3,8,,,2,,5,3,0,2,2,3,0.418,0.935,37,4,5,2,,2,,,
81,928,1,2,1,1,,5,4,3,1,1,0,0,44,2,8,,,2,,1,2,0,2,1,2,0.759,1.406,17,3,5,2,,2,,,
82,928,1,4,1,1,,1,,1,0,,,,72,3,5,,,2,,1,1,0,1,2,3,0.415,0.464,24,3,5,3,,,2,0,
83,928,1,2,1,1,,3,3,2,1,,,,51,1,3,,,2,,1,1,0,2,1,3,1.91,3.607,24,1,1,1,2,,,,
84,928,1,2,1,3,1,2,2,1,1,,,,66,3,8,,,2,,1,1,0,2,1,1,0.993,1.605,9,4,5,1,1,,,,
85,928,1,5,1,1,,3,2,1,1,1,0,0,37,4,8,,,2,,1,2,0,1,2,4,0.658,1.138,35,3,3,2,,2,,,
86,928,1,2,1,3,1,2,2,1,1,,,,78,2,3,,,2,,1,2,0,1,2,3,1.065,2.058,48,4,5,2,,1,,,
87,928,2,2,1,1,,4,2,1,1,2,0,0,44,4,8,,,2,,1,2,1,1,1,4,0.439,0.829,6,3,5,2,,1,,,
88,928,2,2,1,1,,2,2,1,1,,,,23,4,7,,,2,,1,2,0,2,1,2,1.054,1.951,39,3,5,2,,1,,,
89,928,1,2,1,3,2,4,3,2,1,0,1,0,60,2,98,8,,2,,1,1,0,2,1,3,0.944,1.782,45,4,5,1,1,,,,
90,928,1,2,1,1,,2,2,1,1,,,,30,2,3,,,2,,1,1,0,1,1,3,0.602,1.135,12,2,3,8,,,,,1
91,928,1,2,1,2,,2,2,1,1,,,,66,2,6,,,2,,1,3,0,1,2,1,0.427,0.789,25,4,5,1,1,,,,
92,928,2,2,1,1,,2,2,1,1,,,,40,2,3,,,2,,1,3,0,1,1,2,0.721,1.336,39,1,3,1,2,,,,
94,928,1,2,1,1,,2,2,1,1,,,,52,2,7,,,2,,1,3,0,1,1,1,0.717,1.159,33,3,4,3,,,1,2,
95,928,1,2,1,1,,4,2,1,1,0,2,0,46,5,9,,2,9,,9,2,0,1,1,3,0.774,1.461,24,4,5,2,,1,,,
96,928,2,1,1,3,3,3,1,0,1,0,0,2,24,2,1,,,2,,2,2,0,2,1,2,2.779,2.575,26,4,5,2,,8,,,
97,928,1,1,2,3,3,3,2,0,2,1,0,0,19,3,2,,,2,,1,3,0,2,1,2,1.054,1.951,26,3,5,2,,2,,,
98,928,1,3,1,1,,1,,1,0,,,,68,5,6,,,2,,1,2,1,1,2,4,0.559,0.484,30,3,5,3,,,1,7,
99,928,1,2,1,1,,3,2,1,1,0,1,0,42,2,5,,,2,,1,3,0,1,1,3,0.738,1.282,47,2,1,2,,1,,,
100,928,1,2,1,1,,2,2,1,1,,,,48,6,6,,,2,,1,3,0,2,1,3,0.948,1.574,5,3,5,1,1,,,,
101,928,2,1,1,3,4,3,3,3,0,,,,22,4,3,,,2,,1,3,0,1,1,1,0.614,0.991,25,3,5,2,,2,,,
102,928,1,5,1,1,,5,2,1,1,3,0,0,33,6,6,,,2,,1,1,0,1,2,3,0.343,0.769,37,3,5,1,1,,,,
103,928,2,1,1,1,,2,2,0,2,,,,26,4,7,,,2,,1,3,0,2,1,2,0.692,1.283,17,3,5,3,,,2,2,
104,928,1,2,1,3,1,2,2,1,1,,,,70,3,5,,,2,,1,2,0,1,1,3,0.722,1.363,12,4,5,2,,1,,,
105,928,1,2,1,3,1,2,2,1,1,,,,63,1,1,,,2,,1,2,0,2,1,3,4.02,6.678,48,1,1,2,,1,,,
106,928,1,2,2,1,,2,2,1,1,,,,49,3,5,,,2,,1,1,0,2,2,4,0.582,1.317,41,3,5,1,1,,,,
107,928,1,2,1,1,,2,2,1,1,,,,28,2,5,,,1,1,,2,0,1,1,3,0.956,1.588,48,3,5,8,,,,,2
108,928,2,1,2,3,4,4,4,3,1,,,,26,1,1,,,2,,2,1,0,1,2,3,1.776,6.865,22,4,5,1,1,,,,
109,928,1,2,1,1,,5,2,1,1,0,0,3,37,4,6,,,2,,1,3,0,1,2,2,0.311,0.641,17,3,5,1,2,,,,
110,928,1,1,2,1,,3,3,2,1,,,,19,3,8,,,2,,1,2,0,1,1,4,1.145,4.332,53,2,4,8,,,,,8
111,928,2,1,1,1,,1,,1,0,,,,22,4,5,,,2,,1,3,0,1,2,4,0.858,0.742,16,2,5,3,,,1,1,
112,928,2,2,1,1,,5,2,1,1,2,1,0,37,1,7,,,2,,1,1,0,1,1,4,3.439,6.501,53,4,5,1,1,,,,
113,928,2,2,1,3,2,4,2,1,1,0,0,2,29,2,6,,,2,,1,1,0,2,1,4,1.262,2.386,6,2,3,1,1,,,,
114,928,1,4,1,3,1,1,,0,1,,,,66,4,2,,,2,,1,3,0,2,1,4,1.516,2.865,6,3,5,8,,,,,8
115,928,1,2,1,1,,2,2,1,1,,,,56,5,7,,,2,,1,1,0,2,1,4,0.778,1.756,4,3,5,1,1,,,,
116,928,1,2,1,3,2,3,2,1,1,0,0,1,32,5,6,,,2,,5,3,0,2,1,3,0.667,1.26,24,4,3,1,1,,,,
117,928,1,2,2,2,,2,2,1,1,,,,63,3,99,9,,2,,1,2,0,2,1,3,1.5,2.492,40,4,5,2,,1,,,
118,928,1,2,1,1,,5,4,1,3,1,0,0,49,3,8,,,2,,1,2,0,1,2,3,0.694,1.332,21,3,5,2,,1,,,
119,928,1,1,2,1,,4,3,1,2,1,0,0,21,4,9,,2,1,1,,2,1,2,1,1,0.671,2.434,34,1,1,7,,,,,2
120,928,1,2,1,1,,3,2,1,1,1,0,0,38,1,5,,,2,,1,2,0,1,2,3,1.784,3.42,21,1,3,1,2,,,,
121,928,1,2,1,3,5,3,3,2,1,,,,47,2,4,,,2,,1,3,1,1,1,1,0.358,1.159,25,3,5,8,,,,,1
122,928,1,1,2,1,,4,4,2,2,,,,22,2,9,,2,2,,1,2,1,1,1,2,0.385,1.424,17,3,5,2,,1,,,
123,928,1,2,1,1,,5,2,1,1,1,2,0,34,2,6,,,2,,1,1,0,1,1,2,0.623,1.156,55,1,3,8,,,,,8
124,928,2,5,1,2,,1,,0,1,,,,34,4,7,,,2,,1,2,0,2,1,4,1.032,1.95,6,3,5,2,,2,,,
125,928,1,2,1,1,,4,2,1,1,2,0,0,46,4,8,,,2,,1,2,0,1,2,3,0.836,1.615,22,3,5,1,1,,,,
127,928,1,2,1,3,2,4,2,1,1,0,2,0,35,3,8,,,2,,1,2,0,2,1,2,0.91,1.81,29,4,5,2,,2,,,
128,928,1,2,1,3,1,2,2,1,1,,,,82,3,5,,,2,,1,3,0,2,2,4,1.13,1.956,16,4,5,2,,2,,,
129,928,1,2,1,1,,6,2,1,1,0,3,1,38,3,6,,,2,,1,1,0,1,1,4,0.701,1.583,49,3,5,1,2,,,,
130,928,1,1,2,1,,4,3,2,1,1,0,0,20,3,8,,,2,,1,3,0,1,1,1,0.614,1.982,25,3,5,3,,,1,2,
131,928,1,2,1,1,,4,2,1,1,0,0,2,27,3,3,,,2,,1,3,0,1,1,2,0.748,1.487,29,4,5,3,,,1,2,
132,928,2,2,1,1,,3,3,2,1,,,,49,2,3,,,2,,1,2,0,2,2,2,0.55,1.011,46,3,4,8,,,,,7
133,928,1,2,1,1,,4,2,1,1,2,0,0,45,3,6,,,2,,1,1,0,2,1,3,0.597,1.126,54,4,5,1,1,,,,
134,928,1,2,1,3,2,2,2,1,1,,,,36,2,7,,,2,,1,3,0,2,1,4,1.131,2.137,6,1,1,7,,,,,2
135,928,1,1,1,3,4,1,,1,0,,,,34,4,5,,,2,,1,3,0,1,2,2,0.44,0.453,39,4,5,3,,,2,1,
136,928,1,2,1,1,,8,5,1,4,3,0,0,42,4,99,9,,2,,1,3,0,1,1,3,0.904,1.501,48,3,5,3,,,1,1,
137,928,1,2,1,1,,2,2,1,1,,,,60,3,9,,1,2,,1,1,0,1,1,2,0.786,1.457,26,3,5,3,,,2,1,
138,928,1,4,1,3,1,1,,0,1,,,,68,3,6,,,2,,1,1,0,2,1,4,1.855,3.507,53,3,5,1,2,,,,
139,928,1,2,1,1,,2,2,1,1,,,,33,3,7,,,2,,1,3,0,1,2,1,0.356,0.657,44,3,5,2,,2,,,
140,928,1,5,1,3,1,2,2,1,1,,,,57,4,6,,,2,,1,1,1,2,2,3,0.22,0.493,45,3,4,1,2,,,,
141,928,1,1,1,1,,2,1,1,0,1,0,0,39,3,6,,,2,,1,1,0,1,2,4,0.804,0.696,16,3,5,1,1,,,,
142,928,1,5,1,1,,3,2,0,2,1,0,0,47,4,6,,,2,,1,2,0,2,1,3,0.488,0.921,24,2,5,3,,,1,2,
143,928,1,2,1,1,,2,2,1,1,,,,53,2,5,,,2,,1,2,0,1,2,3,0.694,1.332,21,4,5,8,,,,,2
144,928,2,5,1,3,4,1,,0,1,,,,41,2,2,,,2,,1,1,0,2,1,1,0.967,1.754,42,2,4,1,2,,,,
145,928,2,2,1,1,,2,2,1,1,,,,33,2,8,,,2,,1,1,0,1,1,1,0.794,1.442,36,3,5,1,2,,,,
146,928,2,1,1,1,,2,2,1,1,,,,27,5,8,,,2,,2,3,0,1,1,2,1.345,2.492,39,3,5,3,,,1,1,
147,928,2,2,1,1,,2,2,1,1,,,,59,2,4,,,2,,1,3,0,2,1,1,0.781,1.261,25,1,1,1,1,,,,
148,928,2,5,1,3,1,1,,0,1,,,,56,3,3,,,2,,2,3,0,2,1,2,3.098,6.157,29,4,5,2,,1,,,
149,928,1,2,1,1,,3,2,1,1,1,0,0,44,3,9,,2,2,,1,2,1,2,2,3,0.431,0.835,48,3,5,8,,,,,8
150,928,1,2,1,1,,5,5,3,2,,,,51,2,7,,,2,,1,0,0,2,1,1,0.494,1.594,9,3,5,1,1,,,,
151,928,2,1,1,1,,1,,1,0,,,,27,6,2,,,2,,1,3,0,1,1,1,0.794,0.721,34,3,5,1,1,,,,
152,928,1,1,2,1,,3,3,2,1,,,,40,2,4,,,2,,1,2,0,1,1,4,0.701,3.165,4,2,1,2,,1,,,
153,928,1,4,1,2,,1,,0,1,,,,61,3,2,,,2,,1,2,0,2,1,2,0.978,1.813,18,4,5,2,,1,,,
154,928,2,1,1,2,,1,,1,0,,,,61,1,1,,,2,,1,1,0,1,1,4,2.45,2.765,8,4,5,1,1,,,,
155,928,1,2,1,1,,5,4,2,2,0,1,0,23,4,9,,2,2,,1,3,0,1,2,3,0.423,1.896,54,3,5,3,,,1,0,
156,928,1,2,1,3,2,2,2,1,1,,,,54,3,7,,,2,,1,2,0,2,1,3,0.634,1.1,1,1,4,2,,2,,,
157,928,1,2,1,1,,5,2,1,1,0,3,0,37,3,6,,,2,,1,1,0,2,1,4,1.131,2.137,6,2,5,1,1,,,,
158,928,2,2,1,1,,3,2,1,1,0,0,1,41,3,6,,,2,,1,1,0,1,2,2,0.382,0.785,17,3,5,1,2,,,,
159,928,1,2,1,1,,4,2,1,1,0,2,0,31,2,7,,,2,,1,1,0,1,1,3,0.956,1.588,22,3,5,3,,,1,1,
160,928,1,2,1,1,,4,3,1,2,1,0,0,47,5,9,,1,2,,1,2,4,1,1,1,0.468,0.849,34,4,5,2,,1,,,
161,928,1,2,1,1,,2,2,1,1,,,,51,3,4,,,2,,1,2,0,2,2,2,0.55,1.011,29,2,5,2,,1,,,
163,928,2,1,2,2,,3,3,2,1,,,,19,3,6,,,2,,1,1,0,1,2,2,0.684,2.514,27,3,4,1,2,,,,
164,928,1,1,1,1,,6,6,6,0,,,,45,2,6,,,2,,1,3,1,1,1,4,0.669,1.265,53,4,5,3,,,1,7,
165,928,1,2,1,3,1,2,2,1,1,,,,69,2,5,,,2,,1,1,0,1,1,4,1.116,2.11,6,1,5,1,2,,,,
166,928,1,5,1,2,,2,2,1,1,,,,30,3,6,,,2,,1,3,0,1,1,1,0.794,1.442,42,3,3,3,,,2,7,
167,928,2,2,1,1,,4,2,1,1,1,1,0,47,5,9,,1,2,,1,1,4,1,1,1,0.468,0.849,34,4,5,1,2,,,,
168,928,1,5,1,1,,2,1,0,1,0,1,0,49,3,3,,,2,,2,3,0,2,2,3,0.898,1.006,45,1,5,2,,2,,,
169,928,1,2,1,3,4,6,6,3,3,,,,38,3,9,,2,2,,1,1,1,2,1,1,0.483,1.754,34,3,5,3,,,1,7,
170,928,2,4,1,3,5,1,,0,1,,,,62,2,3,,,2,,1,1,0,2,1,2,0.978,1.813,39,2,4,8,,,,,1
171,928,2,1,1,1,,2,1,0,1,1,0,0,41,1,2,,,2,,1,3,1,2,2,3,0.668,0.749,24,2,1,2,,1,,,
172,928,2,2,1,3,1,2,2,1,1,,,,65,3,5,,,2,,1,1,0,1,1,3,0.767,1.333,47,3,5,3,,,1,1,
173,928,1,2,1,1,,5,2,1,1,0,2,1,37,2,7,,,1,9,,3,0,1,1,4,1.173,2.217,6,3,2,3,,,2,7,
174,928,2,1,1,3,5,3,2,1,1,0,1,0,38,5,2,,,2,,1,3,0,2,1,2,0.744,1.479,27,4,5,3,,,1,7,
175,928,1,2,1,1,,2,2,1,1,,,,52,4,6,,,2,,1,1,0,1,1,2,0.734,1.361,17,4,2,3,,,1,1,
176,928,1,1,2,1,,8,5,2,3,4,4,0,18,1,9,,2,2,,2,3,0,2,2,1,1.127,5.805,36,1,3,1,2,,,,
177,928,1,2,1,1,,2,2,1,1,,,,39,3,6,,,2,,1,1,0,1,1,3,0.695,1.312,37,2,5,1,2,,,,
178,928,2,2,1,3,2,3,2,1,1,0,1,0,26,2,2,,,2,,1,1,0,2,1,3,0.817,1.542,13,2,5,3,,,1,7,
179,928,1,2,1,1,,3,2,1,1,0,0,1,30,5,9,,2,2,,1,2,0,1,1,1,0.649,1.178,42,3,5,3,,,1,2,
180,928,2,3,1,2,,4,1,0,1,2,0,1,32,2,1,,,1,1,,3,0,2,1,3,0.817,0.771,12,3,3,3,,,2,2,
181,928,1,2,1,2,,2,2,1,1,,,,69,3,3,,,1,1,,1,0,1,1,3,0.722,1.363,12,3,4,1,1,,,,
182,928,2,3,1,1,,2,1,0,1,0,0,1,24,4,3,,,1,2,,2,0,2,1,4,2.704,3.051,49,4,5,3,,,1,2,
183,928,1,1,2,1,,6,5,2,3,0,1,0,24,2,9,,2,2,,1,1,0,2,1,1,1.342,4.87,42,3,5,2,,2,,,
184,928,1,5,1,1,,2,2,1,1,,,,50,5,9,,1,2,,1,3,2,1,1,1,0.468,0.849,42,3,5,0,,,,,3
185,928,1,4,1,1,,1,,0,1,,,,91,4,3,,,2,,1,2,0,2,1,3,0.798,1.507,12,3,4,3,,,1,1,
186,928,1,2,1,1,,4,2,1,1,2,0,0,51,2,4,,,2,,1,1,0,1,2,3,0.694,1.332,21,2,5,8,,,,,8
187,928,2,1,1,1,,1,,1,0,,,,58,3,99,9,,9,,9,3,0,1,1,1,1.094,0.992,36,3,5,9,,,,,8
188,928,1,2,1,2,,4,2,1,1,0,0,2,36,4,8,,,2,,1,2,0,2,1,1,0.495,0.799,9,3,5,2,,2,,,
189,928,2,1,1,1,,1,,0,1,,,,27,5,6,,,2,,1,3,0,2,1,3,0.667,1.26,24,2,3,3,,,2,1,
190,928,1,2,1,1,,2,2,1,1,,,,53,3,8,,,2,,1,3,0,1,2,2,0.8,1.469,29,4,5,2,,2,,,
191,928,1,2,1,1,,3,3,2,1,,,,99,5,99,9,,2,,1,3,1,1,1,1,0.603,2.191,34,4,5,3,,,1,2,
192,928,2,1,1,1,,1,,1,0,,,,33,6,6,,,2,,1,3,0,1,1,4,0.929,0.878,6,2,1,3,,,2,2,
193,928,1,2,1,1,,4,2,1,1,1,1,0,38,6,4,,,2,,1,2,0,1,1,2,0.864,1.719,27,1,3,3,,,2,1,
194,928,2,2,1,3,1,2,2,1,1,,,,73,3,4,,,2,,1,9,0,1,1,3,0.722,1.363,12,4,5,9,,,,,9
195,928,1,2,1,1,,3,1,1,0,2,0,0,40,2,4,,,2,,1,3,0,1,2,3,0.419,0.469,37,4,5,3,,,1,7,
196,928,1,4,1,3,1,1,,0,1,,,,70,2,3,,,2,,1,1,0,2,1,4,1.211,2.734,4,3,5,1,1,,,,
197,928,2,2,1,1,,2,2,1,1,,,,49,4,7,,,2,,1,3,0,2,1,4,0.753,1.424,6,4,4,3,,,1,7,
198,928,1,2,1,1,,4,2,1,1,0,1,1,37,2,3,,,2,,1,3,0,2,2,3,0.418,0.935,54,3,5,2,,2,,,
199,928,1,4,1,3,1,1,,0,1,,,,65,3,4,,,2,,1,2,0,2,2,2,1.108,2.035,27,2,5,8,,,,,8
200,928,1,2,1,1,,4,2,1,1,1,1,0,31,2,7,,,2,,1,1,3,1,1,3,0.319,0.555,1,4,5,1,1,,,,
201,928,2,1,1,1,,1,,1,0,,,,26,3,6,,,2,,1,2,0,1,1,2,0.748,0.744,19,1,1,3,,,2,2,
202,928,1,2,1,2,,2,2,1,1,,,,52,2,7,,,2,,1,3,0,2,2,3,0.477,0.916,1,3,5,3,,,1,8,
203,928,1,2,1,3,1,2,2,1,1,,,,62,3,6,,,2,,1,1,0,2,1,3,1.002,1.741,1,4,5,1,1,,,,
204,928,2,2,1,1,,4,2,1,1,0,0,2,43,2,8,,,2,,1,2,0,1,2,3,0.396,0.889,54,3,5,2,,2,,,
205,928,1,4,1,3,1,1,,0,1,,,,82,2,98,8,,2,,1,1,0,2,1,2,1.214,2.413,19,2,4,1,2,,,,
206,928,2,1,1,1,,3,3,2,1,,,,42,2,3,,,2,,1,1,0,1,1,2,0.721,2.671,55,1,3,1,1,,,,
207,928,1,2,1,1,,2,2,1,1,,,,55,2,9,,2,2,,1,3,0,2,1,2,0.978,1.813,17,2,5,8,,,,,8
208,928,2,2,1,3,2,5,2,1,1,0,2,1,27,1,5,,,2,,1,3,0,2,1,2,3.228,6.417,19,1,1,0,,,,,1
209,928,2,1,1,1,,8,3,0,3,2,3,0,41,2,2,,,1,9,,2,2,2,1,4,0.618,1.167,6,2,5,2,,1,,,
210,928,2,2,1,3,1,3,2,1,1,1,0,0,49,2,6,,,2,,1,2,0,2,2,3,0.477,0.916,21,4,5,3,,,1,2,
211,928,1,2,1,1,,3,2,1,1,0,0,1,32,3,8,,,2,,1,2,0,1,1,2,0.623,1.156,26,3,5,9,,,,,3
212,928,1,2,1,3,1,2,2,1,1,,,,63,6,99,9,,2,,1,2,0,1,1,1,1.002,1.818,42,4,5,8,,,,,8
213,928,1,4,1,1,,1,,0,1,,,,58,2,4,,,2,,1,2,0,2,2,3,1.113,2.152,48,3,5,2,,1,,,
214,928,2,3,1,1,,2,2,1,1,,,,24,3,7,,,2,,5,2,0,1,1,2,0.923,1.834,27,3,4,3,,,2,0,
215,928,1,2,2,1,,5,4,3,1,1,0,0,47,2,4,,,2,,2,2,0,2,1,3,1.574,2.972,45,3,5,8,,,,,2
216,928,1,2,1,3,1,2,2,1,1,,,,76,2,98,2,,2,,1,2,0,2,1,3,1.552,2.578,48,4,5,2,,1,,,
217,928,1,2,1,1,,4,2,1,1,1,1,0,39,3,6,,,2,,1,3,0,1,1,3,0.738,1.282,28,4,5,1,2,,,,
218,928,1,2,1,1,,6,2,1,1,2,1,1,32,2,8,,,2,,2,2,1,1,1,2,0.823,1.525,55,1,1,8,,,,,3
219,928,1,5,1,2,,2,1,0,1,0,1,0,46,3,1,,,2,,1,3,0,2,1,1,0.788,0.715,34,2,5,1,1,,,,
220,928,1,2,1,1,,3,2,1,1,1,0,0,58,4,6,,,2,,1,3,3,1,1,2,0.386,0.766,27,3,5,1,2,,,,
221,928,1,1,2,1,,3,3,2,1,,,,31,2,7,,,2,,1,1,0,1,1,2,0.748,2.974,27,3,5,1,1,,,,
222,928,2,2,1,1,,2,2,1,1,,,,21,4,7,,,2,,1,3,0,2,2,3,1.198,2.316,48,3,5,2,,2,,,
223,928,1,2,1,1,,3,2,1,1,0,0,1,27,4,8,,,2,,1,2,0,1,2,2,0.454,0.833,27,2,5,2,,2,,,
224,928,1,2,1,1,,2,2,1,1,,,,28,2,6,,,2,,1,1,0,1,1,3,0.639,1.11,28,2,5,1,2,,,,
225,928,2,5,1,1,,1,,0,1,,,,30,4,6,,,2,,1,3,0,2,1,3,0.709,1.232,47,3,5,1,2,,,,
226,928,1,5,1,1,,2,1,0,1,1,0,0,37,5,5,,,2,,1,3,0,2,1,3,0.951,0.79,48,4,5,9,,,,,9
227,928,2,2,1,1,,3,2,1,1,0,0,1,21,1,2,,,2,,1,2,0,1,2,3,0.875,1.691,22,3,4,3,,,1,1,
228,928,2,1,2,2,,4,4,0,4,,,,18,3,1,,,2,,1,2,0,2,1,2,1.054,1.951,17,3,5,2,,1,,,
229,928,1,2,1,1,,5,4,2,2,0,1,0,41,2,8,,,2,,1,2,0,2,2,2,0.675,2.481,27,1,5,1,2,,,,
230,928,1,2,1,1,,3,2,1,1,0,0,1,25,3,7,,,2,,1,1,0,1,1,2,0.623,1.156,17,2,5,1,1,,,,
231,928,2,2,1,1,,3,2,1,1,0,0,1,31,2,5,,,2,,1,1,0,1,1,3,0.956,1.588,22,3,5,1,1,,,,
232,928,1,1,1,1,,1,,1,0,,,,29,3,6,,,2,,1,1,0,1,1,3,0.956,0.794,48,4,5,3,,,1,1,
233,928,1,1,1,1,,2,2,1,1,,,,34,4,7,,,2,,1,2,0,1,1,4,0.76,1.436,6,4,5,2,,1,,,
234,928,1,2,1,1,,3,2,1,1,1,0,0,37,3,6,,,2,,1,3,1,2,2,2,0.338,0.621,38,2,4,3,,,1,8,
235,928,2,2,1,3,4,2,2,1,1,,,,28,5,8,,,2,,1,2,0,2,1,3,1.062,1.763,48,2,5,2,,2,,,
236,928,2,2,1,1,,2,2,1,1,,,,21,3,2,,,2,,1,3,0,2,2,2,0.938,1.722,38,2,1,1,1,,,,
237,928,1,2,1,1,,3,2,1,1,1,0,0,41,2,8,,,2,,1,2,0,1,1,3,0.738,1.282,47,4,5,2,,1,,,
238,928,1,2,1,1,,6,4,2,2,2,0,0,48,5,8,,,2,,1,3,0,1,1,4,1.095,4.138,6,3,5,3,,,1,1,
239,928,1,2,1,1,,3,3,1,2,,,,48,2,7,,,2,,1,2,0,2,2,3,0.477,1.832,1,4,5,2,,1,,,
240,928,2,2,1,2,,4,2,1,1,2,0,0,49,3,8,,,2,,1,2,0,2,2,4,0.691,1.195,35,3,4,8,,,,,8
241,928,1,2,1,1,,6,2,1,1,1,0,3,38,2,6,,,2,,1,3,0,1,1,2,0.864,1.719,20,3,4,2,,2,,,
242,928,1,5,1,1,,3,3,1,2,,,,44,3,6,,,2,,1,1,0,2,1,3,1.163,3.865,48,2,5,1,2,,,,
243,928,1,2,1,1,,3,2,1,1,0,0,1,27,5,7,,,2,,1,2,0,2,1,2,0.831,1.651,29,3,5,8,,,,,2
244,928,2,2,1,1,,2,2,1,1,,,,27,4,7,,,2,,1,2,0,1,1,4,0.496,1.12,49,4,5,2,,1,,,
245,928,1,2,1,1,,4,2,1,1,0,2,0,37,2,8,,,2,,1,1,0,1,1,4,1.074,2.031,41,3,5,1,1,,,,
246,928,1,2,1,3,1,2,2,1,1,,,,64,2,5,,,1,1,,2,0,2,2,4,1.093,1.89,4,4,5,2,,1,,,
247,928,1,2,1,1,,4,2,1,1,0,0,2,34,4,8,,,2,,1,1,0,1,1,2,0.509,0.944,55,4,5,1,2,,,,
248,928,2,1,1,1,,1,,1,0,,,,55,6,7,,,2,,1,3,0,1,1,4,1.172,1.108,6,1,8,7,,,,,7
249,928,1,2,1,1,,3,3,2,1,,,,50,2,98,1,,2,,1,3,0,2,1,4,0.921,1.742,6,2,5,1,2,,,,
250,928,1,2,1,3,1,2,2,1,1,,,,72,4,9,,1,2,,1,2,0,1,2,2,0.545,1.001,29,4,5,2,,1,,,
251,928,1,2,1,1,,2,2,1,1,,,,74,2,5,,,2,,1,1,0,1,2,2,0.666,1.224,38,3,4,1,2,,,,
252,928,1,1,1,1,,1,,1,0,,,,32,4,7,,,2,,1,1,0,1,1,4,0.76,0.719,6,3,1,3,,,2,2,
253,928,2,2,1,1,,4,2,1,1,1,1,0,51,2,6,,,2,,1,3,0,1,1,4,1.339,2.532,53,3,4,3,,,2,2,
254,928,2,1,1,3,4,1,,1,0,,,,43,2,98,2,,2,,1,3,0,1,1,4,0.701,0.791,32,2,3,2,,1,,,
255,928,1,5,1,1,,2,2,1,1,,,,24,2,4,,,2,,1,1,0,2,1,3,1.078,1.874,1,1,4,1,1,,,,
256,928,2,2,2,1,,4,2,1,1,0,1,1,24,6,4,,,2,,2,2,0,2,2,3,1.53,3.427,37,1,1,8,,,,,2
257,928,1,2,1,3,1,3,3,2,1,,,,67,4,7,,,2,,1,1,0,1,1,1,0.489,1.578,23,3,5,1,1,,,,
258,928,1,2,1,3,2,4,2,1,1,0,0,2,25,4,2,,,2,,1,1,1,2,2,1,0.175,0.452,42,2,3,1,1,,,,
259,928,2,2,1,3,2,4,3,1,2,0,0,1,30,4,6,,,2,,1,2,0,2,1,1,0.882,3.2,42,3,3,8,,,,,2
260,928,1,2,1,3,2,4,2,1,1,1,1,0,37,3,7,,,1,1,,3,0,2,1,3,1.163,1.932,48,3,3,3,,,1,2,
261,928,1,4,1,3,1,1,,0,1,,,,69,3,2,,,2,,1,1,0,2,2,2,1.108,2.035,38,3,4,1,2,,,,
262,928,1,5,1,3,2,3,1,0,1,2,0,0,33,1,1,,,2,,1,2,0,2,1,3,2.778,2.413,47,1,4,8,,,,,1
263,928,1,4,1,3,4,1,,0,1,,,,52,3,3,,,2,,1,3,0,2,1,4,0.601,1.358,8,2,5,3,,,2,8,
264,928,1,2,1,2,,4,2,1,1,2,0,0,37,2,4,,,2,,1,2,0,2,1,4,0.738,1.666,49,2,5,3,,,1,2,
265,928,2,5,1,1,,4,1,1,0,1,2,0,33,4,7,,,2,,1,1,0,1,2,2,0.44,0.453,17,3,5,1,1,,,,
266,928,1,2,1,1,,4,3,2,1,1,0,0,44,3,8,,,2,,1,3,0,1,1,2,0.721,2.671,17,3,4,3,,,2,0,
267,928,2,1,1,1,,2,2,1,1,,,,21,2,6,,,2,,1,3,0,2,1,1,0.84,1.358,25,3,3,3,,,1,2,
268,928,1,1,1,1,,1,,1,0,,,,28,2,4,,,2,,1,1,0,1,2,1,0.355,0.457,42,2,4,8,,,,,1
269,928,1,2,1,2,,5,4,3,1,1,0,0,45,4,9,,1,2,,1,1,0,2,1,2,0.607,1.205,27,3,5,8,,,,,3
270,928,1,2,2,2,,4,2,1,1,1,1,0,39,2,6,,,2,,1,3,1,2,1,1,0.303,0.49,25,2,4,8,,,,,3
271,928,1,2,1,3,1,2,2,1,1,,,,62,2,5,,,2,,1,2,0,2,1,3,0.944,1.782,54,3,5,2,,2,,,
272,928,1,4,1,3,1,1,,0,1,,,,81,6,2,,,2,,1,2,0,2,2,3,1.152,2.226,48,2,4,9,,,,,9
274,928,1,2,1,3,4,4,2,1,1,1,1,0,50,4,5,,,2,,1,1,0,2,2,3,0.278,0.623,54,3,5,1,1,,,,
275,928,1,2,1,3,1,2,2,1,1,,,,62,2,6,,,2,,1,3,0,1,2,4,0.878,1.52,4,3,5,3,,,1,1,
276,928,1,2,1,1,,2,2,1,1,,,,62,5,9,,2,2,,1,2,0,1,1,1,0.819,1.486,42,4,5,2,,1,,,
277,928,2,1,1,1,,2,2,1,1,,,,38,5,8,,,2,,1,1,0,2,1,4,0.603,1.362,32,3,5,1,1,,,,
278,928,1,2,1,3,1,2,2,1,1,,,,60,2,5,,,2,,1,2,0,2,2,4,0.922,2.085,6,3,5,2,,1,,,
279,928,1,2,1,3,1,2,2,1,1,,,,62,2,99,9,,2,,1,3,0,2,1,3,0.944,1.782,12,2,5,8,,,,,3
280,928,2,5,1,3,5,3,2,0,2,0,1,0,40,3,1,,,2,,1,2,0,2,1,4,1.131,2.137,6,2,2,2,,2,,,
281,928,1,2,1,3,1,2,2,1,1,,,,75,1,1,,,2,,1,8,0,1,2,2,2.668,4.901,29,2,3,1,1,,,,
282,928,1,2,1,2,,4,4,3,1,,,,59,2,1,,,2,,1,1,0,2,1,3,1.002,1.741,47,4,5,2,,2,,,
283,928,1,2,1,3,1,2,2,1,1,,,,67,4,5,,,2,,1,8,0,1,2,3,0.337,0.754,12,4,5,1,8,,,,
284,928,1,2,1,1,,2,2,1,1,,,,41,5,8,,,2,,1,3,0,1,1,3,0.568,1.073,51,4,5,2,,2,,,
285,928,1,1,1,3,1,1,,0,1,,,,65,2,1,,,2,,1,2,0,2,2,3,0.685,1.535,54,3,5,2,,2,,,
286,928,1,2,1,3,5,2,2,1,1,,,,46,4,7,,,2,,1,1,1,1,1,1,0.293,0.473,9,2,5,1,1,,,,
287,928,1,1,2,1,,3,3,2,1,,,,25,2,3,,,2,,1,3,0,1,1,3,0.602,2.272,54,3,5,8,,,,,3
288,928,1,4,1,1,,1,,0,1,,,,74,1,2,,,2,,1,2,0,2,1,3,3.524,6.654,12,3,5,2,,1,,,
289,928,1,2,1,3,1,2,2,1,1,,,,79,1,99,9,,2,,1,1,0,2,2,2,1.715,3.527,55,4,5,1,1,,,,
290,928,2,2,1,1,,2,2,1,1,,,,58,2,3,,,2,,1,1,0,2,1,2,0.978,1.813,39,1,5,1,1,,,,
291,928,2,1,1,2,,1,,1,0,,,,36,3,5,,,2,,1,2,0,1,1,3,1.105,0.918,22,4,5,2,,1,,,
292,928,1,2,1,3,2,2,2,1,1,,,,69,1,2,,,2,,1,1,0,2,2,2,2.109,4.339,17,2,4,1,2,,,,
293,928,2,2,1,3,1,3,3,1,2,,,,61,2,99,9,,2,,1,3,0,1,2,2,0.7,1.286,29,4,5,3,,,2,2,
294,928,1,2,1,1,,4,2,1,1,0,2,0,35,2,8,,,2,,1,3,0,2,2,3,0.586,1.124,1,3,5,2,,2,,,
295,928,1,2,1,2,,4,2,1,1,0,1,1,41,3,6,,,2,,1,1,0,2,1,2,0.759,1.406,26,3,5,1,1,,,,
296,928,1,2,1,3,1,4,4,3,1,,,,45,4,9,,2,2,,1,1,0,2,1,3,0.518,0.899,47,4,5,3,,,1,2,
297,928,1,5,2,2,,6,3,2,1,0,0,3,30,4,7,,,2,,1,1,0,2,1,3,0.667,1.26,13,3,4,3,,,1,2,
298,928,2,2,1,3,2,3,2,1,1,0,0,1,24,6,4,,,2,,5,1,0,2,2,2,0.557,1.146,17,3,1,8,,,,,1
299,928,2,2,1,1,,3,2,1,1,1,0,0,48,1,4,,,2,,2,2,0,2,1,3,3.641,6.875,37,2,3,1,2,,,,
300,928,1,1,2,3,3,3,3,1,2,,,,18,2,1,,,2,,1,1,0,2,2,3,0.814,3.122,28,3,5,3,,,1,1,
301,928,1,2,1,1,,4,2,1,1,0,0,2,39,4,99,1,,2,,1,1,1,1,1,2,0.294,0.546,17,3,4,3,,,1,1,
302,928,2,1,1,1,,1,,1,0,,,,21,2,5,,,2,,1,3,0,1,1,1,0.614,0.496,23,4,5,2,,2,,,
303,928,2,5,2,3,4,5,3,0,3,0,0,2,49,2,3,,,2,,2,2,0,2,1,2,1.632,3.024,17,2,5,2,,1,,,
304,928,2,1,1,1,,1,,0,1,,,,62,5,6,,,2,,1,2,0,2,1,4,1.192,2.252,6,4,5,2,,1,,,
305,928,1,2,1,3,2,4,2,1,1,2,0,0,51,3,8,,,2,,1,1,1,2,1,4,0.461,0.871,6,3,5,3,,,2,1,
306,928,1,1,1,3,4,3,1,0,1,0,0,2,29,2,5,,,2,,1,2,0,2,1,1,1.078,0.979,36,3,3,2,,1,,,
307,928,1,1,1,1,,1,,1,0,,,,32,4,7,,,2,,1,1,0,1,1,3,0.539,0.468,47,4,5,3,,,1,1,
308,928,1,1,2,1,,4,4,1,3,,,,24,2,7,,,2,,1,2,0,2,1,1,0.84,2.716,25,3,5,1,2,,,,
309,928,1,2,1,1,,2,1,0,1,1,0,0,32,3,9,,2,2,,1,3,1,2,2,2,0.49,0.45,38,3,3,3,,,1,2,
310,928,1,2,1,1,,2,2,1,1,,,,41,2,8,,,2,,1,2,1,1,2,3,0.209,0.469,37,3,5,1,2,,,,
311,928,1,2,1,3,1,3,3,2,1,,,,68,1,1,,,2,,1,1,0,1,2,1,0.973,5.009,36,3,5,8,,,,,8
312,928,1,2,1,3,2,4,2,1,1,0,0,2,27,2,2,,,2,,1,3,0,2,2,3,0.964,1.863,48,3,3,2,,2,,,
313,928,1,2,1,3,1,2,2,1,1,,,,62,4,8,,,1,1,,2,0,1,1,3,0.986,1.637,48,4,5,2,,1,,,
314,928,1,2,1,1,,4,2,1,1,1,1,0,41,1,6,,,2,,1,2,0,2,1,3,2.344,4.426,24,1,1,1,1,,,,
315,928,1,2,2,1,,2,2,1,1,,,,32,2,8,,,2,,1,1,0,2,1,3,0.817,1.542,45,3,5,3,,,1,1,
316,928,1,2,1,3,2,2,2,1,1,,,,28,2,5,,,1,1,,3,0,2,1,2,0.847,1.569,39,3,5,3,,,1,1,
317,928,1,2,1,1,,4,2,1,1,0,0,2,29,3,7,,,2,,1,1,0,2,1,1,0.676,1.092,33,1,5,1,1,,,,
318,928,1,1,1,1,,3,2,1,1,1,0,0,18,1,5,,,2,,1,1,0,1,1,1,0.614,0.991,25,4,5,2,,1,,,
319,928,1,2,1,1,,4,2,1,1,1,1,0,40,2,6,,,2,,1,3,0,1,1,2,0.721,1.336,26,3,5,3,,,1,0,
320,928,1,2,1,1,,2,2,1,1,,,,47,2,8,,,2,,1,2,0,1,2,2,0.476,0.978,39,3,5,2,,2,,,
321,928,1,2,1,3,1,3,3,2,1,,,,64,4,8,,,2,,2,2,0,1,1,1,1.793,6.511,42,3,5,2,,1,,,
322,928,2,2,1,1,,4,2,1,1,0,1,1,36,2,6,,,2,,1,2,0,1,1,1,0.918,1.666,36,4,5,2,,1,,,
323,928,1,2,1,1,,3,2,1,1,0,1,0,52,2,8,,,2,,1,2,0,2,1,3,0.597,1.126,24,1,4,2,,2,,,
324,928,2,1,1,1,,2,2,1,1,,,,30,6,8,,,2,,1,3,0,1,2,2,0.555,1.02,27,2,4,3,,,1,2,
325,928,1,2,2,1,,2,2,1,1,,,,31,5,9,,1,2,,1,2,0,1,1,1,0.406,0.657,9,4,5,2,,1,,,
326,928,1,2,1,1,,6,4,2,2,1,1,0,43,4,8,,,2,,1,1,1,1,1,3,0.452,1.501,48,4,5,1,1,,,,
327,928,2,5,9,3,4,3,1,0,1,2,0,0,40,2,1,,,2,,1,9,0,2,1,1,0.605,0.49,25,1,1,2,,2,,,
328,928,1,5,1,1,,2,2,0,2,,,,54,6,6,,,2,,1,1,0,2,1,1,0.788,1.43,36,2,5,9,,,,,9
329,928,1,2,1,2,,5,2,1,1,0,1,2,99,3,6,,,2,,1,1,0,2,1,2,1.102,2.042,26,3,5,8,,,,,2
330,928,1,4,1,3,1,1,,0,1,,,,77,4,6,,,2,,1,1,0,2,1,3,1.268,2.106,48,4,5,1,1,,,,
331,928,2,2,1,1,,4,4,1,3,,,,65,5,6,,,2,,1,2,1,1,1,1,0.279,0.451,9,3,5,2,,1,,,
332,928,1,1,2,1,,5,4,3,1,1,0,0,20,3,5,,,2,,1,1,0,1,2,2,0.684,2.514,27,2,4,1,1,,,,
333,928,1,1,2,3,4,3,3,2,1,,,,18,2,5,,,2,,1,2,0,1,1,3,0.741,2.8,12,3,4,2,,1,,,
334,928,1,1,1,1,,3,2,1,1,1,0,0,42,2,4,,,2,,1,1,0,2,1,2,0.759,1.406,55,3,5,1,1,,,,
335,928,1,2,1,1,,2,2,1,1,,,,27,2,7,,,2,,1,3,0,1,1,2,0.748,1.487,27,4,5,8,,,,,8
336,928,1,3,1,1,,2,2,1,1,,,,49,2,2,,,2,,1,2,0,2,2,3,0.703,1.36,22,3,5,2,,1,,,
337,928,2,1,2,1,,2,2,0,2,,,,27,4,8,,,2,,2,2,1,2,1,2,0.913,1.692,26,3,5,2,,2,,,
338,928,1,2,1,1,,4,2,1,1,2,0,0,37,2,5,,,2,,1,1,1,1,2,2,0.32,0.589,29,1,4,1,2,,,,
339,928,1,2,1,1,,3,2,1,1,1,0,0,35,2,7,,,2,,1,2,0,1,1,3,0.695,1.312,37,3,5,2,,2,,,
340,928,1,1,1,1,,1,,1,0,,,,40,5,9,,2,2,,1,3,0,1,1,1,0.75,0.68,42,4,5,3,,,1,7,
341,928,1,2,1,1,,6,3,1,2,1,1,1,43,5,7,,,2,,2,2,1,1,1,3,0.796,1.383,1,2,5,2,,1,,,
342,928,2,1,1,1,,4,4,3,1,,,,26,1,6,,,2,,1,3,0,1,1,3,1.772,6.693,37,4,5,0,,,,,0
343,928,1,1,2,2,,4,4,2,2,,,,24,5,9,,1,2,,1,2,1,1,1,1,0.49,1.777,34,4,1,2,,1,,,
344,928,2,1,1,1,,2,2,2,0,,,,29,1,3,,,2,,1,1,0,1,1,3,2.045,3.555,47,3,1,1,1,,,,
345,928,1,4,1,3,1,1,,0,1,,,,79,3,99,9,,2,,1,2,0,2,1,1,1.289,2.34,42,1,5,2,,1,,,
346,928,2,2,1,2,,3,3,1,2,,,,42,2,6,,,2,,1,1,0,2,1,1,0.967,3.508,42,2,5,1,1,,,,
347,928,1,5,2,2,,2,2,0,2,,,,33,4,7,,,2,,1,3,0,2,2,2,0.366,0.753,18,2,5,8,,,,,8
348,928,1,2,1,1,,4,3,1,2,0,0,1,59,2,4,,,2,,1,3,0,2,2,2,0.871,3.2,29,4,5,3,,,1,7,
349,928,1,2,1,1,,3,2,1,1,0,0,1,32,4,7,,,2,,1,1,0,2,1,3,0.667,1.26,37,2,5,1,2,,,,
350,928,2,1,1,1,,2,2,0,2,,,,22,1,2,,,2,,1,3,0,2,1,3,1.016,1.918,45,2,3,3,,,1,1,
351,928,1,2,1,1,,4,2,1,1,0,2,0,35,6,7,,,2,,1,1,1,1,1,1,0.459,0.833,42,3,5,2,,1,,,
352,928,2,1,1,3,4,1,,0,1,,,,99,2,1,,,2,,1,2,0,2,1,1,1.404,2.548,42,2,4,2,,1,,,
353,928,2,1,2,1,,3,3,0,3,,,,21,3,2,,,2,,1,1,0,2,1,1,0.84,1.358,9,4,5,1,1,,,,
354,928,1,2,1,1,,3,2,1,1,0,0,1,34,4,6,,,2,,1,1,0,1,2,2,0.27,0.555,18,4,5,1,1,,,,
355,928,1,2,1,1,,4,3,1,2,1,0,0,49,4,9,,1,2,,1,1,0,1,1,2,0.734,1.361,39,2,5,3,,,2,1,
356,928,2,1,1,1,,1,,0,1,,,,23,4,2,,,2,,1,3,0,2,1,3,1.016,1.918,37,1,1,8,,,,,8
357,928,1,5,1,1,,1,,1,0,,,,37,2,6,,,2,,1,8,0,1,1,3,0.695,0.657,13,3,2,8,,,,,8
358,928,1,2,1,1,,6,5,2,3,1,0,0,47,2,8,,,2,,1,8,0,1,1,1,1.145,4.155,42,1,1,0,,,,,7
359,928,2,2,1,3,5,2,2,1,1,,,,47,3,4,,,2,,1,1,0,2,1,3,0.597,1.126,12,4,5,1,2,,,,
360,928,1,1,1,1,,3,3,2,1,,,,44,4,7,,,2,,1,2,0,1,2,2,0.311,1.282,18,3,5,2,,1,,,
361,928,1,1,2,1,,2,2,0,2,,,,49,2,2,,,2,,2,2,0,2,2,3,0.898,2.011,54,4,5,2,,1,,,
362,928,1,2,1,3,1,2,2,1,1,,,,65,2,1,,,2,,1,2,1,2,1,2,0.622,1.154,26,1,4,3,,,2,2,
363,928,1,5,1,1,,3,1,0,1,1,1,0,33,2,4,,,2,,1,2,0,2,1,2,0.847,0.785,26,1,3,2,,2,,,
364,928,1,1,1,1,,2,2,1,1,,,,19,2,3,,,2,,1,3,0,2,1,2,1.054,1.951,18,2,5,2,,2,,,
365,928,1,5,1,3,4,1,,0,1,,,,57,6,2,,,2,,1,1,0,2,1,1,1.246,2.262,42,3,5,2,,2,,,
366,928,1,2,1,1,,2,2,1,1,,,,36,3,3,,,2,,1,2,0,2,2,1,0.432,0.799,23,2,8,7,,,,,7
367,928,1,2,1,1,,5,3,1,2,0,2,0,35,2,99,9,,2,,1,1,0,2,1,2,0.759,2.813,26,3,5,8,,,,,8
368,928,1,2,1,2,,4,3,1,2,1,0,0,62,2,7,,,2,,1,1,0,1,1,1,1.002,1.818,34,3,5,1,2,,,,
369,928,1,2,2,1,,3,2,1,1,1,0,0,39,3,9,,2,2,,1,3,1,2,1,1,0.483,0.877,42,2,5,2,,2,,,
370,928,1,2,1,1,,4,2,1,1,0,2,0,38,5,99,9,,2,,1,1,0,1,1,1,0.47,0.76,33,1,1,3,,,1,0,
371,928,1,2,1,1,,3,3,1,2,,,,42,2,7,,,2,,1,2,0,2,1,2,0.759,2.813,26,4,5,3,,,1,2,
372,928,1,2,1,3,1,2,2,1,1,,,,65,2,4,,,2,,1,1,0,2,1,1,1.586,2.877,42,3,5,2,,2,,,
373,928,2,1,2,1,,4,3,0,3,0,0,1,25,2,5,,,2,,2,2,0,2,1,2,2.235,4.141,18,1,4,2,,1,,,
374,928,2,1,1,3,4,2,2,1,1,,,,25,3,5,,,2,,1,3,0,1,1,1,0.498,0.804,44,3,3,2,,1,,,
375,928,1,4,1,3,1,1,,0,1,,,,75,5,3,,,2,,1,1,0,2,1,2,0.828,1.533,26,1,5,1,1,,,,
376,928,2,2,1,1,,2,2,1,1,,,,34,3,6,,,2,,1,1,0,1,2,2,0.33,0.678,18,1,4,3,,,1,1,
377,928,2,2,1,1,,4,2,1,1,0,2,0,30,2,5,,,2,,1,2,0,1,2,2,0.33,0.678,18,3,3,3,,,1,1,
378,928,1,2,1,1,,3,2,1,1,1,0,0,42,2,6,,,2,,1,1,0,2,2,3,0.418,0.935,45,4,5,1,1,,,,
379,928,1,2,1,1,,2,2,1,1,,,,57,2,5,,,2,,1,2,0,1,2,3,0.433,0.97,54,3,4,3,,,1,7,
380,928,1,5,1,1,,4,3,2,1,0,0,1,25,2,7,,,2,,1,3,0,2,1,3,0.817,1.542,12,3,4,3,,,1,7,
381,928,1,2,1,1,,4,3,1,2,1,0,0,40,2,6,,,2,,1,3,0,2,1,1,0.605,1.956,23,1,3,0,,,,,1
382,928,2,5,1,1,,1,,1,0,,,,32,3,4,,,2,,1,2,0,1,1,3,0.602,0.568,13,2,5,2,,1,,,
383,928,1,2,1,1,,4,2,1,1,1,1,0,39,5,8,,,2,,1,3,0,2,1,1,0.495,0.799,9,2,4,2,,2,,,
384,928,1,2,1,3,2,5,2,1,1,1,1,1,30,2,8,,,2,,1,2,0,2,1,2,0.847,1.569,39,2,5,2,,2,,,
385,928,1,2,1,2,,3,2,1,1,0,1,0,40,2,7,,,2,,1,2,0,1,2,2,0.382,0.785,39,3,5,8,,,,,2
386,928,1,1,1,1,,6,4,1,3,1,0,1,26,1,2,,,2,,1,3,0,1,1,3,1.926,3.638,12,3,1,3,,,2,0,
387,928,1,1,1,1,,2,2,2,0,,,,54,5,9,,2,2,,1,2,0,1,1,3,0.709,1.337,51,4,5,2,,1,,,
388,928,2,1,1,1,,5,1,0,1,1,2,1,35,2,3,,,2,,2,2,1,2,1,1,1.275,1.157,36,1,2,2,,1,,,
389,928,1,2,1,1,,2,2,1,1,,,,29,4,9,,1,2,,1,3,0,2,1,2,0.692,1.283,26,3,5,8,,,,,2
390,928,1,1,2,2,,3,3,1,2,,,,24,5,8,,,2,,1,1,1,2,1,1,0.671,2.434,34,2,3,1,1,,,,
391,928,2,2,1,2,,2,2,1,1,,,,26,3,4,,,2,,1,1,0,2,2,3,0.466,1.045,37,3,5,1,1,,,,
392,928,1,2,1,1,,2,2,1,1,,,,56,4,7,,,2,,1,3,0,1,1,1,0.513,0.829,50,2,5,8,,,,,3
393,928,1,1,1,3,4,6,6,1,5,,,,25,1,4,,,2,,2,9,0,1,1,3,3.636,6.865,12,2,5,2,,2,,,
394,928,1,5,1,1,,4,2,0,2,0,1,1,56,5,7,,,2,,1,1,2,2,2,3,0.22,0.493,37,3,5,1,2,,,,
395,928,2,1,1,1,,1,,0,1,,,,28,4,6,,,2,,1,8,0,2,1,3,0.667,1.26,13,1,1,7,,,,,0
396,928,2,1,1,3,4,4,1,0,1,3,0,0,34,2,3,,,2,,2,2,0,2,1,1,2.846,2.583,36,1,5,2,,1,,,
397,928,1,2,1,3,5,4,2,1,1,2,0,0,41,3,3,,,2,,1,3,0,1,2,3,0.396,0.889,54,4,5,2,,2,,,
398,928,1,1,2,2,,2,2,1,1,,,,33,2,98,8,,2,,2,2,2,1,1,3,0.794,1.498,13,3,4,8,,,,,2
399,928,1,2,1,3,1,2,2,1,1,,,,69,3,5,,,2,,1,2,0,1,1,3,0.722,1.363,37,3,5,2,,1,,,
400,928,1,2,1,1,,4,4,2,2,,,,52,5,9,,2,2,,2,2,2,1,1,3,0.934,3.53,11,4,5,2,,2,,,
401,928,1,5,1,1,,1,,0,1,,,,57,5,7,,,2,,2,2,0,2,1,2,2.11,3.911,39,4,5,2,,1,,,
402,928,1,2,1,1,,5,2,1,1,1,1,1,34,1,3,,,2,,2,2,0,1,2,3,2.901,6.499,37,2,3,2,,1,,,
403,928,1,2,1,3,2,2,2,1,1,,,,63,4,98,1,,2,,1,1,0,2,2,3,0.441,0.985,45,4,5,1,1,,,,
404,928,9,2,1,3,1,2,2,1,1,,,,64,1,99,9,,2,,1,1,0,2,2,3,1.725,3.864,37,4,5,1,1,,,,
405,928,2,1,1,3,4,1,,1,0,,,,33,1,1,,,2,,1,3,0,1,1,2,1.997,1.851,26,1,4,2,,2,,,
406,928,2,2,2,2,,5,3,1,2,0,0,2,21,2,6,,,2,,2,1,0,1,1,3,1.957,3.695,13,1,3,8,,,,,3
407,928,1,2,1,1,,4,4,3,1,,,,53,2,8,,,2,,1,2,1,2,2,3,0.352,0.68,22,1,5,3,,,1,2,
408,928,1,2,1,3,2,5,2,1,1,0,3,0,31,5,5,,,2,,1,1,0,2,2,3,0.381,0.853,45,4,5,8,,,,,8
409,928,1,4,1,3,1,1,,0,1,,,,71,2,1,,,2,,1,2,0,2,1,1,0.993,1.605,25,1,5,2,,2,,,
410,928,1,2,2,1,,4,4,2,2,,,,38,4,7,,,2,,1,2,2,2,1,1,0.395,1.434,42,3,5,1,1,,,,
411,928,1,1,1,3,4,2,1,0,1,0,0,1,24,3,1,,,2,,1,2,0,2,1,1,1.342,1.218,34,2,5,2,,2,,,
412,928,1,2,1,1,,5,2,1,1,0,3,0,32,3,99,1,,2,,1,1,0,2,2,2,0.448,0.922,26,3,5,1,1,,,,
413,928,1,5,1,1,,2,1,0,1,1,0,0,49,4,6,,,2,,1,3,0,2,1,1,0.644,0.584,42,3,5,1,2,,,,
414,928,1,1,2,2,,3,3,2,1,,,,22,2,7,,,2,,1,3,0,1,1,1,0.614,1.982,44,3,5,2,,1,,,
415,928,1,2,1,1,,4,3,2,1,0,1,0,28,3,7,,,2,,2,3,0,2,1,3,2.155,4.07,51,3,4,7,,,,,1
416,928,1,2,1,1,,2,2,1,1,,,,62,4,8,,,2,,1,3,0,1,1,3,0.62,1.171,12,4,5,3,,,1,1,
417,928,1,2,1,3,1,2,2,1,1,,,,54,2,3,,,2,,1,2,0,1,1,3,0.867,1.637,12,4,5,2,,1,,,
418,928,1,1,1,1,,1,,0,1,,,,40,4,8,,,2,,1,3,0,2,1,3,0.599,1.129,51,3,5,2,,1,,,
419,928,2,1,1,1,,1,,0,1,,,,25,4,99,2,,2,,1,8,0,2,1,1,0.552,0.893,44,1,3,7,,,,,8
420,928,1,3,1,1,,1,,1,0,,,,45,2,7,,,2,,1,1,0,1,1,2,0.899,0.833,26,4,5,1,1,,,,
421,928,1,5,1,3,4,1,,1,0,,,,51,1,4,,,2,,1,2,0,1,2,1,1.168,1.503,42,1,2,2,,1,,,
422,928,2,1,1,1,,1,,1,0,,,,32,2,2,,,2,,1,3,0,1,2,1,0.355,0.457,42,3,3,1,1,,,,
423,928,2,3,1,3,5,1,,0,1,,,,43,1,1,,,2,,1,3,0,2,1,1,3.095,5.617,42,2,1,2,,1,,,
424,928,1,2,2,3,2,2,2,1,1,,,,55,2,2,,,2,,1,3,0,2,2,2,0.517,1.065,39,3,5,3,,,1,2,
425,928,1,2,1,1,,2,2,1,1,,,,35,1,2,,,2,,1,1,0,1,2,3,1.27,2.846,37,3,4,1,1,,,,
426,928,1,2,1,3,1,2,2,1,1,,,,77,2,4,,,2,,1,2,0,1,1,3,0.903,1.705,24,2,5,2,,1,,,
427,928,1,4,1,3,1,1,,1,0,,,,71,1,2,,,2,,1,2,0,1,2,1,0.973,1.252,42,3,3,1,2,,,,
428,928,1,2,1,1,,3,1,1,0,0,0,2,34,5,7,,,2,,1,2,0,1,1,3,0.496,0.468,24,4,5,2,,1,,,
429,928,2,2,1,1,,2,2,1,1,,,,24,3,4,,,2,,1,1,0,2,1,2,1.054,1.951,18,3,3,1,1,,,,
430,928,1,1,2,2,,3,3,2,1,,,,21,3,5,,,2,,1,1,0,1,1,1,0.98,3.555,42,2,3,3,,,1,1,
431,928,1,2,1,3,2,3,3,2,1,,,,76,2,3,,,2,,1,1,0,2,1,2,1.012,1.875,39,2,4,8,,,,,1
432,928,1,2,1,1,,5,2,1,1,1,0,2,35,2,5,,,2,,1,3,0,1,2,3,0.396,0.889,51,3,2,3,,,2,2,
433,928,1,2,2,1,,6,4,2,2,1,1,0,18,3,9,,2,2,,2,2,1,1,1,1,1.292,4.69,36,2,5,2,,1,,,
434,928,2,1,2,3,3,5,5,5,0,,,,21,3,2,,,2,,1,1,0,1,1,1,0.98,1.777,42,3,3,1,1,,,,
435,928,1,2,1,1,,3,2,1,1,1,0,0,34,2,7,,,2,,1,2,0,1,2,2,0.33,0.678,39,4,4,3,,,1,2,
436,928,1,3,2,1,,5,3,1,2,0,0,2,29,2,4,,,2,,2,2,0,2,1,3,1.769,6.68,24,3,5,2,,2,,,
437,928,1,2,1,3,1,2,2,1,1,,,,72,4,9,,2,2,,1,1,0,2,1,3,0.982,1.853,12,3,5,1,2,,,,
438,928,1,4,1,3,1,1,,0,1,,,,75,2,99,2,,2,,1,3,0,2,2,2,0.535,1.102,26,4,5,8,,,,,8
439,928,1,2,1,3,1,2,2,1,1,,,,66,3,6,,,2,,1,1,0,1,1,1,0.954,1.732,36,3,5,1,1,,,,
440,928,1,2,1,3,1,4,4,2,2,,,,59,2,4,,,2,,1,2,0,1,2,3,0.432,1.939,13,3,5,2,,1,,,
441,928,1,4,1,3,1,2,2,1,1,,,,71,4,4,,,2,,1,3,0,1,1,3,0.59,1.114,12,1,4,3,,,2,1,
442,928,1,2,1,1,,2,2,1,1,,,,27,4,7,,,2,,1,1,0,2,1,3,0.667,1.26,12,3,5,1,2,,,,
443,928,1,1,2,2,,4,3,2,1,1,0,0,19,3,8,,,2,,1,2,0,1,2,1,0.438,1.62,23,4,5,2,,1,,,
444,928,1,4,1,1,,3,3,2,1,,,,44,3,2,,,2,,1,3,0,2,1,3,0.732,1.382,24,2,1,8,,,,,2
445,928,2,2,1,1,,2,2,1,1,,,,46,5,8,,,2,,1,2,0,2,1,2,0.607,1.205,20,4,5,2,,1,,,
446,928,1,2,1,3,5,2,2,1,1,,,,51,2,7,,,2,,1,1,0,2,2,2,0.327,0.673,18,3,5,3,,,2,1,
447,928,1,1,1,2,,4,3,1,2,1,0,0,38,2,6,,,2,,1,1,0,2,1,1,0.967,3.508,42,1,3,1,1,,,,
448,928,1,2,1,1,,2,2,1,1,,,,43,2,3,,,2,,1,3,0,1,2,3,0.557,1.068,1,1,1,2,,1,,,
449,928,2,1,2,2,,3,3,1,2,,,,23,4,5,,,2,,1,0,1,1,1,3,0.589,0.979,48,4,5,2,,2,,,
450,928,1,1,1,1,,3,3,2,1,,,,20,1,3,,,2,,1,3,0,1,1,2,0.769,2.85,18,2,2,1,1,,,,
451,928,1,1,1,2,,4,4,2,2,,,,20,3,8,,,2,,1,2,1,2,1,2,0.526,1.951,39,3,5,2,,1,,,
452,928,1,2,1,3,1,3,3,1,2,,,,62,1,98,2,,2,,1,2,0,1,1,2,3.021,6.005,29,3,4,2,,1,,,
453,928,1,4,1,1,,2,1,0,1,1,0,0,39,2,3,,,2,,1,2,0,2,1,3,0.777,0.675,1,1,4,2,,8,,,
454,928,1,2,1,1,,4,2,1,1,1,1,0,42,2,2,,,1,1,,2,0,2,2,3,0.864,1.669,22,1,5,8,,,,,8
455,928,2,2,1,1,,3,3,1,2,,,,47,4,8,,,2,,1,3,2,1,1,3,0.563,0.935,22,4,5,3,,,1,2,
456,928,2,5,1,1,,2,1,0,1,0,0,1,21,1,1,,,2,,1,2,0,2,1,3,1.615,1.341,48,1,3,8,,,,,3
457,928,1,1,2,1,,5,5,3,2,,,,25,4,9,,1,2,,1,2,0,1,1,2,0.509,1.89,17,3,5,3,,,2,1,
458,928,1,1,1,1,,2,2,1,1,,,,31,2,7,,,2,,1,2,0,1,1,2,0.748,1.487,27,2,3,3,,,2,1,
459,928,1,2,1,1,,3,2,1,1,0,0,1,37,4,9,,2,2,,1,2,2,1,1,2,0.294,0.546,17,4,5,2,,1,,,
460,928,1,2,1,1,,4,2,1,1,1,1,0,40,5,9,,2,2,,1,2,0,1,1,3,0.568,1.073,37,3,1,2,,2,,,
461,928,1,2,1,3,1,2,2,1,1,,,,63,2,4,,,2,,1,0,0,1,1,2,0.786,1.457,17,2,5,2,,2,,,
462,928,1,1,2,3,4,3,2,1,1,0,1,0,18,2,98,8,,1,1,,3,0,1,1,3,1.179,1.958,48,3,1,3,,,1,2,
463,928,1,2,1,3,1,2,2,1,1,,,,67,1,2,,,2,,1,9,0,1,2,3,1.853,3.554,21,2,3,1,9,,,,
464,928,1,2,1,1,,2,2,1,1,,,,57,3,7,,,2,,1,3,0,2,2,2,0.871,1.599,29,3,5,8,,,,,8
465,928,1,2,1,1,,2,2,1,1,,,,27,4,9,,2,2,,1,2,0,2,2,2,0.617,1.131,29,2,4,2,,1,,,
466,928,1,2,1,1,,5,2,1,1,0,2,1,35,2,4,,,2,,1,2,0,1,2,3,0.557,1.068,21,2,2,1,1,,,,
467,928,1,1,1,2,,2,1,0,1,0,0,1,25,6,2,,,2,,1,3,0,2,2,3,0.654,0.627,21,2,4,3,,,1,1,
468,928,2,1,1,1,,5,3,1,2,1,0,1,33,2,6,,,2,,2,2,0,2,1,1,1.79,6.494,36,1,3,2,,2,,,
469,928,1,4,1,3,1,1,,0,1,,,,68,6,6,,,2,,1,1,0,2,1,2,1.245,2.307,18,3,5,1,1,,,,
470,928,1,2,1,1,,3,2,1,1,1,0,0,46,2,9,,2,2,,1,1,2,1,1,1,0.572,1.039,42,3,4,8,,,,,1
471,928,2,5,1,2,,3,1,0,1,0,1,1,29,2,1,,,2,,1,3,0,2,2,2,0.448,0.461,55,1,3,8,,,,,1
472,928,1,1,1,1,,2,2,1,1,,,,24,2,5,,,2,,1,2,0,1,1,3,0.741,1.401,12,1,1,2,,2,,,
473,928,1,2,2,3,1,2,2,1,1,,,,53,3,4,,,2,,1,2,0,2,1,3,0.634,1.1,21,3,5,2,,1,,,
474,928,2,1,1,1,,3,3,3,0,,,,24,2,6,,,2,,1,2,0,1,2,1,0.311,0.803,42,2,4,2,,1,,,
475,928,1,2,1,3,2,4,2,1,1,0,2,0,38,3,8,,,2,,1,3,0,2,2,2,0.401,0.826,39,4,5,2,,2,,,
476,928,1,1,1,1,,1,,0,1,,,,37,5,7,,,2,,1,3,0,2,1,3,0.951,1.58,22,1,5,2,,2,,,
477,928,1,2,1,1,,4,2,1,1,1,1,0,36,5,8,,,2,,1,3,0,2,1,3,0.636,1.104,47,3,5,2,,8,,,
478,928,1,2,1,1,,4,3,2,1,1,0,0,99,5,8,,,2,,5,2,0,2,1,3,1.381,2.295,22,3,5,3,,,1,8,
479,928,1,2,1,1,,3,2,1,1,0,1,0,42,4,8,,,2,,1,3,0,1,1,1,0.75,1.362,36,4,5,3,,,1,1,
480,928,1,2,1,1,,7,2,1,1,2,1,2,40,4,8,,,2,,1,1,1,2,1,2,0.31,0.574,55,2,5,3,,,1,1,
481,928,1,5,1,1,,2,1,0,1,1,0,0,41,6,4,,,2,,1,2,0,2,1,3,0.732,0.691,45,3,3,1,2,,,,
482,928,1,2,1,2,,2,2,1,1,,,,63,6,98,2,,2,,1,2,0,2,2,1,0.557,1.031,23,3,5,1,1,,,,
483,928,2,1,1,3,3,1,,1,0,,,,28,5,1,,,2,,1,3,0,1,1,3,0.781,0.649,5,2,1,1,2,,,,
484,928,2,1,2,3,3,6,4,3,1,2,0,0,18,1,3,,,2,,2,2,0,1,1,3,1.931,6.712,47,2,5,2,,1,,,
485,928,1,2,1,1,,2,2,1,1,,,,44,3,6,,,2,,1,1,0,1,1,1,0.918,1.666,34,3,5,1,1,,,,
486,928,1,2,1,1,,5,2,1,1,1,2,0,41,4,3,,,2,,1,1,0,1,2,2,0.311,0.641,18,3,5,3,,,1,1,
487,928,1,1,2,2,,2,2,0,2,,,,19,2,4,,,2,,1,3,0,2,1,2,1.054,1.951,39,2,4,3,,,1,2,
488,928,1,2,1,3,2,3,2,1,1,0,1,0,50,2,4,,,2,,1,1,0,2,1,1,0.788,1.43,36,3,5,1,1,,,,
489,928,1,1,1,1,,2,2,1,1,,,,35,4,7,,,2,,1,1,0,2,1,2,0.744,1.479,31,2,5,1,2,,,,
490,928,2,1,1,1,,1,,0,1,,,,30,5,6,,,2,,1,1,0,2,1,1,0.552,0.893,25,3,5,1,1,,,,
491,928,2,2,1,1,,3,2,1,1,1,0,0,47,2,5,,,2,,1,1,0,2,1,3,0.948,1.574,5,2,3,1,2,,,,
492,928,1,2,1,1,,5,2,1,1,2,1,0,42,4,7,,,2,,1,2,0,1,1,3,0.904,1.501,48,4,5,2,,8,,,
493,928,2,2,1,1,,3,3,1,2,,,,40,3,5,,,2,,1,1,0,1,1,2,0.864,1.719,29,3,5,1,1,,,,
494,928,2,1,2,1,,3,3,2,1,,,,20,2,3,,,1,1,,2,0,1,1,4,0.748,3.376,8,1,4,2,,2,,,
495,928,2,2,1,1,,2,2,1,1,,,,28,2,6,,,2,,1,2,0,1,1,3,0.639,1.11,47,3,5,2,,1,,,
496,928,1,2,1,1,,2,2,1,1,,,,62,4,7,,,2,,1,3,0,1,1,3,0.986,1.637,48,4,5,3,,,1,8,
497,928,1,4,1,3,1,1,,0,1,,,,76,3,2,,,2,,1,2,0,2,1,3,1.036,1.801,47,3,5,2,,1,,,
498,928,2,2,1,1,,3,3,2,1,,,,48,3,5,,,2,,1,2,0,2,2,2,0.327,0.673,39,3,5,2,,1,,,
499,928,2,1,2,1,,6,3,2,1,1,2,0,20,2,2,,,2,,1,2,0,1,1,3,0.741,2.8,12,3,3,3,,,1,1,
500,928,1,2,1,3,1,2,2,1,1,,,,66,2,6,,,2,,1,2,1,1,1,3,0.361,0.682,24,2,5,3,,,1,2,
501,928,1,5,2,2,,5,4,2,2,1,0,0,44,3,3,,,2,,2,2,0,1,1,2,1.629,6.475,29,3,5,2,,1,,,
502,928,2,2,1,2,,2,2,1,1,,,,24,4,8,,,2,,1,2,0,2,1,2,1.054,1.951,17,3,5,2,,2,,,
503,928,2,1,1,1,,3,3,2,1,,,,31,4,5,,,1,1,,2,0,1,1,3,0.781,2.596,48,2,4,1,1,,,,
504,928,1,2,1,3,4,6,2,1,1,1,1,2,38,1,3,,,1,1,,2,0,1,1,4,3.439,6.501,6,2,8,8,,,,,8
505,928,2,2,1,1,,2,1,1,0,0,1,0,31,1,2,,,2,,1,2,0,1,1,3,3.062,2.543,5,2,5,2,,2,,,
506,928,1,2,1,1,,6,2,1,1,1,3,0,42,2,6,,,2,,1,1,0,1,2,3,0.82,1.585,22,4,5,1,1,,,,
507,928,1,2,1,1,,2,2,1,1,,,,43,4,8,,,2,,1,1,0,1,1,4,0.573,1.294,8,4,5,3,,,2,2,
508,928,1,1,2,1,,2,2,0,2,,,,34,2,9,,2,1,1,,3,2,2,1,4,0.631,1.192,6,3,4,2,,2,,,
509,928,1,2,1,3,1,2,2,1,1,,,,63,3,1,,,2,,1,1,0,1,1,3,1.206,2.003,48,1,3,3,,,2,1,
510,928,2,1,1,1,,1,,1,0,,,,27,3,6,,,1,1,,2,0,1,1,4,0.929,0.878,6,2,4,2,,2,,,
511,928,1,2,1,1,,2,2,1,1,,,,35,4,99,1,,9,,9,1,0,1,1,4,0.958,1.812,6,3,5,1,2,,,,
512,928,1,2,1,1,,4,2,1,1,0,0,2,21,1,98,8,,1,9,,0,0,2,1,4,1.714,3.24,6,1,1,7,,,,,7
513,928,1,2,1,1,,5,2,1,1,0,1,2,30,5,8,,,2,,1,2,0,1,2,3,0.58,1.121,40,4,5,1,2,,,,
514,928,1,2,1,2,,2,2,1,1,,,,72,2,9,,1,2,,1,1,1,1,2,2,0.333,0.613,19,1,4,3,,,1,1,
515,928,1,4,1,3,1,1,,1,0,,,,72,2,3,,,2,,1,3,0,1,1,2,0.898,0.893,29,3,5,2,,2,,,
517,928,1,1,2,2,,5,4,2,2,0,1,0,18,3,98,8,,2,,1,3,0,2,1,4,1.024,4.625,8,2,3,8,,,,,8
518,928,1,2,1,1,,2,2,1,1,,,,54,3,6,,,2,,1,1,0,1,1,4,1.339,2.532,41,3,5,3,,,2,8,
519,928,1,2,1,1,,2,2,1,1,,,,26,3,5,,,2,,1,1,0,1,2,4,0.588,1.329,6,3,5,1,2,,,,
520,928,1,2,1,1,,3,3,2,1,,,,48,2,9,,2,2,,1,1,0,1,1,4,1.339,5.063,6,3,5,1,1,,,,
521,928,1,3,1,2,,3,1,0,1,1,1,0,49,4,9,,1,2,,1,2,0,2,1,4,0.753,0.712,6,3,5,2,,2,,,
522,928,2,2,1,1,,2,2,1,1,,,,43,2,6,,,2,,1,2,0,2,2,2,0.675,1.24,19,1,1,7,,,,,7
523,928,1,2,1,1,,3,2,1,1,0,0,1,33,5,9,,1,2,,1,1,0,1,1,3,0.492,0.928,45,4,5,1,1,,,,
524,928,2,3,1,1,,1,,0,1,,,,42,3,8,,,2,,1,2,0,2,1,4,1.131,2.137,6,4,5,2,,1,,,
525,928,2,2,1,3,4,3,2,1,1,1,0,0,27,4,1,,,2,,2,2,0,1,1,3,2.063,3.426,48,3,4,2,,2,,,
526,928,1,2,1,3,2,4,3,1,2,1,0,0,44,3,99,2,,2,,1,1,0,2,1,4,0.738,3.333,4,3,5,3,,,1,7,
527,928,1,2,1,2,,2,2,1,1,,,,56,2,7,,,2,,1,3,0,2,1,2,1.174,2.333,27,4,5,3,,,2,2,
528,928,1,2,1,3,4,3,2,1,1,0,1,0,49,2,6,,,2,,1,8,0,1,2,3,0.694,1.332,47,2,4,2,,2,,,
529,928,1,4,1,3,1,1,,0,1,,,,65,1,1,,,1,1,,2,1,2,2,3,2.268,4.384,48,4,5,2,,1,,,
530,928,1,5,1,1,,1,,0,1,,,,57,4,99,1,,2,,1,3,0,2,1,4,1.192,2.252,53,3,5,0,,,,,3
531,928,1,4,1,3,1,1,,0,1,,,,65,3,3,,,2,,1,1,0,2,2,3,0.962,1.845,28,4,5,8,,,,,2
532,928,2,5,1,3,4,1,,1,0,,,,50,5,99,2,,2,,1,2,0,1,2,2,0.654,0.601,19,3,4,2,,2,,,
533,928,2,2,1,1,,5,2,1,1,1,1,1,30,1,1,,,2,,1,8,0,2,1,4,2.639,5.956,8,2,1,7,,,,,7
534,928,1,5,1,3,4,1,,0,1,,,,60,3,2,,,2,,1,2,0,2,2,3,1.113,2.152,40,4,5,8,,,,,2
535,928,2,5,1,1,,1,,0,1,,,,46,2,3,,,2,,1,3,0,2,1,2,0.741,1.474,29,1,2,3,,,2,2,
536,928,1,2,1,2,,4,4,3,1,,,,52,2,3,,,2,,1,3,1,1,2,2,0.238,0.978,55,3,2,2,,2,,,
537,928,2,5,1,3,1,1,,0,1,,,,84,1,1,,,2,,1,1,0,2,2,2,2.884,5.299,20,2,5,8,,,,,8
538,928,1,2,1,2,,6,2,1,1,0,4,0,30,2,7,,,2,,1,0,0,2,2,2,0.448,0.922,55,3,5,1,1,,,,
539,928,1,4,1,1,,1,,1,0,,,,55,3,5,,,2,,1,3,0,1,1,2,0.944,0.937,29,1,4,8,,,,,8
540,928,1,1,2,2,,4,3,0,3,1,0,0,21,3,8,,,2,,1,1,0,2,1,2,1.054,1.951,17,2,5,3,,,1,1,
541,928,2,2,1,1,,2,2,1,1,,,,27,4,5,,,2,,2,3,0,2,1,3,2.8,4.651,48,3,5,2,,1,,,
542,928,1,2,1,1,,4,3,2,1,1,0,0,48,3,8,,,2,,1,2,0,1,1,3,1.378,4.578,48,4,5,2,,1,,,
543,928,1,2,1,3,1,2,2,1,1,,,,67,2,5,,,2,,1,1,0,1,2,2,0.666,1.224,20,3,5,3,,,2,2,
544,928,1,1,2,2,,3,3,2,1,,,,20,3,8,,,2,,1,1,0,2,1,2,1.054,1.951,17,1,4,1,2,,,,
545,928,1,2,2,1,,4,2,1,1,0,0,2,26,2,5,,,2,,1,2,0,2,1,4,1.262,2.386,6,3,5,2,,1,,,
546,928,1,2,1,1,,4,2,1,1,1,1,0,38,2,3,,,2,,1,3,0,1,2,4,0.804,1.392,49,2,5,8,,,,,3
547,928,1,2,1,3,1,2,2,1,1,,,,70,3,99,9,,2,,9,8,0,1,1,4,1.219,2.303,6,3,5,8,,,,,8
548,928,1,2,1,3,1,2,2,1,1,,,,62,3,9,,1,2,,1,1,3,1,2,4,0.371,0.838,6,4,5,1,2,,,,
549,928,2,1,2,1,,4,3,0,3,0,0,1,21,3,3,,,1,1,,3,0,2,1,3,1.615,2.683,48,2,1,2,,1,,,
550,928,1,2,1,1,,4,2,1,1,1,1,0,48,4,8,,,2,,1,1,0,1,1,3,0.753,1.307,1,4,5,1,1,,,,
551,928,1,2,1,1,,3,2,1,1,1,0,0,46,3,6,,,2,,1,1,0,1,2,2,0.8,1.469,20,3,5,1,1,,,,
552,928,1,1,1,1,,1,,1,0,,,,30,3,6,,,2,,1,3,0,1,2,2,0.441,0.454,55,4,4,3,,,2,2,
553,928,1,2,1,1,,2,2,1,1,,,,54,1,4,,,2,,1,3,0,1,1,3,4.008,6.656,5,2,5,8,,,,,1
554,928,1,2,1,1,,2,2,1,1,,,,33,5,7,,,2,,1,3,0,2,1,2,0.831,1.651,29,4,5,2,,2,,,
555,928,1,2,1,1,,3,3,2,1,,,,45,3,9,,1,2,,1,1,0,2,1,3,0.948,1.574,48,2,4,1,2,,,,
556,928,2,2,1,2,,3,2,1,1,0,0,1,41,3,99,9,,2,,1,2,1,2,1,3,0.582,0.967,48,4,5,3,,,1,2,
557,928,2,1,1,1,,2,2,2,0,,,,25,3,2,,,2,,5,3,0,1,1,4,0.929,1.757,6,1,1,7,,,,,0
558,928,1,4,1,3,1,1,,1,0,,,,76,2,99,2,,2,,1,3,0,1,1,2,1.123,1.116,29,3,5,2,,1,,,
559,928,1,2,1,3,4,3,2,1,1,1,0,0,36,2,7,,,2,,1,3,0,2,1,3,1.163,1.932,22,3,1,2,,1,,,
560,928,1,2,1,3,1,2,2,1,1,,,,72,2,2,,,2,,1,2,0,2,1,2,1.494,2.968,29,4,5,2,,1,,,
561,928,2,2,1,2,,2,2,1,1,,,,28,3,3,,,2,,1,3,0,1,1,3,0.956,1.588,48,3,5,3,,,1,7,
562,928,2,1,1,1,,2,2,1,1,,,,19,1,1,,,2,,1,1,0,1,1,4,0.748,1.688,4,3,5,2,,2,,,
563,928,1,2,1,2,,3,2,1,1,1,0,0,42,3,4,,,2,,1,3,0,2,2,3,0.586,1.124,47,2,5,0,,,,,8
564,928,1,2,1,1,,4,3,1,2,0,0,1,54,2,7,,,2,,1,2,0,2,1,4,0.921,3.484,6,3,5,2,,1,,,
565,928,1,2,1,1,,2,2,1,1,,,,46,2,3,,,2,,1,2,0,2,2,4,0.691,1.195,8,2,5,1,1,,,,
566,928,2,1,1,2,,1,,1,0,,,,41,2,5,,,2,,1,2,0,1,1,3,1.105,0.918,40,3,4,2,,2,,,
567,928,1,1,1,2,,2,2,1,1,,,,24,4,4,,,2,,1,1,0,1,1,4,1.145,2.165,6,3,5,1,1,,,,
568,928,1,2,1,1,,2,2,1,1,,,,50,2,6,,,2,,1,1,0,2,2,4,0.691,1.195,8,2,5,1,2,,,,
569,928,1,1,1,1,,2,2,0,2,,,,28,4,8,,,2,,1,3,0,2,1,4,0.673,1.52,8,3,5,2,,2,,,
570,928,1,2,1,3,2,4,2,1,1,0,1,1,34,4,7,,,2,,1,3,0,2,2,4,0.772,1.338,56,3,5,3,,,1,2,
571,928,2,1,1,1,,2,2,2,0,,,,22,3,1,,,2,,1,2,0,1,1,4,0.748,1.688,35,3,1,2,,1,,,
572,928,1,4,1,1,,2,2,1,1,,,,77,5,4,,,2,,1,2,0,2,1,4,1.232,2.329,6,4,5,3,,,1,1,
573,928,1,2,1,1,,3,3,1,2,,,,41,2,8,,,2,,1,2,0,2,2,4,0.715,3.234,53,2,5,2,,8,,,
574,928,2,5,1,1,,1,,1,0,,,,28,3,7,,,2,,1,3,2,1,1,4,0.526,0.498,6,3,5,2,,1,,,
575,928,1,1,2,1,,3,3,2,1,,,,31,3,9,,1,2,,5,1,0,1,1,4,0.929,3.514,6,2,5,1,2,,,,
576,928,2,2,1,1,,3,2,1,1,0,0,1,24,2,2,,,1,1,,2,0,2,1,4,1.57,2.966,6,3,5,2,,1,,,
577,928,1,1,1,3,3,1,,1,0,,,,41,5,8,,,2,,1,3,1,1,1,4,0.514,0.486,6,4,5,8,,,,,2
579,928,1,2,1,2,,4,2,1,1,0,0,2,25,2,7,,,2,,1,3,0,2,1,4,1.262,2.386,53,3,5,1,2,,,,
580,928,2,2,1,1,,4,2,1,1,0,1,1,30,3,4,,,2,,1,1,0,1,1,4,0.929,1.757,53,3,2,3,,,1,1,
581,928,1,2,1,1,,4,2,1,1,0,0,2,29,4,8,,,2,,1,1,0,1,1,4,0.76,1.436,41,4,5,1,2,,,,
582,928,1,2,1,1,,4,2,1,1,2,0,0,45,3,7,,,2,,1,1,0,1,1,4,1.339,2.532,6,4,5,1,2,,,,
583,928,1,2,1,3,3,4,2,1,1,0,2,0,36,3,6,,,2,,1,2,0,2,1,4,1.131,2.137,41,3,5,3,,,1,2,
584,928,2,4,1,1,,1,,0,1,,,,44,2,4,,,2,,1,2,0,2,1,4,1.131,2.137,6,3,5,1,2,,,,
585,928,2,1,1,1,,4,4,4,0,,,,29,2,9,,1,2,,1,3,2,1,1,4,0.465,0.878,6,3,4,2,,2,,,
586,928,1,2,1,3,2,5,2,1,1,0,2,1,36,4,9,,2,2,,1,1,0,2,2,4,0.585,1.322,53,4,5,1,2,,,,
587,928,1,2,1,1,,4,2,1,1,1,1,0,41,3,6,,,2,,1,1,0,1,1,4,1.074,2.031,53,2,4,1,2,,,,
588,928,1,5,1,2,,3,1,0,1,0,2,0,38,5,3,,,2,,1,2,0,2,1,4,0.924,0.874,41,3,5,2,,1,,,
589,928,1,2,1,3,1,2,2,1,1,,,,76,3,4,,,2,,1,2,0,2,1,4,1.508,2.851,6,4,5,2,,1,,,
590,928,1,5,2,1,,4,4,3,1,,,,33,3,4,,,2,,1,3,0,1,1,4,0.929,3.514,53,3,5,9,,,,,9
591,928,1,5,1,3,1,2,2,1,1,,,,69,4,6,,,2,,1,2,0,1,1,4,0.912,1.724,6,3,4,2,,2,,,
592,928,1,4,1,3,1,1,,0,1,,,,70,3,6,,,2,,1,3,0,2,1,4,1.855,3.507,41,4,5,2,,2,,,
593,928,1,2,1,1,,4,2,1,1,1,1,0,43,2,7,,,2,,1,3,0,1,2,4,0.678,1.536,53,1,1,8,,,,,2
594,928,1,2,1,1,,3,2,1,1,1,0,0,50,4,9,,2,2,,1,2,3,1,1,4,0.547,1.035,6,4,5,3,,,2,1,
595,928,1,2,1,1,,2,2,1,1,,,,49,5,8,,,2,,1,3,0,1,1,4,1.095,2.069,41,4,5,2,,1,,,
596,928,1,2,1,1,,6,3,2,1,3,0,0,39,5,9,,2,2,,1,2,1,2,1,4,0.462,0.874,6,3,5,2,,2,,,
597,928,2,2,1,3,5,4,3,2,1,1,0,0,40,6,5,,,2,,1,3,0,1,1,4,0.701,3.165,32,3,4,2,,1,,,
598,928,1,2,1,3,5,2,2,1,1,,,,65,3,3,,,2,,1,2,0,2,1,4,1.855,3.507,6,4,5,8,,,,,8
599,928,1,2,1,1,,5,4,2,2,1,0,0,57,1,5,,,2,,1,3,0,1,1,4,1.838,6.949,41,2,5,3,,,1,8,
600,928,1,4,1,3,1,9,,,,,,,75,2,99,9,,2,,1,3,0,2,2,3,0.557,1.248,51,2,3,8,,,,,8
601,928,1,4,1,3,2,1,,0,1,,,,72,2,99,9,,2,,1,2,0,2,2,3,1.417,2.738,40,3,5,1,2,,,,
602,928,1,2,1,1,,2,2,1,1,,,,34,2,6,,,2,,1,3,0,2,1,3,0.817,1.542,13,3,5,2,,1,,,
603,928,2,1,1,3,4,2,2,2,0,,,,22,6,1,,,1,1,,2,0,1,2,3,0.595,1.139,1,1,3,3,,,1,1,
604,928,2,2,1,3,2,5,3,1,2,1,1,0,46,6,98,2,,2,,1,2,1,2,2,3,0.352,1.36,40,3,4,2,,1,,,
605,928,1,2,1,3,4,4,2,1,1,0,1,1,32,2,3,,,2,,1,3,0,2,1,3,0.868,1.507,47,2,2,3,,,1,1,
606,928,1,2,1,3,2,3,2,1,1,0,0,1,29,4,7,,,2,,1,1,1,2,1,1,0.441,0.8,34,3,4,1,1,,,,
607,928,1,2,2,3,5,4,3,2,1,1,0,0,48,2,4,,,2,,1,2,0,2,1,1,0.788,1.43,42,1,1,1,2,,,,
608,928,1,2,1,3,2,3,2,1,1,0,0,1,24,2,3,,,2,,1,2,0,2,2,3,0.814,1.561,1,2,2,2,,1,,,
609,928,1,2,1,3,1,4,4,2,2,,,,60,4,3,,,2,,1,1,0,1,1,3,0.62,2.341,37,2,5,1,1,,,,
610,928,1,1,1,1,,3,3,2,1,,,,43,2,6,,,2,,1,2,0,2,1,2,0.91,1.81,27,2,4,2,,2,,,
611,928,2,3,1,3,3,3,1,0,1,0,0,2,25,1,1,,,2,,1,2,0,2,1,3,2.616,2.469,37,3,4,2,,8,,,
612,928,1,1,1,3,3,1,,0,1,,,,19,3,1,,,2,,1,2,0,2,1,2,1.054,1.951,26,3,5,2,,2,,,
613,928,1,2,1,3,2,2,2,1,1,,,,54,1,4,,,2,,1,2,0,2,2,3,1.091,2.442,54,2,5,3,,,1,2,
614,928,2,4,1,3,1,1,,0,1,,,,76,9,3,,,2,,1,2,0,2,1,1,0.808,1.305,9,1,1,7,,,,,8
615,928,2,2,1,2,,2,1,1,0,1,0,0,40,4,6,,,2,,1,3,0,1,2,2,0.438,0.451,17,4,5,1,1,,,,
616,928,1,2,2,2,,3,3,2,1,,,,52,2,7,,,2,,1,2,1,2,1,2,0.371,0.737,27,3,5,2,,2,,,
617,928,1,1,2,1,,5,3,0,3,0,0,2,19,2,6,,,2,,1,1,1,2,1,1,0.671,1.218,34,3,4,3,,,8,8,
618,928,1,2,1,1,,5,2,1,1,0,2,1,36,6,6,,,2,,1,2,1,1,2,3,0.41,0.793,22,3,4,0,,,,,0
619,928,1,2,1,3,1,2,2,1,1,,,,57,5,5,,,2,,1,2,0,1,1,3,0.658,1.144,1,4,5,2,,1,,,
620,928,1,2,2,2,,2,2,1,1,,,,60,4,99,9,,2,,1,1,0,2,2,2,0.712,1.307,46,4,5,1,2,,,,
621,928,2,2,1,3,4,3,2,1,1,0,0,1,30,4,3,,,2,,1,3,0,1,2,2,0.454,0.833,46,3,4,2,,2,,,
622,928,2,2,1,1,,4,3,2,1,1,0,0,45,3,8,,,2,,1,3,0,2,1,2,0.619,1.145,18,3,5,2,,2,,,
623,928,2,2,1,3,2,5,2,1,1,1,2,0,27,2,5,,,2,,1,2,0,2,2,2,0.448,0.922,17,3,5,2,,1,,,
624,928,1,5,1,3,3,1,,1,0,,,,24,3,1,,,1,9,,2,0,1,1,2,0.84,0.778,17,3,5,2,,1,,,
625,928,1,2,1,3,2,4,2,1,1,1,1,0,29,2,3,,,2,,1,2,0,2,2,3,0.466,1.045,54,1,3,8,,,,,0
626,928,1,2,1,3,1,3,2,1,1,1,0,0,84,1,3,,,2,,1,1,0,1,2,3,3.285,6.348,48,4,5,1,2,,,,
627,928,1,5,1,1,,4,1,0,1,1,1,1,43,3,1,,,1,1,,2,0,2,1,3,1.163,0.967,48,1,2,3,,,2,2,
628,928,1,5,1,3,1,1,,0,1,,,,67,2,1,,,2,,1,3,0,2,1,3,1.274,2.215,1,2,5,3,,,8,1,
629,928,1,2,1,3,2,2,2,1,1,,,,56,2,3,,,2,,1,8,0,2,1,3,0.944,1.782,45,1,1,1,2,,,,
630,928,2,2,2,3,2,4,2,1,1,0,0,2,27,2,5,,,2,,1,3,0,2,1,3,1.299,2.157,48,2,3,1,1,,,,
631,928,1,2,1,3,2,4,4,2,2,,,,50,2,7,,,2,,1,1,0,2,1,2,0.619,2.292,17,3,5,1,1,,,,
632,928,2,2,1,2,,3,3,2,1,,,,22,3,1,,,2,,1,3,0,2,1,3,1.078,1.874,47,1,2,3,,,2,8,
633,928,1,1,2,3,2,4,3,0,3,1,0,0,51,1,1,,,2,,1,1,0,2,2,3,2.254,4.355,22,2,4,2,,1,,,
634,928,2,2,1,3,4,4,2,1,1,0,2,0,29,2,5,,,2,,1,8,1,2,1,3,0.409,0.771,13,1,1,8,,,,,8
635,928,1,5,1,3,1,7,7,5,2,,,,51,2,1,,,2,,1,3,0,2,1,4,0.921,3.484,53,1,5,1,1,,,,
636,928,2,5,1,3,3,3,1,0,1,1,1,0,45,3,2,,,2,,1,2,0,2,1,4,0.921,0.871,6,3,4,8,,,,,2
637,928,1,4,1,3,1,1,,0,1,,,,77,1,1,,,2,,1,2,0,2,2,3,2.504,4.802,47,3,5,2,,8,,,
638,928,1,2,1,1,,2,2,1,1,,,,49,2,5,,,2,,1,3,0,2,2,2,0.327,0.673,55,2,1,2,,2,,,
639,928,2,5,1,3,3,3,1,0,1,1,1,0,31,1,1,,,2,,1,3,0,2,1,2,3.254,3.234,29,2,3,2,,1,,,
640,928,1,2,1,2,,3,3,1,2,,,,51,2,4,,,2,,1,2,1,2,1,2,0.309,1.145,17,3,5,2,,1,,,
641,928,1,4,1,3,5,1,,0,1,,,,67,1,1,,,2,,1,2,0,2,1,3,3.524,6.654,13,4,5,2,,1,,,
642,928,1,2,1,1,,2,2,1,1,,,,55,2,6,,,2,,1,2,0,2,2,3,0.538,1.206,37,3,5,3,,,2,2,
643,928,1,1,2,1,,4,3,1,2,1,0,0,19,2,98,2,,2,,1,1,0,2,1,2,1.054,3.903,18,2,5,1,1,,,,
644,928,1,2,1,1,,5,2,1,1,3,0,0,46,4,7,,,2,,1,1,0,1,1,2,0.734,1.361,26,3,5,1,2,,,,
645,928,1,1,2,3,3,3,2,0,2,1,0,0,19,1,2,,,2,,1,2,0,2,2,3,0.58,1.299,37,3,4,3,,,1,2,
646,928,1,2,1,1,,4,2,1,1,0,0,2,30,1,6,,,2,,1,3,0,1,2,3,1.1,2.463,54,1,1,1,1,,,,
647,928,1,2,1,1,,2,2,1,1,,,,37,5,8,,,2,,1,2,0,2,2,1,0.252,0.648,42,3,5,2,,2,,,
648,928,1,1,2,2,,6,3,1,2,2,1,0,18,2,8,,,2,,1,1,1,2,1,4,0.785,2.966,6,2,4,1,2,,,,
649,928,2,2,1,3,4,2,2,1,1,,,,24,4,8,,,2,,1,1,0,2,1,4,1.57,2.966,6,1,5,1,2,,,,
650,928,1,2,2,3,2,1,,0,1,,,,53,3,6,,,2,,1,2,2,2,1,1,0.394,0.715,42,3,5,8,,,,,8
651,928,2,2,1,1,,4,2,1,1,1,1,0,44,2,2,,,2,,1,2,0,1,2,1,0.292,0.753,42,4,5,2,,1,,,
652,928,1,5,1,3,4,2,2,1,1,,,,31,3,6,,,2,,1,1,0,1,2,3,0.343,0.769,45,4,5,1,1,,,,
653,928,1,2,1,3,2,4,2,1,1,1,1,0,33,2,5,,,2,,1,1,0,2,2,3,0.466,1.045,54,3,5,1,1,,,,
654,928,1,2,1,3,2,4,2,1,1,0,1,1,32,2,4,,,2,,1,3,0,2,1,1,0.676,1.092,23,1,1,3,,,2,2,
655,928,1,2,1,3,4,3,2,1,1,0,0,1,40,4,8,,,2,,2,8,0,2,1,1,2.084,3.783,36,2,5,2,,8,,,
656,928,1,2,1,2,,7,3,2,1,4,0,0,47,5,8,,,2,,1,2,0,2,1,2,0.506,0.936,17,3,5,3,,,8,2,
657,928,2,1,1,1,,2,2,1,1,,,,24,2,6,,,2,,1,1,0,1,1,3,0.741,1.401,12,3,3,1,1,,,,
658,928,1,2,1,1,,4,2,1,1,0,2,0,40,3,7,,,2,,1,3,0,2,1,3,0.732,1.382,13,3,5,0,,,,,3
659,928,1,2,2,1,,8,3,2,1,3,2,0,48,3,6,,,2,,1,9,1,2,2,3,0.245,0.47,21,1,1,7,,,,,7
660,928,1,2,1,2,,5,2,1,1,0,3,0,34,5,6,,,2,,1,2,0,2,2,3,0.535,1.026,21,2,4,8,,,,,1
661,928,1,1,2,2,,2,2,0,2,,,,53,2,3,,,2,,1,3,0,2,1,4,0.921,1.742,6,3,5,3,,,2,2,
662,928,1,2,1,3,1,3,3,2,1,,,,66,3,2,,,2,,1,1,0,2,1,2,1.245,2.307,18,2,5,1,1,,,,
663,928,2,1,2,1,,2,2,0,2,,,,20,4,6,,,2,,1,2,1,2,1,1,0.671,1.218,34,2,4,3,,,1,1,
664,928,1,1,1,2,,3,3,3,0,,,,57,4,7,,,2,,1,1,0,1,1,4,0.957,1.811,41,3,5,9,,,,,9
665,928,1,2,1,1,,2,2,1,1,,,,26,2,6,,,2,,1,2,0,2,1,2,0.847,1.569,18,1,2,2,,2,,,
666,928,1,1,2,2,,4,3,1,2,1,0,0,18,1,98,8,,2,,1,2,0,2,1,3,1.016,3.836,37,3,5,3,,,8,2,
667,928,1,2,1,3,4,4,3,2,1,1,0,0,32,2,8,,,2,,1,3,0,1,1,4,0.929,3.514,6,4,5,3,,,1,0,
668,928,1,2,1,2,,2,2,1,1,,,,45,3,8,,,2,,1,1,0,2,1,2,0.741,1.474,29,4,5,3,,,1,1,
669,928,1,2,1,2,,3,2,1,1,0,0,1,30,2,6,,,2,,1,1,0,2,1,2,0.847,1.569,39,3,5,2,,2,,,
670,928,1,2,1,1,,3,2,1,1,0,0,1,31,4,7,,,2,,1,1,0,2,2,2,0.366,0.753,55,3,5,2,,1,,,
671,928,1,2,2,1,,2,2,1,1,,,,57,2,6,,,1,2,,2,0,2,1,3,3.958,6.576,22,2,5,2,,1,,,
672,928,1,2,1,3,2,4,2,1,1,1,1,0,34,3,9,,2,2,,1,2,0,2,1,4,1.262,2.386,6,3,4,3,,,1,7,
673,928,2,2,1,2,,5,2,1,1,1,1,1,29,2,5,,,2,,2,3,0,2,1,3,2.155,4.07,51,2,3,2,,2,,,
674,928,1,5,1,2,,3,2,0,2,0,1,0,28,3,3,,,2,,1,1,0,2,2,1,0.344,0.885,42,2,5,1,1,,,,
675,928,1,2,1,3,1,4,4,3,1,,,,59,4,1,,,2,,1,3,1,1,1,1,0.257,0.829,25,3,5,3,,,2,2,
676,928,1,2,1,3,2,4,2,1,1,0,2,0,33,2,3,,,2,,1,2,0,2,1,1,1.078,1.958,42,4,5,2,,1,,,
677,928,2,1,1,1,,3,3,2,1,,,,22,3,8,,,2,,1,2,0,2,1,1,1.342,2.434,36,2,1,8,,,,,1
678,928,1,2,1,3,1,2,2,1,1,,,,64,2,99,9,,2,,1,3,0,2,1,3,0.944,1.782,37,4,5,3,,,2,0,
679,928,1,2,1,2,,5,2,1,1,0,2,1,38,5,6,,,2,,1,3,0,2,2,1,0.354,0.653,50,3,5,2,,1,,,
680,928,1,4,1,3,1,1,,1,0,,,,70,2,2,,,2,,1,1,0,1,2,2,0.436,0.449,26,2,2,3,,,1,8,
681,928,1,2,1,1,,3,2,1,1,1,0,0,43,3,8,,,2,,1,2,0,1,1,3,1.105,1.836,22,3,5,1,2,,,,
682,928,1,2,1,3,2,3,3,2,1,,,,62,1,1,,,1,2,,1,0,2,2,3,3.057,6.848,37,2,4,1,1,,,,
683,928,2,1,1,1,,2,2,2,0,,,,27,4,5,,,2,,1,3,0,1,2,2,0.27,0.555,26,2,5,3,,,1,1,
684,928,2,1,1,1,,2,2,1,1,,,,21,2,4,,,2,,1,1,0,1,1,1,0.614,0.991,44,3,4,8,,,,,1
685,928,1,5,1,1,,3,1,0,1,1,0,1,33,3,4,,,2,,1,3,0,2,1,1,1.078,0.979,42,2,1,2,,2,,,
686,928,1,2,1,3,2,2,2,1,1,,,,64,1,2,,,2,,1,2,0,2,1,3,3.209,5.577,1,4,5,2,,1,,,
687,928,2,2,1,2,,6,2,1,1,2,0,2,33,2,7,,,2,,1,2,0,2,1,2,0.847,1.569,17,3,5,0,,,,,2
688,928,1,2,1,3,1,2,2,1,1,,,,71,3,99,9,,2,,1,1,0,2,2,2,1.108,2.035,19,3,4,3,,,2,2,
689,928,1,2,1,3,1,2,2,1,1,,,,78,2,2,,,2,,1,2,0,2,1,3,0.977,1.843,12,2,5,9,,,,,2
690,928,1,4,1,3,2,2,2,1,1,,,,64,4,2,,,2,,1,1,1,2,2,1,0.246,0.454,23,3,5,9,,,,,3
691,928,1,2,1,2,,5,2,1,1,0,2,1,34,2,5,,,2,,1,2,0,2,1,2,0.847,1.569,39,2,5,8,,,,,8
692,928,1,1,1,1,,2,2,1,1,,,,48,2,4,,,2,,1,1,0,2,2,3,0.477,0.916,28,3,4,1,2,,,,
693,928,2,1,1,1,,1,,1,0,,,,40,2,5,,,2,,1,3,0,1,1,3,0.695,0.657,37,2,1,3,,,1,2,
694,928,1,5,1,3,1,1,,0,1,,,,65,5,2,,,2,,1,1,0,2,1,1,1.296,2.352,42,1,5,8,,,,,8
695,928,1,2,1,1,,2,2,1,1,,,,25,2,6,,,2,,1,1,0,1,2,3,0.343,0.769,37,3,1,1,1,,,,
696,928,1,4,1,1,,1,,1,0,,,,61,1,5,,,2,,1,2,0,1,2,3,1.947,1.866,21,4,5,2,,1,,,
697,928,1,2,1,2,,6,4,2,2,2,0,0,44,2,8,,,2,,2,0,0,2,1,1,1.798,6.526,42,1,1,7,,,,,7
698,928,1,2,1,1,,4,2,1,1,0,0,2,25,2,6,,,2,,1,1,0,2,1,2,1.016,2.02,19,3,4,8,,,,,3
699,928,1,2,1,3,1,2,2,1,1,,,,72,2,5,,,2,,1,2,0,1,1,3,0.722,1.363,24,4,5,2,,1,,,
700,928,1,2,1,3,5,5,4,2,2,1,0,0,39,1,2,,,1,1,,2,0,1,1,3,2.005,6.661,48,1,4,2,,2,,,
701,928,1,2,1,3,2,2,2,1,1,,,,99,2,6,,,2,,1,2,0,2,1,3,1.063,2.007,24,2,5,8,,,,,3
702,928,1,2,1,1,,3,3,2,1,,,,45,2,4,,,2,,1,2,0,2,1,1,0.494,0.797,23,3,5,2,,8,,,
703,928,1,1,2,1,,6,4,3,1,1,1,0,18,3,9,,1,2,,1,1,1,1,1,2,0.385,1.424,26,3,4,3,,,1,1,
704,928,2,5,1,1,,2,1,0,1,1,0,0,39,4,4,,,2,,1,3,0,2,1,2,0.62,0.574,39,1,5,2,,1,,,
705,928,1,2,1,1,,5,2,1,1,0,2,1,35,5,9,,2,2,,1,3,0,2,1,1,0.789,1.434,36,3,5,3,,,2,7,
706,928,2,3,1,2,,1,,0,1,,,,48,1,2,,,8,,2,1,0,2,1,3,3.641,6.875,12,3,5,3,,,1,2,
707,928,1,5,1,1,,1,,0,1,,,,59,2,3,,,2,,1,1,0,2,1,3,0.944,1.782,37,3,5,1,8,,,,
708,928,2,3,1,1,,3,2,1,1,1,0,0,99,2,5,,,2,,1,1,0,2,2,1,0.447,1.151,36,1,5,8,,,,,1
709,928,2,1,1,1,,1,,0,1,,,,54,2,2,,,2,,1,2,0,2,2,3,0.34,0.763,13,1,1,8,,,,,7
710,928,1,2,1,1,,2,2,1,1,,,,59,5,9,,1,2,,1,2,1,2,1,1,0.319,0.516,25,4,5,2,,1,,,
711,928,1,2,1,1,,2,2,1,1,,,,37,6,7,,,2,,1,1,0,2,1,2,0.759,1.406,39,2,5,7,,,,,1
712,928,1,5,1,1,,2,1,0,1,0,1,0,42,2,3,,,2,,1,3,0,2,1,2,0.759,0.703,26,9,1,1,2,,,,
713,928,1,3,1,1,,2,2,1,1,,,,35,4,8,,,2,,1,2,0,1,1,1,0.75,1.362,34,3,5,8,,,,,2
714,928,1,2,1,1,,4,2,1,1,0,1,1,28,2,7,,,2,,2,3,0,2,1,3,2.155,4.07,24,1,1,2,,1,,,
715,928,2,1,1,1,,1,,1,0,,,,33,4,6,,,2,,1,3,0,1,1,3,0.496,0.468,13,2,5,1,2,,,,
716,928,1,1,1,2,,3,2,1,1,0,0,1,20,3,5,,,2,,1,1,0,2,2,1,0.427,1.1,36,2,4,1,1,,,,
717,928,2,3,1,1,,5,2,1,1,1,2,0,31,1,3,,,2,,1,3,0,2,1,3,2.616,4.94,12,2,3,2,,2,,,
718,928,1,2,1,3,1,2,2,1,1,,,,59,2,7,,,2,,1,2,0,1,1,1,0.628,1.014,9,3,5,2,,1,,,
719,928,1,2,1,3,4,3,3,2,1,,,,53,2,3,,,2,,1,3,0,2,2,1,0.251,0.646,42,1,5,2,,1,,,
720,928,1,2,1,1,,7,5,3,2,1,0,1,35,1,8,,,2,,1,3,0,2,1,3,1.767,6.672,45,3,5,2,,1,,,
721,928,1,1,2,1,,3,3,1,2,,,,28,3,9,,2,2,,1,2,1,2,1,2,0.423,1.569,26,1,4,2,,2,,,
722,928,1,1,1,1,,3,3,2,1,,,,38,2,3,,,2,,1,1,0,1,2,3,0.396,1.777,37,4,3,3,,,1,7,
723,928,1,2,1,1,,3,3,2,1,,,,64,2,6,,,2,,1,3,0,1,1,2,0.786,2.915,26,4,5,3,,,1,2,
724,928,2,5,1,1,,1,,1,0,,,,35,2,4,,,2,,1,2,0,1,1,3,0.695,0.657,12,3,4,2,,1,,,
725,928,2,1,1,1,,1,,1,0,,,,28,2,3,,,2,,2,2,1,1,1,3,1.262,1.048,48,3,4,2,,1,,,
726,928,2,5,1,3,4,3,1,0,1,2,0,0,47,2,1,,,2,,1,2,0,2,2,2,0.441,0.454,26,2,5,3,,,2,2,
727,928,1,1,2,1,,2,2,1,1,,,,21,3,6,,,2,,2,2,0,1,1,2,2.029,3.76,26,3,5,2,,1,,,
728,928,1,2,1,1,,4,2,1,1,1,1,0,35,2,7,,,2,,1,1,0,2,2,2,0.401,0.826,18,3,5,1,1,,,,
729,928,2,5,1,1,,3,1,0,1,0,1,1,34,6,3,,,2,,1,3,0,2,1,1,1.078,0.979,42,2,3,3,,,2,2,
730,928,1,2,1,1,,2,2,1,1,,,,60,3,99,9,,2,,1,2,0,2,2,1,0.557,1.031,33,3,5,2,,1,,,
731,928,1,2,1,1,,5,2,1,1,1,2,0,30,5,99,9,,2,,1,2,0,1,1,3,0.492,0.928,13,3,5,8,,,,,1
732,928,2,2,1,3,2,4,2,1,1,0,0,2,30,3,5,,,2,,1,1,0,2,1,3,0.817,1.542,51,3,5,8,,,,,2
733,928,2,2,1,1,,3,2,1,1,0,0,1,33,2,6,,,2,,1,2,0,1,1,2,0.623,1.156,18,3,5,2,,2,,,
734,928,2,2,1,1,,4,2,1,1,0,1,1,32,3,7,,,2,,1,1,0,2,1,3,0.817,1.542,51,3,1,1,1,,,,
735,928,1,2,1,2,,2,2,1,1,,,,63,2,5,,,2,,1,2,0,1,2,1,0.448,0.829,23,3,5,2,,1,,,
736,928,1,2,1,1,,2,2,1,1,,,,62,4,8,,,2,,1,1,0,1,1,3,0.62,1.171,51,4,5,3,,,1,1,
737,928,1,2,1,3,1,2,2,1,1,,,,70,4,99,1,,2,,1,2,0,2,1,3,0.982,1.853,24,4,5,2,,2,,,
738,928,2,1,1,1,,1,,0,1,,,,39,4,5,,,2,,1,1,0,2,1,3,0.599,1.129,51,4,5,1,1,,,,
739,928,2,2,1,1,,4,3,2,1,1,0,0,34,6,4,,,1,2,,3,0,1,1,1,1.803,6.547,34,4,4,2,,1,,,
740,928,2,2,1,2,,4,2,1,1,0,2,0,66,1,4,,,2,,1,3,0,1,2,2,1.269,2.61,26,3,5,3,,,2,2,
741,928,1,2,2,3,2,3,2,1,1,0,0,1,24,3,7,,,2,,1,1,0,2,1,1,1.342,2.434,34,3,5,3,,,1,1,
742,928,2,2,1,3,1,2,2,1,1,,,,72,2,2,,,2,,1,3,0,2,1,2,1.245,2.307,18,1,5,8,,,,,8
743,928,1,2,1,1,,4,2,1,1,0,1,1,35,4,8,,,2,,1,3,0,1,1,1,0.47,0.76,25,3,5,3,,,2,1,
744,928,1,5,1,3,1,1,,1,0,,,,62,4,8,,,2,,1,2,0,1,1,3,0.62,0.585,13,3,5,8,,,,,2
745,928,1,2,1,3,2,2,2,1,1,,,,99,4,7,,,2,,1,1,1,2,1,3,0.434,0.82,12,3,5,8,,,,,8
746,928,1,1,2,2,,4,3,2,1,1,0,0,19,3,8,,,2,,1,1,0,1,1,1,0.614,1.982,25,3,3,2,,2,,,
747,928,1,4,1,3,1,1,,0,1,,,,81,2,98,8,,2,,1,2,0,2,2,2,0.535,1.102,18,4,5,2,,1,,,
748,928,2,4,1,3,1,1,,0,1,,,,82,3,3,,,2,,1,2,0,2,1,3,0.977,1.843,51,2,1,2,,2,,,
749,928,1,2,1,1,,2,2,1,1,,,,51,2,4,,,2,,1,3,0,1,2,2,0.476,0.978,26,3,5,1,8,,,,
750,928,2,2,1,1,,3,2,1,1,0,0,1,26,3,3,,,2,,1,1,0,1,2,3,0.343,0.769,13,4,5,1,1,,,,
751,928,1,2,1,1,,2,2,1,1,,,,50,2,5,,,2,,5,1,0,1,1,1,0.717,1.159,44,4,5,2,,1,,,
752,928,1,2,1,2,,2,2,1,1,,,,77,2,2,,,2,,1,1,3,1,2,1,0.266,0.494,33,4,5,1,1,,,,
753,928,1,2,1,3,2,4,2,1,1,0,0,2,33,2,8,,,2,,1,3,0,2,1,1,1.078,1.958,36,4,4,3,,,1,2,
754,928,1,2,1,1,,3,2,1,1,1,0,0,41,2,5,,,2,,1,2,0,1,2,1,0.292,0.753,42,2,5,8,,,,,3
755,928,1,2,1,3,1,2,2,1,1,,,,78,2,1,,,2,,1,1,0,2,1,3,0.977,1.843,37,4,5,1,1,,,,
756,928,1,2,1,1,,4,2,1,1,1,0,1,39,4,8,,,2,,1,1,1,1,1,1,0.375,0.68,42,3,5,1,2,,,,
757,928,1,5,1,3,5,1,,1,0,,,,54,4,4,,,2,,1,3,0,1,1,1,0.935,0.849,42,3,5,3,,,1,1,
758,928,1,5,1,1,,2,1,0,1,0,1,0,44,2,3,,,2,,1,2,0,2,2,3,0.418,0.468,13,3,3,2,,1,,,
759,928,1,2,2,2,,4,4,2,2,,,,51,2,6,,,2,,1,2,0,2,2,3,0.34,1.524,13,3,5,2,,1,,,
760,928,1,2,1,1,,5,2,1,1,1,1,1,39,2,5,,,2,,1,3,0,1,1,3,0.695,1.312,51,3,5,3,,,1,1,
761,928,1,4,1,3,1,1,,0,1,,,,67,2,5,,,2,,1,3,0,2,1,3,1.2,2.266,12,3,5,2,,1,,,
762,928,1,2,1,1,,4,2,1,1,2,0,0,38,2,6,,,2,,1,2,0,2,1,2,0.759,1.406,18,2,5,7,,,,,0
763,928,1,2,1,1,,3,3,2,1,,,,53,5,6,,,2,,1,3,1,1,2,1,0.21,0.774,33,3,5,3,,,1,8,
764,928,1,2,1,2,,3,2,1,1,1,0,0,37,2,7,,,2,,1,9,0,2,1,1,0.967,1.754,42,3,3,2,,1,,,
765,928,1,2,1,1,,4,2,1,1,2,0,0,38,2,6,,,2,,1,3,0,2,1,2,0.759,1.406,26,1,1,7,,,,,3
766,928,2,2,1,3,4,1,,0,1,,,,65,1,1,,,2,,1,2,0,2,2,2,2.109,4.339,18,2,4,8,,,,,2
767,928,2,1,1,2,,2,2,2,0,,,,21,3,1,,,2,,1,2,0,1,1,3,0.741,1.401,51,3,5,8,,,,,2
768,928,1,2,1,3,1,2,2,1,1,,,,75,1,2,,,2,,1,1,0,1,2,2,1.586,3.262,26,2,5,8,,,,,8
769,928,1,2,1,1,,4,2,1,1,0,0,2,38,5,9,,2,2,,5,1,0,1,1,3,0.568,1.073,10,4,5,1,2,,,,
770,928,1,3,1,1,,5,2,0,2,2,1,0,39,4,3,,,2,,2,2,1,2,2,3,0.451,1.009,37,4,5,3,,,1,2,
771,928,1,2,1,1,,2,2,1,1,,,,46,2,7,,,2,,1,1,0,2,1,3,0.597,1.126,37,3,5,1,1,,,,
772,928,1,2,1,1,,4,2,1,1,1,1,0,39,3,8,,,2,,1,1,0,1,1,2,0.721,1.336,18,4,5,1,1,,,,
773,928,1,2,1,1,,2,2,1,1,,,,56,3,8,,,2,,1,1,1,1,1,3,0.379,0.716,12,4,5,2,,2,,,
774,928,1,2,1,1,,3,2,1,1,0,1,0,35,3,7,,,2,,1,1,0,2,1,3,0.777,1.351,21,3,5,1,1,,,,
775,928,1,5,1,1,,1,,1,0,,,,45,2,6,,,2,,1,2,0,1,1,1,1.145,1.039,42,3,5,2,,1,,,
776,928,1,2,1,1,,2,2,1,1,,,,63,4,8,,,2,,1,1,0,1,2,1,0.261,0.671,36,3,5,1,1,,,,
777,928,1,5,1,1,,3,2,1,1,1,0,0,40,2,7,,,2,,1,2,1,1,2,1,0.246,0.454,50,1,3,2,,2,,,
778,928,1,5,1,1,,1,,1,0,,,,99,3,6,,,2,,1,3,0,1,2,1,0.661,0.61,50,1,5,1,1,,,,
779,928,1,2,1,1,,4,2,1,1,2,0,0,67,5,99,9,,2,,1,1,0,1,1,3,0.59,1.114,12,3,4,3,,,1,8,
780,928,1,2,2,1,,2,2,1,1,,,,27,4,6,,,2,,1,3,0,2,1,2,0.692,1.283,26,3,5,2,,2,,,
781,928,1,2,1,1,,4,2,1,1,0,2,0,30,3,6,,,2,,1,2,0,1,2,1,0.253,0.651,42,2,5,8,,,,,8
782,928,2,1,1,2,,3,3,1,2,,,,18,2,2,,,2,,1,2,0,2,1,3,1.016,3.836,24,1,2,2,,1,,,
783,928,1,2,1,2,,7,5,4,1,2,0,0,40,2,99,9,,2,,1,3,0,2,1,2,0.759,1.406,39,3,5,3,,,2,0,
784,928,1,2,1,3,2,4,2,1,1,1,1,0,99,4,6,,,2,,1,2,0,2,1,3,0.869,1.64,12,3,5,8,,,,,3
785,928,1,1,2,1,,3,3,1,2,,,,38,2,5,,,2,,1,2,0,1,1,2,0.721,1.336,26,3,5,2,,1,,,
786,928,2,1,1,1,,2,2,2,0,,,,43,2,5,,,2,,2,2,0,1,1,2,1.902,3.524,26,3,5,2,,1,,,
787,928,1,4,1,3,1,5,5,4,1,,,,65,2,3,,,2,,1,3,0,1,1,3,0.723,2.727,24,3,4,3,,,1,2,
788,928,1,2,1,3,1,2,2,1,1,,,,64,5,8,,,2,,1,2,0,2,1,1,1.019,1.848,36,3,5,2,,1,,,
789,928,1,2,1,2,,3,3,1,2,,,,66,6,4,,,2,,1,3,0,1,2,1,0.304,0.782,36,4,5,8,,,,,8
790,928,1,2,1,1,,3,3,1,2,,,,48,2,6,,,2,,1,2,0,1,1,1,1.145,2.078,42,3,5,3,,,1,2,
791,928,1,2,1,1,,5,2,1,1,1,2,0,42,5,6,,,2,,1,3,0,1,2,2,0.311,0.641,26,4,5,3,,,1,2,
792,928,2,5,1,1,,3,2,1,1,0,0,1,30,2,8,,,2,,2,2,1,2,1,1,1.423,2.583,34,2,1,2,,1,,,
793,928,2,5,1,1,,1,,0,1,,,,46,3,4,,,2,,1,3,0,2,1,2,0.619,1.145,39,1,5,8,,,,,1
794,928,1,2,1,1,,5,2,1,1,3,0,0,39,5,8,,,2,,1,3,0,1,1,1,0.75,1.362,42,1,1,3,,,2,2,
795,928,2,3,2,1,,3,2,0,2,1,0,0,41,4,6,,,2,,2,3,0,2,1,2,1.636,3.033,39,1,1,2,,2,,,
796,928,1,2,1,1,,3,3,1,2,,,,53,2,7,,,2,,1,1,0,1,1,2,0.899,1.665,26,2,3,8,,,,,1
797,928,1,1,1,3,1,1,,1,0,,,,85,1,98,2,,2,,1,1,0,1,1,2,2.998,2.777,39,2,5,1,1,,,,
798,928,1,2,1,3,2,6,2,1,1,0,2,2,27,2,5,,,2,,1,3,0,2,2,2,0.448,0.922,39,1,3,8,,,,,8
799,928,1,2,1,3,2,3,2,1,1,0,0,1,26,2,6,,,2,,1,3,0,2,2,2,0.448,0.922,39,2,3,2,,2,,,
800,928,1,3,1,3,3,2,1,0,1,1,0,0,35,3,2,,,2,,1,2,0,2,1,2,0.759,0.703,26,2,5,2,,1,,,
801,928,1,2,1,2,,3,2,1,1,1,0,0,42,2,7,,,2,,1,1,0,2,1,1,0.967,1.754,34,1,5,1,1,,,,
802,928,1,2,1,1,,6,2,1,1,0,2,2,48,2,4,,,2,,1,8,0,1,2,1,0.512,0.947,50,3,5,2,,1,,,
803,928,1,4,1,3,2,1,,0,1,,,,99,2,1,,,2,,1,3,0,2,2,1,0.447,1.151,36,3,5,8,,,,,8
804,928,1,2,1,1,,4,2,1,1,1,1,0,48,5,9,,2,2,,1,3,1,1,2,1,0.176,0.453,36,3,5,2,,1,,,
805,928,1,2,1,3,2,4,2,1,1,0,0,2,32,4,6,,,2,,1,2,0,2,1,1,0.882,1.601,36,3,5,1,1,,,,
806,928,2,2,1,1,,3,2,1,1,0,0,1,33,4,4,,,2,,2,2,0,1,1,1,1.713,3.11,36,4,5,2,,1,,,
807,928,1,5,1,1,,1,,0,1,,,,49,4,8,,,2,,1,2,0,2,1,1,0.644,1.168,36,3,5,1,2,,,,
808,928,1,2,1,1,,2,2,1,1,,,,60,4,5,,,2,,1,2,0,1,2,3,0.354,0.793,37,3,5,1,2,,,,
809,928,1,2,1,2,,2,2,1,1,,,,67,2,4,,,2,,1,2,0,1,1,2,0.749,1.388,39,4,5,2,,1,,,
810,928,1,1,2,2,,3,3,2,1,,,,27,4,2,,,2,,1,3,2,1,1,3,0.261,0.907,47,3,5,3,,,2,2,
811,928,1,2,1,1,,4,2,1,1,0,0,2,33,4,99,1,,2,,1,1,0,1,1,2,0.509,0.944,26,2,5,3,,,2,8,
812,928,1,4,1,1,,1,,0,1,,,,62,2,5,,,2,,1,1,0,2,1,1,1.246,2.262,34,3,3,0,,,,,1
813,928,1,2,1,3,1,2,2,1,1,,,,74,4,6,,,2,,1,3,0,1,1,1,0.78,1.415,36,4,5,2,,1,,,
814,928,1,5,1,3,5,3,2,2,0,1,0,0,41,2,1,,,2,,5,2,0,1,2,1,0.292,0.753,42,4,5,0,,,,,3
815,928,1,1,2,1,,3,3,0,3,,,,45,2,9,,2,2,,1,3,0,2,1,1,0.788,1.43,36,3,5,1,2,,,,
816,928,1,2,1,3,2,7,2,1,1,0,3,2,42,4,6,,,2,,1,3,0,2,1,1,0.789,1.434,36,2,5,1,2,,,,
817,928,1,2,1,1,,2,2,1,1,,,,56,5,9,,1,2,,2,2,1,1,1,1,1.08,1.96,34,4,5,2,,2,,,
818,928,2,4,1,3,1,1,,0,1,,,,73,2,1,,,2,,1,3,0,2,2,1,0.709,1.311,25,3,4,2,,8,,,
819,928,1,2,1,1,,2,2,1,1,,,,54,2,5,,,2,,1,3,0,2,1,1,0.494,0.797,33,3,5,1,1,,,,
820,928,1,2,1,3,1,2,2,1,1,,,,71,3,7,,,2,,2,1,1,1,1,1,1.259,2.284,36,3,5,3,,,2,2,
821,928,2,2,1,1,,2,2,1,1,,,,64,1,4,,,2,,1,3,0,1,1,1,3.208,5.821,36,3,1,8,,,,,1
822,928,1,1,2,3,3,3,3,2,1,,,,19,3,9,,8,2,,1,1,0,1,1,1,0.98,3.555,42,3,5,1,1,,,,
823,928,1,2,1,1,,5,2,1,1,0,2,1,33,2,6,,,2,,1,3,0,1,2,2,0.33,0.678,39,3,5,2,,2,,,
824,928,2,2,1,1,,2,2,1,1,,,,32,5,8,,,2,,1,2,0,1,1,3,0.492,0.928,12,4,5,1,2,,,,
825,928,1,2,1,1,,4,2,1,1,1,0,1,37,2,6,,,2,,1,3,0,1,1,1,0.575,0.929,33,4,5,0,,,,,0
826,928,1,2,1,1,,4,2,1,1,2,0,0,39,2,99,9,,2,,1,2,0,2,2,2,0.401,0.826,26,1,5,2,,2,,,
827,928,2,2,1,3,1,2,2,1,1,,,,74,2,2,,,2,,1,2,0,2,1,2,1.245,2.307,39,2,2,8,,,,,8
828,928,1,5,1,1,,2,2,1,1,,,,39,4,9,,2,2,,1,3,0,1,2,1,0.336,0.621,25,4,5,2,,1,,,
829,928,1,2,1,1,,4,2,1,1,1,1,0,35,2,7,,,2,,1,1,0,1,2,2,0.382,0.785,55,1,5,2,,2,,,
830,928,2,2,1,3,4,8,2,1,1,1,2,3,36,2,2,,,2,,1,8,0,1,1,1,0.575,0.929,25,1,1,1,2,,,,
831,928,1,1,1,3,4,1,,1,0,,,,26,2,98,8,,2,,1,3,0,1,1,1,0.794,0.721,42,1,1,7,,,,,7
832,928,1,2,1,3,1,2,2,1,1,,,,68,2,5,,,2,,1,2,0,1,1,3,0.722,1.363,24,4,5,2,,2,,,
833,928,1,1,1,1,,3,3,1,2,,,,51,2,5,,,2,,1,3,0,1,1,1,0.717,1.159,9,2,4,1,2,,,,
834,928,2,1,2,2,,3,3,2,1,,,,19,2,4,,,2,,1,1,1,1,2,3,0.212,0.948,12,2,1,2,,1,,,
835,928,1,2,1,2,,4,3,1,2,1,0,0,43,2,2,,,2,,1,2,0,2,1,1,0.605,1.956,9,3,5,3,,,2,8,
836,928,1,2,1,3,1,2,2,1,1,,,,73,5,3,,,2,,1,1,0,2,1,1,0.812,1.311,25,2,5,1,1,,,,
837,928,2,5,2,2,,2,1,0,1,0,0,1,31,1,1,,,2,,1,1,0,2,1,1,3.455,3.135,36,3,2,3,,,1,7,
838,928,1,2,1,1,,4,2,1,1,2,0,0,29,2,99,2,,2,,1,9,0,2,1,1,1.078,1.958,34,3,2,8,,,,,8
839,928,1,2,1,3,1,2,2,1,1,,,,55,5,99,1,,2,,1,1,0,1,1,2,0.771,1.533,27,3,4,1,1,,,,
840,928,1,2,1,2,,2,2,1,1,,,,54,2,8,,,2,,1,2,0,1,2,3,0.495,1.108,13,3,5,2,,1,,,
841,928,1,2,1,1,,2,2,1,1,,,,56,2,6,,,2,,1,3,0,1,2,2,0.416,0.856,39,3,5,8,,,,,1
842,928,1,2,1,1,,4,3,1,2,0,0,1,30,2,6,,,2,,1,1,0,1,1,1,0.794,1.442,36,3,5,1,1,,,,
843,928,1,1,2,3,4,3,3,2,1,,,,31,4,8,,,2,,1,2,0,1,1,1,0.649,2.357,36,4,5,2,,1,,,
844,928,1,2,1,1,,4,4,2,2,,,,48,2,8,,,2,,1,2,0,1,1,3,0.92,3.199,47,4,5,2,,1,,,
845,928,1,2,1,3,4,6,2,1,1,0,3,1,44,1,6,,,2,,1,2,0,1,1,1,1.842,2.976,25,2,4,2,,2,,,
846,928,1,2,1,1,,2,2,1,1,,,,59,4,6,,,2,,1,3,0,1,1,2,0.642,1.191,39,3,5,8,,,,,3
847,928,1,2,1,3,1,2,2,1,1,,,,67,2,8,,,2,,1,1,0,1,1,3,0.722,1.363,12,4,5,1,1,,,,
848,928,1,2,1,2,,4,4,1,3,,,,54,4,9,,1,2,,1,2,0,2,1,1,0.404,1.303,25,4,5,2,,1,,,
849,928,2,4,1,3,1,1,,0,1,,,,75,1,2,,,2,,1,2,0,2,1,2,3.241,6.006,18,2,5,2,,8,,,
850,928,1,2,1,1,,3,3,2,1,,,,52,2,7,,,2,,1,3,1,2,1,1,0.283,0.457,33,3,5,1,2,,,,
851,928,2,2,1,3,2,2,2,1,1,,,,60,1,1,,,2,,1,1,0,2,1,1,3.577,6.492,36,2,3,8,,,,,8
852,928,1,2,1,1,,3,3,2,1,,,,44,2,8,,,2,,1,1,0,2,1,1,0.605,0.978,23,2,4,8,,,,,8
853,928,1,3,1,1,,3,1,0,1,0,2,0,29,2,3,,,2,,1,3,0,2,2,2,0.753,0.693,20,1,3,3,,,2,8,
854,928,1,2,1,1,,2,2,1,1,,,,63,2,9,,2,2,,1,1,0,1,2,2,0.416,0.856,39,4,5,3,,,1,2,
855,928,1,2,1,3,1,2,2,1,1,,,,69,2,2,,,2,,1,2,0,1,2,3,0.579,1.109,21,4,5,2,,1,,,
856,928,1,2,1,3,2,5,3,1,2,2,0,0,45,2,8,,,2,,1,2,0,2,1,2,0.619,2.292,26,3,5,2,,2,,,
857,928,1,2,1,1,,5,2,1,1,0,2,1,29,3,5,,,2,,1,3,0,2,1,1,0.676,1.092,25,2,5,2,,2,,,
858,928,1,2,1,1,,3,2,1,1,1,0,0,31,4,8,,,2,,1,1,0,1,1,1,0.649,1.178,36,3,5,1,1,,,,
859,928,1,1,1,1,,1,,1,0,,,,33,2,8,,,2,,1,3,0,1,1,1,0.794,0.721,34,2,3,1,2,,,,
860,928,1,2,1,1,,4,2,1,1,0,2,0,37,2,99,9,,2,,1,2,0,1,1,1,0.918,1.666,36,4,5,3,,,1,0,
861,928,2,5,1,3,5,3,3,2,1,,,,58,1,2,,,2,,1,9,0,1,2,3,1.386,6.21,13,1,1,1,2,,,,
862,928,1,1,1,2,,1,,0,1,,,,42,5,1,,,2,,1,1,0,2,1,2,0.62,1.15,39,3,3,1,1,,,,
863,928,1,2,1,3,5,4,2,1,1,0,2,0,35,1,1,,,2,,1,2,0,1,2,3,1.27,2.846,37,3,4,1,1,,,,
864,928,2,2,1,1,,3,2,1,1,0,0,1,22,2,3,,,2,,1,2,0,1,1,3,0.788,1.368,21,3,5,2,,1,,,
865,928,1,1,2,1,,5,3,2,1,0,2,0,23,3,8,,,2,,1,2,1,1,1,1,0.49,1.777,34,3,4,2,,2,,,
866,928,2,1,2,2,,4,4,1,3,,,,20,3,99,1,,2,,1,3,2,2,2,1,0.3,1.11,25,2,1,8,,,,,3
867,928,1,1,2,1,,4,4,2,2,,,,22,2,3,,,1,1,,8,0,2,1,1,1.342,4.87,42,1,3,8,,,,,1
868,928,1,3,1,1,,2,1,0,1,1,0,0,51,4,9,,2,2,,1,1,1,2,1,1,0.502,0.456,36,2,5,0,,,,,1
869,928,1,2,1,1,,4,2,1,1,0,0,2,29,4,6,,,2,,1,1,0,1,2,3,0.28,0.629,51,2,4,8,,,,,1
870,928,1,4,1,3,1,1,,0,1,,,,66,3,9,,1,2,,1,2,0,2,1,2,1.245,2.307,26,4,5,2,,2,,,
871,928,1,2,1,1,,4,2,1,1,0,1,1,60,1,2,,,2,,1,2,0,1,2,1,1.435,2.653,50,2,3,2,,1,,,
872,928,1,1,1,1,,2,2,1,1,,,,25,2,6,,,2,,1,1,0,1,1,3,0.602,1.135,45,4,5,1,1,,,,
873,928,1,2,1,1,,3,2,1,1,0,1,0,41,4,9,,1,2,,1,1,0,2,1,1,0.789,1.434,42,3,5,1,1,,,,
874,928,1,2,1,1,,2,2,1,1,,,,50,4,9,,2,2,,1,1,0,1,1,1,0.587,0.947,25,3,5,1,1,,,,
875,928,2,2,1,1,,2,2,1,1,,,,26,2,5,,,2,,1,3,0,1,1,3,0.602,1.135,45,2,3,2,,1,,,
876,928,1,2,1,1,,7,2,1,1,3,1,1,44,4,7,,,2,,1,1,0,1,1,1,0.75,1.362,36,3,5,2,,2,,,
877,928,9,1,1,3,4,4,3,2,1,1,0,0,18,1,1,,,2,,1,1,0,1,2,3,0.423,1.896,13,1,1,2,,1,,,
878,928,2,2,1,1,,2,2,1,1,,,,27,5,8,,,2,,1,1,0,2,1,1,0.882,1.601,36,3,5,8,,,,,8
879,928,1,2,1,1,,2,2,1,1,,,,40,4,8,,,2,,1,1,0,1,1,3,0.568,1.073,12,4,5,1,1,,,,
880,928,2,4,1,2,,1,,0,1,,,,64,2,2,,,2,,1,3,0,2,1,1,0.781,1.261,25,2,5,2,,1,,,
881,928,1,2,1,1,,4,2,1,1,0,0,2,28,2,5,,,2,,1,2,0,1,1,2,0.623,1.156,55,3,3,2,,1,,,
882,928,1,2,1,1,,2,2,1,1,,,,54,4,3,,,2,,1,2,0,2,2,2,0.268,0.55,18,2,3,2,,1,,,
883,928,2,4,1,3,1,1,,0,1,,,,72,1,2,,,2,,1,1,0,2,2,1,1.617,4.164,36,2,4,1,2,,,,
884,928,2,1,2,2,,1,,1,0,,,,22,3,2,,,2,,1,1,0,1,1,3,0.741,0.7,11,3,5,1,2,,,,
885,928,2,2,1,3,4,2,2,1,1,,,,45,2,98,8,,2,,1,2,1,2,1,1,0.394,0.715,36,3,4,8,,,,,8
886,928,1,2,1,1,,3,2,1,1,1,0,0,53,1,8,,,2,,1,1,0,2,2,2,1.048,2.155,18,3,5,2,,8,,,
887,928,1,2,1,1,,3,2,1,1,0,0,1,29,2,6,,,2,,2,2,0,1,2,3,0.906,2.029,13,2,2,8,,,,,8
888,928,2,1,2,1,,2,2,2,0,,,,21,3,7,,,2,,1,3,0,1,1,3,0.741,1.401,13,2,5,1,1,,,,
889,928,1,5,1,2,,2,1,1,0,0,0,1,26,5,4,,,2,,1,3,0,1,1,3,0.496,0.468,12,1,5,3,,,1,1,
890,928,1,2,1,1,,5,2,1,1,0,2,1,34,4,9,,2,2,,1,1,0,1,1,2,0.509,0.944,18,4,4,2,,2,,,
891,928,2,1,1,1,,1,,0,1,,,,19,2,3,,,2,,1,1,0,2,1,1,1.342,2.434,42,3,4,8,,,,,2
892,928,1,2,1,3,2,4,2,1,1,0,2,0,35,2,8,,,2,,1,1,0,2,1,2,0.759,1.406,18,3,5,1,1,,,,
893,928,1,2,1,2,,5,2,1,1,2,1,0,41,3,2,,,2,,1,3,0,1,1,2,0.721,1.336,39,4,5,7,,,,,3
894,928,1,5,1,3,4,3,1,0,1,1,1,0,35,2,3,,,2,,1,3,0,2,1,2,0.759,0.703,18,3,5,8,,,,,1
895,928,1,2,1,1,,2,2,1,1,,,,57,4,8,,,2,,1,1,0,2,1,1,1.019,1.848,36,3,5,8,,,,,1
896,928,1,1,1,1,,1,,1,0,,,,28,3,6,,,2,,1,1,0,1,1,2,0.623,0.578,26,3,4,2,,1,,,
897,928,1,1,1,2,,2,2,1,1,,,,18,2,3,,,2,,1,1,0,1,1,3,0.741,1.401,45,4,5,1,1,,,,
898,928,2,1,1,1,,3,2,1,1,0,0,1,30,3,3,,,2,,2,2,0,1,1,3,1.587,2.997,37,4,5,2,,1,,,
899,928,1,2,1,1,,3,2,1,1,0,1,0,26,1,6,,,2,,1,2,0,2,1,1,3.455,6.27,42,3,5,8,,,,,2
900,928,1,2,1,1,,3,2,1,1,0,1,0,41,4,9,,2,2,,5,2,0,1,1,3,0.568,1.073,13,4,5,2,,1,,,
901,928,1,2,1,3,2,2,2,1,1,,,,99,2,7,,,2,,1,2,0,2,2,1,0.447,1.151,36,3,5,1,1,,,,
902,928,1,5,1,1,,3,2,1,1,0,0,1,31,3,8,,,2,,1,2,0,1,1,1,0.794,1.442,36,3,4,2,,1,,,
903,928,1,2,1,3,1,2,2,1,1,,,,67,1,5,,,2,,1,2,0,1,2,3,1.321,2.957,12,4,5,2,,1,,,
904,928,2,2,1,1,,2,2,1,1,,,,26,2,99,2,,2,,1,3,0,1,1,1,0.794,1.442,42,1,1,3,,,2,7,
905,928,1,1,2,2,,4,3,1,2,1,0,0,18,3,8,,,2,,1,3,0,2,1,1,0.84,2.716,9,1,2,3,,,2,1,
906,928,1,5,1,2,,3,1,0,1,2,0,0,36,4,5,,,2,,1,3,1,2,1,1,0.501,0.454,42,4,5,2,,1,,,
907,928,1,2,1,1,,2,2,1,1,,,,32,5,8,,,2,,1,2,0,1,1,1,0.649,1.178,36,4,5,2,,1,,,
908,928,2,1,1,1,,2,2,1,1,,,,26,2,6,,,2,,1,3,0,1,2,1,0.253,0.651,36,3,5,8,,,,,3
909,928,1,1,2,1,,4,3,1,2,0,0,1,19,3,7,,,2,,1,3,0,2,1,1,0.84,2.716,9,2,4,1,1,,,,
910,928,1,2,1,1,,5,2,1,1,0,1,2,30,4,7,,,2,,1,3,0,1,1,2,0.509,0.944,26,1,5,3,,,1,1,
911,928,1,2,1,3,1,2,2,1,1,,,,75,3,8,,,2,,1,3,0,1,1,3,0.903,1.705,13,4,5,1,1,,,,
912,928,1,2,1,1,,3,2,1,1,0,0,1,32,4,9,,2,2,,1,3,0,1,2,2,0.27,0.555,39,3,5,3,,,1,2,
913,928,1,2,1,1,,6,2,1,1,1,1,2,32,2,8,,,1,1,,1,0,1,1,1,0.498,0.804,9,1,5,8,,,,,1
914,928,1,2,1,1,,4,2,1,1,0,2,0,45,4,8,,,2,,1,2,0,1,2,3,0.405,0.905,51,4,5,2,,1,,,
915,928,1,2,1,1,,4,3,2,1,1,0,0,44,4,9,,2,2,,1,1,1,1,1,3,0.284,1.073,37,4,5,1,1,,,,
916,928,1,2,1,1,,4,2,1,1,2,0,0,45,2,6,,,2,,1,3,0,1,1,1,1.145,2.078,42,2,5,2,,2,,,
917,928,2,5,1,2,,4,2,1,1,0,1,1,25,3,4,,,2,,1,3,0,1,1,2,0.623,1.156,26,2,1,1,2,,,,
918,928,1,2,1,3,1,2,2,1,1,,,,59,3,8,,,2,,1,3,1,1,1,2,0.472,0.937,29,4,5,3,,,1,2,
919,928,2,5,1,1,,4,2,1,1,0,0,2,29,3,1,,,2,,2,2,0,1,1,3,1.587,2.997,12,1,1,8,,,,,8
920,928,1,5,1,1,,3,1,1,0,2,0,0,43,5,8,,,2,,1,3,0,1,1,2,0.589,0.546,17,3,5,1,1,,,,
921,928,1,1,2,2,,3,3,2,1,,,,18,2,8,,,2,,1,1,1,1,1,3,0.589,1.958,48,2,5,3,,,1,1,
922,928,8,9,1,1,,9,,,,,,,99,4,99,1,,2,,9,3,0,1,1,2,1.035,0.959,26,3,5,1,2,,,,
923,928,2,2,1,1,,1,,1,0,,,,38,3,6,,,1,1,,3,0,1,1,3,1.105,0.918,48,3,3,3,,,1,1,
924,928,1,2,1,3,1,2,2,1,1,,,,74,4,6,,,2,,1,3,0,1,1,3,0.626,1.09,47,3,5,8,,,,,8
925,928,1,2,1,1,,2,2,1,1,,,,41,2,6,,,2,,1,3,0,1,2,2,0.641,1.179,29,3,5,2,,1,,,
926,928,1,2,1,1,,3,2,1,1,1,0,0,58,5,6,,,2,,1,2,0,1,1,3,0.62,1.171,54,4,5,3,,,1,2,
927,928,1,2,1,1,,5,2,1,1,0,1,2,28,2,6,,,2,,1,3,0,1,2,2,0.555,1.02,19,2,1,0,,,,,3
928,928,1,2,1,1,,3,3,1,2,,,,42,3,8,,,2,,1,2,1,1,1,3,0.552,0.918,22,4,5,2,,1,,,
929,928,1,1,1,1,,1,,1,0,,,,55,3,3,,,2,,2,3,0,1,1,2,2.489,2.474,29,3,5,2,,1,,,
930,928,1,2,1,1,,2,2,1,1,,,,56,1,4,,,2,,1,2,0,1,2,2,2.241,4.118,29,2,5,2,,1,,,
931,928,1,2,1,3,1,3,3,2,1,,,,60,2,8,,,2,,1,3,0,1,1,3,1.206,4.005,48,3,4,1,1,,,,
932,928,1,2,1,1,,3,2,1,1,1,0,0,43,5,8,,,2,,1,3,0,1,2,3,0.671,1.296,48,3,5,2,,2,,,
933,928,1,5,1,1,,1,,1,0,,,,40,3,3,,,2,,1,1,0,1,2,2,0.641,0.589,29,2,3,1,2,,,,
934,928,1,2,1,3,1,2,2,1,1,,,,70,2,6,,,2,,1,1,0,1,2,2,0.666,1.224,31,4,5,2,,2,,,
935,928,1,2,1,1,,3,2,1,1,0,0,1,29,3,7,,,2,,1,2,0,2,1,4,1.262,2.386,6,3,5,2,,2,,,
936,928,2,1,1,1,,4,2,1,1,0,1,1,26,2,4,,,2,,1,1,0,1,2,2,0.33,0.678,55,3,4,1,1,,,,
937,928,1,2,1,1,,3,2,1,1,1,0,0,44,3,8,,,2,,1,9,0,1,2,4,0.804,1.392,16,4,4,8,,,,,2
938,928,1,2,1,1,,2,2,1,1,,,,35,2,3,,,2,,1,3,0,1,1,2,0.721,1.336,55,4,5,3,,,1,2,
939,928,1,2,1,1,,5,2,1,1,0,3,0,46,4,9,,2,2,,1,1,0,1,1,2,0.734,1.361,17,3,5,1,1,,,,
940,928,1,2,1,1,,5,3,2,1,2,0,0,44,3,7,,,2,,1,3,1,1,2,2,0.321,1.179,19,3,5,2,,1,,,
941,928,1,2,1,3,1,2,2,1,1,,,,72,2,5,,,2,,1,2,0,1,1,2,0.898,1.785,19,3,5,2,,1,,,
942,928,2,2,1,3,5,5,3,1,2,1,1,0,41,3,2,,,2,,1,3,0,1,1,2,0.721,1.336,17,1,1,1,1,,,,
943,928,1,5,1,1,,3,3,2,1,,,,37,3,9,,1,2,,1,2,0,1,1,2,0.864,3.437,19,4,5,3,,,1,2,
944,928,1,2,1,1,,4,2,1,1,0,0,2,27,2,3,,,2,,1,3,0,1,2,2,0.555,1.02,20,1,1,1,1,,,,
945,928,1,1,1,1,,2,2,1,1,,,,30,2,6,,,2,,1,2,0,1,2,2,0.555,1.02,31,3,2,2,,1,,,
946,928,1,4,1,3,1,1,,0,1,,,,76,6,3,,,2,,1,2,0,2,1,4,1.508,2.851,6,4,5,3,,,1,2,
947,928,1,3,1,1,,3,2,2,0,1,0,0,48,1,7,,,2,,1,1,0,1,1,2,3.236,6.432,20,1,3,3,,,2,7,
948,928,2,1,1,1,,2,2,2,0,,,,23,3,8,,,2,,1,2,0,1,1,2,0.923,1.834,20,4,5,2,,1,,,
949,928,1,2,1,1,,5,2,1,1,0,3,0,34,3,6,,,2,,1,1,0,1,2,2,0.555,1.02,27,3,5,1,1,,,,
950,928,1,2,1,1,,3,3,2,1,,,,54,3,99,1,,2,,1,9,1,1,2,2,0.238,0.978,18,3,5,9,,,,,9
951,928,1,2,1,1,,3,3,2,1,,,,53,2,7,,,2,,1,1,0,1,2,2,0.8,2.939,31,2,5,1,1,,,,
952,928,1,2,1,1,,2,2,1,1,,,,60,4,9,,2,2,,1,2,0,1,1,3,0.986,1.637,48,3,5,8,,,,,8
953,928,1,2,1,3,4,4,3,1,2,1,0,0,52,2,6,,,2,,1,2,0,1,1,2,1.078,2.143,27,3,5,2,,2,,,
954,928,2,2,1,1,,5,2,1,1,0,1,2,25,3,6,,,2,,1,1,0,1,2,4,0.696,1.205,32,4,5,3,,,1,2,
955,928,2,5,1,1,,2,1,0,1,0,1,0,32,3,2,,,1,1,,2,0,2,1,4,1.262,1.192,6,3,5,2,,1,,,
956,928,2,1,1,2,,1,,1,0,,,,21,3,3,,,2,,1,3,0,1,1,4,0.748,0.845,49,2,2,3,,,1,1,
957,928,1,2,2,1,,5,5,2,3,,,,22,2,5,,,2,,1,3,0,1,1,4,1.145,4.332,6,1,2,1,2,,,,
958,928,2,2,1,1,,2,2,1,1,,,,38,4,6,,,2,,1,3,0,1,1,4,0.878,1.659,41,4,5,2,,1,,,
959,928,2,1,1,1,,1,,0,1,,,,33,4,6,,,2,,1,3,0,2,1,4,1.032,1.95,6,3,5,1,2,,,,
960,928,1,4,1,3,5,2,2,1,1,,,,72,2,1,,,2,,1,1,0,2,2,4,1.39,2.406,8,4,5,1,1,,,,
961,928,2,1,1,1,,3,3,3,0,,,,35,3,8,,,2,,1,2,0,1,1,4,1.074,2.031,41,4,5,3,,,1,7,
962,928,1,2,1,1,,3,3,2,1,,,,43,3,7,,,2,,1,3,0,2,1,4,0.738,1.666,4,3,5,3,,,2,1,
963,928,1,2,1,3,1,2,2,1,1,,,,71,3,3,,,1,1,,2,0,1,1,4,0.728,1.645,35,1,5,3,,,2,2,
964,928,1,2,1,1,,3,2,1,1,0,0,1,27,3,6,,,2,,1,1,0,1,1,4,0.607,1.37,4,3,4,8,,,,,3
965,928,2,2,1,1,,5,3,1,2,0,2,0,34,1,5,,,2,,1,2,0,2,2,4,1.529,6.92,41,3,5,9,,,,,2
966,928,1,2,1,1,,4,2,1,1,0,2,0,48,4,8,,,2,,1,2,0,1,1,4,0.715,1.613,8,3,5,2,,1,,,
967,928,1,2,1,3,2,4,2,1,1,2,0,0,42,4,9,,1,2,,1,3,0,2,1,4,0.924,1.747,41,1,5,8,,,,,0
968,928,1,2,1,3,2,5,2,1,1,0,1,2,32,3,7,,,2,,1,3,0,2,2,4,0.798,1.804,53,3,5,1,1,,,,
969,928,1,2,1,1,,4,4,3,1,,,,44,6,4,,,2,,1,3,0,2,2,4,0.847,1.466,8,3,3,8,,,,,1
970,928,1,5,1,1,,1,,0,1,,,,40,2,3,,,2,,1,1,0,2,2,4,0.847,1.466,35,2,5,1,1,,,,
971,928,2,2,1,1,,5,3,2,1,0,1,1,33,2,7,,,2,,1,3,0,1,1,4,0.607,2.739,32,3,4,2,,1,,,
972,928,2,5,1,1,,3,1,0,1,0,2,0,34,2,2,,,2,,1,2,0,2,1,4,0.824,0.929,56,1,4,2,,8,,,
973,928,2,2,1,1,,2,2,1,1,,,,28,3,4,,,2,,2,3,0,1,1,4,2.453,4.635,6,9,9,9,,,,,9
974,928,1,2,1,1,,3,2,1,1,0,0,1,28,4,6,,,2,,1,1,0,1,2,4,0.569,0.985,16,4,5,1,1,,,,
975,928,1,2,1,3,1,2,2,1,1,,,,66,4,3,,,2,,1,8,0,1,1,4,0.912,1.724,41,3,1,0,,,,,0
976,928,1,1,2,1,,3,3,2,1,,,,25,3,98,1,,2,,1,1,0,1,1,4,0.929,3.514,6,2,4,1,2,,,,
977,928,2,4,1,3,1,1,,0,1,,,,84,1,1,,,2,,1,2,0,2,2,4,3.054,6.907,41,2,5,2,,2,,,
978,928,1,5,1,1,,1,,1,0,,,,32,3,6,,,2,,1,1,0,1,1,4,0.607,0.685,30,3,5,2,,1,,,
979,928,1,2,1,3,2,4,2,1,1,2,0,0,34,1,6,,,2,,1,3,0,2,1,4,2.639,5.956,8,1,3,8,,,,,8
980,928,1,2,1,1,,6,2,1,1,0,2,2,30,5,7,,,2,,1,2,0,2,1,4,1.032,1.95,6,3,5,2,,2,,,
981,928,1,2,1,1,,4,4,2,2,,,,48,5,9,,2,2,,1,1,1,2,1,4,0.377,1.424,6,4,5,1,1,,,,
982,928,1,2,1,2,,3,2,1,1,0,0,1,32,5,7,,,2,,1,3,1,2,1,4,0.515,0.975,53,2,5,1,1,,,,
983,928,1,2,1,1,,3,2,1,1,1,0,0,57,4,8,,,2,,1,1,1,1,1,4,0.313,0.705,4,3,5,8,,,,,2
984,928,1,2,1,3,1,2,2,1,1,,,,68,2,2,,,2,,1,3,0,2,2,4,1.39,2.406,49,3,5,2,,2,,,
985,928,1,5,2,2,,3,2,0,2,0,1,0,36,4,1,,,2,,1,2,0,2,1,4,0.924,1.747,6,3,5,1,2,,,,
986,928,1,2,1,3,2,5,2,1,1,1,2,0,36,3,98,2,,2,,1,1,0,2,1,4,1.131,2.137,6,2,5,2,,2,,,
987,928,1,4,1,3,1,1,,1,0,,,,66,4,8,,,2,,1,1,0,1,1,4,0.912,0.862,6,4,5,8,,,,,3
988,928,1,2,1,1,,2,2,1,1,,,,39,3,8,,,2,,1,2,0,1,1,4,1.074,2.031,6,4,5,8,,,,,8
989,928,1,2,1,3,1,2,2,1,1,,,,54,4,8,,,2,,9,0,0,2,1,4,0.822,1.554,6,4,5,0,,,,,0
990,928,1,2,1,1,,2,2,1,1,,,,38,2,8,,,2,,1,2,0,2,1,4,1.131,2.137,53,3,5,2,,2,,,
991,928,2,5,1,1,,1,,0,1,,,,54,4,5,,,2,,1,2,0,2,1,4,0.753,1.424,6,3,5,2,,1,,,
992,928,1,2,1,1,,6,4,2,2,1,0,1,27,3,6,,,2,,1,3,0,1,1,4,0.929,3.514,6,4,5,8,,,,,1
993,928,2,5,1,2,,2,2,1,1,,,,48,4,5,,,2,,1,3,0,2,1,4,0.753,1.424,6,1,1,7,,,,,1
994,928,1,5,1,1,,1,,1,0,,,,67,1,6,,,2,,9,2,0,1,1,4,3.903,3.689,6,3,4,2,,2,,,
995,928,2,5,1,1,,4,2,1,1,1,1,0,42,5,8,,,2,,1,3,0,2,1,4,0.924,1.747,6,3,5,8,,,,,2
996,928,1,1,2,2,,6,3,2,1,3,0,0,18,2,7,,,2,,1,2,0,1,2,3,0.423,1.896,37,2,5,2,,1,,,
997,928,2,1,2,1,,4,3,2,1,1,0,0,20,2,98,2,,2,,5,3,0,1,1,2,0.769,2.85,39,1,3,1,1,,,,
998,928,2,1,1,3,3,1,,0,1,,,,32,4,3,,,2,,1,3,0,2,1,1,0.552,0.893,25,1,1,7,,,,,0
999,928,1,5,1,2,,1,,0,1,,,,60,2,2,,,2,,1,2,0,2,1,2,0.978,1.813,39,3,5,2,,1,,,
1000,928,2,2,1,1,,3,2,1,1,0,0,1,26,2,1,,,2,,2,3,0,1,1,3,1.587,2.997,13,2,2,8,,,,,1
1001,928,2,2,1,1,,5,2,1,1,1,0,2,34,3,2,,,2,,2,3,0,1,1,1,2.096,3.804,36,2,3,1,2,,,,
1002,928,2,1,1,1,,2,2,0,2,,,,22,1,4,,,2,,1,3,0,2,1,1,1.342,2.434,36,1,5,8,,,,,1
1003,928,1,1,1,1,,2,2,1,1,,,,25,2,5,,,2,,1,3,0,1,1,1,0.794,1.442,42,2,1,1,1,,,,
1004,928,1,2,1,2,,2,2,1,1,,,,56,4,3,,,2,,1,2,0,1,1,2,0.642,1.191,39,2,5,3,,,2,2,
1005,928,1,2,1,2,,4,3,1,2,1,0,0,40,2,6,,,2,,1,0,0,2,1,2,0.759,2.813,39,3,5,9,,,,,9
1006,928,1,2,1,2,,2,2,1,1,,,,44,3,9,,2,2,,1,3,0,2,1,1,0.967,1.754,42,4,5,2,,1,,,
1007,928,2,1,1,1,,1,,0,1,,,,32,3,5,,,2,,1,1,0,2,1,4,0.824,1.86,49,2,5,1,2,,,,
1008,928,1,2,1,3,1,2,2,1,1,,,,78,1,6,,,2,,1,3,0,1,1,4,2.916,6.582,49,2,5,0,,,,,1
