ID,WEEK,Z1,Z2,Z3,Z4,Z5,Z6,Z6A,Z6AA,Z6AB,Z6B,Z6C,Z6D,Z7,Z8,Z9,Z9A,Z9AA,Z10,Z10A,Z11,Z11A,Z12,SEX,METRO,REGION,HWEIGHT,PWEIGHT,STATE,AW1,AW2,AW3,AW4,AW5A,AW5B,AW6,AW7,AW8,AW9A,AW9B,AW9C,AW19,AW20,AW21
1,838,1,2,1,3,4,3,2,1,1,1,0,0,60,3,99,9,,2,,2,2,1,1,1,2,0.521,1.001,17,1,4,5,2,,1,,2,2,1,1,1,2,,3
2,838,1,2,1,3,1,3,3,1,2,,,,70,2,7,,,2,,1,1,0,1,1,3,0.863,1.658,12,1,4,5,1,1,,,1,1,1,3,1,1,,4
3,838,1,2,1,3,1,2,2,1,1,,,,65,2,5,,,2,,1,3,0,1,1,2,0.753,1.446,26,1,3,4,1,2,,,1,1,2,2,2,3,2,4
4,838,2,1,1,1,,4,2,1,1,0,2,0,29,1,3,,,1,9,,8,0,2,1,1,1.748,3.561,42,2,,,,,,,,,,,,8,2,8
5,838,1,2,1,1,,3,2,1,1,0,1,0,36,2,7,,,2,,1,1,0,2,2,3,0.495,1.107,51,1,3,5,1,1,,,3,1,2,2,2,1,,3
6,838,2,2,1,3,3,3,2,1,1,0,0,1,29,2,4,,,2,,1,2,0,2,1,3,0.947,1.819,13,2,,,,,,,,,,,,2,,3
7,838,1,1,1,3,3,2,2,0,2,,,,21,3,4,,,2,,1,2,0,2,1,3,1.55,2.977,13,1,2,3,8,,,7,8,2,1,8,2,2,,3
8,838,1,2,1,2,,2,2,1,1,,,,99,4,99,9,,2,,1,1,1,2,1,2,0.287,0.551,18,1,1,5,1,1,,,1,1,2,3,1,1,,4
9,838,1,2,1,3,4,2,2,1,1,,,,28,4,7,,,2,,1,1,0,1,2,3,0.596,1.335,37,2,,,,,,,,,,,,1,,4
10,838,2,1,1,2,,1,,1,0,,,,41,4,5,,,2,,1,3,0,1,1,3,0.598,0.573,24,1,4,5,2,,1,,2,2,3,2,2,3,1,1
11,838,1,2,1,3,2,4,3,1,2,0,0,1,35,6,5,,,2,,2,2,0,2,1,1,0.921,3.749,42,1,3,5,2,,1,,2,2,3,2,3,2,,2
12,838,1,4,1,3,1,1,,0,1,,,,72,1,1,,,2,,1,2,0,2,1,1,1.677,3.415,42,1,3,5,9,,,9,9,7,9,1,2,2,,5
13,838,2,1,2,2,,2,2,1,1,,,,18,1,3,,,2,,1,1,0,2,1,2,1.353,2.597,39,2,,,,,,,,,,,,1,,2
14,838,1,1,2,1,,4,4,3,1,,,,24,3,9,,1,2,,1,2,2,1,1,1,0.323,1.317,34,1,3,5,2,,1,,2,2,2,1,2,2,,2
15,838,1,2,1,3,5,4,2,1,1,0,1,1,50,3,2,,,2,,1,3,1,1,1,3,0.374,0.718,12,2,,,,,,,,,,,,3,7,5
16,838,1,2,1,1,,3,2,1,1,0,1,0,42,5,9,,2,2,,1,2,0,1,1,3,0.598,1.148,51,1,4,4,2,,2,,2,2,3,1,3,2,,3
17,838,1,4,1,3,1,1,,0,1,,,,79,2,3,,,2,,1,1,0,2,1,3,1.247,2.394,12,1,3,5,1,1,,,1,1,8,8,9,1,,4
18,838,9,9,1,9,,9,,,,,,,99,4,99,9,,9,,9,2,0,1,1,3,0.574,0.55,12,9,,,,,,,,,,,,2,,7
19,838,2,2,1,2,,4,2,1,1,0,0,2,41,5,3,,,2,,1,3,0,1,1,1,0.568,1.157,42,1,4,5,2,,1,,2,2,1,1,2,3,1,2
20,838,1,2,1,2,,4,2,1,1,0,1,1,33,2,7,,,2,,1,1,0,2,1,3,0.947,1.819,24,1,3,5,1,2,,,3,1,3,1,3,1,,3
21,838,1,1,2,1,,5,3,2,1,2,0,0,21,3,7,,,2,,1,3,0,1,1,1,0.647,2.635,36,1,3,5,2,,1,,3,7,3,1,3,3,2,4
22,838,1,2,1,1,,2,2,1,1,,,,52,2,9,,2,2,,1,3,0,1,2,2,0.426,0.966,39,2,,,,,,,,,,,,3,1,3
23,838,1,2,2,2,,4,2,1,1,1,1,0,41,2,4,,,2,,1,1,0,2,1,1,0.648,1.319,42,1,3,5,1,2,,,3,1,2,2,2,1,,3
24,838,1,4,1,3,1,1,,0,1,,,,72,2,3,,,2,,1,1,0,2,2,1,0.457,0.898,42,1,3,5,1,1,,,1,1,3,1,2,1,,5
25,838,1,2,1,3,1,2,2,1,1,,,,69,2,7,,,2,,1,1,0,2,1,3,0.669,1.287,13,1,4,5,1,2,,,1,1,2,2,3,1,,4
26,838,2,2,1,1,,4,4,2,2,,,,33,6,1,,,2,,2,9,2,1,1,1,0.67,2.73,36,2,,,,,,,,,,,,9,1,3
27,838,1,4,1,3,2,1,,0,1,,,,70,3,3,,,2,,1,2,0,2,1,1,1.295,2.094,9,1,4,3,2,,1,,2,2,1,1,1,2,,2
28,838,1,2,1,1,,4,2,1,1,1,1,0,38,2,6,,,2,,1,2,0,1,2,2,0.411,0.932,39,2,,,,,,,,,,,,2,,2
29,838,1,2,1,1,,4,2,1,1,0,1,1,28,2,4,,,2,,1,1,0,1,2,3,0.72,1.612,37,1,1,3,8,,,1,1,7,2,2,2,1,,5
30,838,1,2,1,1,,3,2,1,1,0,0,1,40,5,8,,,2,,1,3,0,1,1,1,0.568,1.157,42,1,4,5,2,,1,,2,1,2,1,2,3,2,3
31,838,1,1,2,1,,2,2,0,2,,,,34,2,3,,,2,,1,3,0,2,1,2,0.827,1.587,39,1,3,5,1,1,,,1,1,3,2,2,3,2,3
32,838,1,2,1,2,,4,3,2,1,1,0,0,52,1,6,,,2,,1,2,0,2,1,3,1.692,3.251,13,1,3,5,2,,1,,2,7,4,1,3,2,,2
33,838,1,2,1,1,,5,2,1,1,1,1,1,42,4,7,,,2,,1,1,0,1,1,1,0.568,1.157,36,1,3,5,2,,2,,2,1,2,2,2,1,,3
34,838,1,5,1,1,,3,1,0,1,1,1,0,31,2,4,,,2,,1,1,0,2,1,2,0.827,0.794,39,1,3,5,2,,1,,2,1,3,2,2,1,,3
35,838,1,1,2,1,,2,2,0,2,,,,21,6,1,,,2,,1,3,0,2,2,1,0.85,1.833,23,1,4,5,1,1,,,1,1,3,3,2,3,2,1
36,838,1,1,2,2,,2,2,0,2,,,,18,2,4,,,2,,1,1,0,2,1,1,1.474,3.002,42,1,3,5,2,,1,,2,7,2,1,2,1,,2
37,838,1,1,1,1,,3,1,1,0,0,2,0,36,3,6,,,2,,1,3,0,1,2,3,0.524,0.587,24,2,,,,,,,,,,,,3,1,2
38,838,1,2,1,2,,5,3,2,1,1,1,0,41,2,8,,,2,,1,3,0,2,1,3,0.682,1.309,37,1,4,5,1,1,,,1,1,2,3,2,3,2,3
39,838,2,2,1,1,,2,2,1,1,,,,27,4,2,,,2,,5,2,0,1,1,1,1.588,2.567,25,2,,,,,,,,,,,,2,,2
40,838,1,2,1,3,2,3,2,1,1,0,1,0,40,4,9,,1,2,,1,2,0,2,1,3,0.564,1.083,12,2,,,,,,,,,,,,2,,2
41,838,1,1,2,3,3,4,3,2,1,1,0,0,18,2,98,8,,2,,1,3,0,1,1,2,0.594,2.281,39,2,,,,,,,,,,,,3,1,2
42,838,1,2,1,3,1,2,2,1,1,,,,71,2,4,,,2,,1,1,2,2,1,2,0.292,0.561,18,2,,,,,,,,,,,,1,,3
43,838,2,2,1,2,,3,2,1,1,1,0,0,52,2,1,,,2,,2,2,0,2,1,3,0.913,1.754,13,2,,,,,,,,,,,,2,,2
44,838,2,4,1,3,4,2,1,0,1,1,0,0,43,2,1,,,2,,2,2,0,2,1,3,0.968,0.929,37,2,,,,,,,,,,,,2,,5
45,838,1,2,1,1,,4,2,1,1,1,1,0,33,2,5,,,2,,2,2,0,2,1,3,1.345,2.584,12,1,3,5,2,,1,,2,8,3,2,3,2,,5
46,838,1,1,1,3,1,1,,1,0,,,,64,2,8,,,2,,1,3,0,1,1,3,0.841,0.808,51,2,,,,,,,,,,,,3,2,4
47,838,1,2,1,1,,2,2,1,1,,,,48,2,99,9,,2,,1,2,0,1,1,1,1.446,2.339,9,1,3,5,2,,2,,3,2,1,1,1,2,,3
48,838,1,2,1,3,1,2,2,1,1,,,,62,2,4,,,2,,1,1,0,1,1,1,0.799,1.628,42,1,3,5,1,2,,,3,1,3,4,1,1,,2
49,838,1,2,1,1,,6,2,1,1,1,2,1,31,3,8,,,2,,2,2,1,2,1,2,0.587,1.127,26,1,2,5,2,,1,,2,2,3,1,1,2,,3
50,838,2,2,2,2,,3,3,1,2,,,,46,2,6,,,2,,1,2,0,2,2,1,0.439,1.722,36,2,,,,,,,,,,,,2,,2
51,838,2,5,1,3,3,4,1,0,1,0,0,3,27,3,1,,,2,,1,2,0,2,2,1,0.519,0.56,23,2,,,,,,,,,,,,2,,3
52,838,1,1,2,3,4,4,3,1,2,1,0,0,19,2,9,,1,2,,5,2,1,1,1,3,0.34,0.653,24,2,,,,,,,,,,,,2,,4
53,838,1,2,1,3,5,5,5,3,2,,,,51,4,6,,,2,,1,1,0,1,1,3,0.577,2.356,21,1,3,5,1,1,,,1,1,3,1,2,1,,3
54,838,1,5,1,1,,2,2,1,1,,,,38,2,7,,,2,,1,2,0,2,1,1,0.648,1.319,42,1,4,5,2,,1,,2,7,1,1,2,2,,3
55,838,2,1,1,2,,1,,1,0,,,,60,5,6,,,2,,1,3,0,1,1,1,0.662,0.673,36,2,,,,,,,,,,,,3,7,3
56,838,1,2,1,2,,4,2,1,1,1,1,0,35,2,2,,,1,1,,3,0,1,2,1,0.396,0.853,23,1,2,4,2,,1,,3,1,3,1,4,3,1,4
57,838,1,1,2,3,3,4,3,2,1,1,0,0,18,1,2,,,2,,1,3,0,1,1,2,0.594,2.281,39,2,,,,,,,,,,,,3,1,3
58,838,1,2,1,1,,2,2,1,1,,,,51,2,6,,,2,,1,3,0,2,1,1,1.243,2.01,9,1,4,5,1,2,,,1,1,2,2,3,3,2,3
59,838,1,2,2,3,1,2,2,1,1,,,,99,2,4,,,2,,2,2,0,2,1,2,0.985,1.891,26,1,2,5,2,,1,,2,2,1,2,2,2,,2
60,838,1,1,1,1,,4,2,1,1,0,0,2,20,1,6,,,2,,1,1,0,1,1,2,0.594,1.14,18,1,3,5,1,1,,,1,7,3,3,2,1,,4
61,838,1,1,2,2,,4,4,2,2,,,,21,3,99,1,,2,,5,3,0,1,1,1,1.315,4.254,25,2,,,,,,,,,,,,3,1,7
63,838,2,2,1,1,,3,2,1,1,0,0,1,29,4,6,,,2,,1,1,0,1,1,3,0.821,1.578,37,1,4,5,2,,1,,2,1,2,1,4,1,,4
64,838,1,4,1,3,1,1,,0,1,,,,84,2,9,,8,2,,1,1,0,2,1,1,1.185,2.414,42,1,4,5,1,2,,,1,1,4,1,3,1,,2
65,838,1,2,1,1,,3,2,1,1,0,0,1,41,4,9,,2,2,,1,3,0,1,1,1,1.155,1.868,25,1,4,5,1,2,,,3,1,2,1,2,3,1,3
66,838,2,1,8,1,,4,4,2,2,,,,24,2,9,,2,2,,1,3,0,1,2,2,0.388,1.757,39,2,,,,,,,,,,,,3,7,2
67,838,2,5,1,1,,2,2,1,1,,,,55,3,2,,,2,,1,2,0,2,2,3,0.524,1.174,54,1,4,5,2,,2,,2,1,2,2,3,2,,2
68,838,1,5,1,1,,1,,0,1,,,,59,1,98,8,,2,,1,8,0,2,1,3,1.902,3.653,45,2,,,,,,,,,,,,8,8,3
69,838,1,4,1,3,1,1,,0,1,,,,69,5,5,,,2,,1,2,0,2,2,3,0.403,0.901,13,1,4,5,2,,1,,2,2,2,1,3,2,,3
70,838,1,2,1,1,,2,2,1,1,,,,54,2,8,,,2,,1,1,0,2,2,1,0.439,0.861,36,1,3,5,2,,1,,2,1,1,1,2,1,,3
71,838,1,2,1,1,,3,3,2,1,,,,49,2,7,,,2,,1,3,0,1,2,1,0.41,1.769,23,1,3,5,2,,1,,2,1,1,1,2,3,1,3
72,838,1,4,1,2,,1,,0,1,,,,60,2,2,,,2,,1,2,0,2,2,3,0.524,1.174,54,1,4,5,2,,1,,2,2,2,2,3,2,,3
73,838,1,2,1,1,,2,2,1,1,,,,42,2,9,,2,2,,1,3,0,2,1,3,0.682,1.309,51,1,3,5,2,,2,,2,2,1,1,3,3,1,3
74,838,2,5,1,1,,1,,1,0,,,,35,4,6,,,2,,1,1,0,1,1,3,0.598,0.573,37,1,4,5,1,1,,,1,1,3,3,3,1,,4
75,838,1,1,1,3,4,1,,1,0,,,,51,2,1,,,2,,2,2,0,1,1,1,1.01,1.029,42,1,2,4,2,,2,,2,2,4,2,3,2,,2
76,838,1,2,1,3,2,2,2,1,1,,,,58,2,99,1,,2,,1,1,0,2,1,3,0.722,1.387,51,1,4,5,1,1,,,1,1,2,3,1,1,,4
77,838,1,2,2,3,1,2,2,1,1,,,,65,2,4,,,2,,1,3,0,2,1,1,0.638,1.298,36,1,1,5,1,2,,,1,1,1,1,2,3,2,3
78,838,2,2,1,3,4,4,2,0,2,1,0,1,39,2,1,,,2,,2,3,0,2,1,3,0.968,1.86,51,1,3,5,2,,2,,2,8,2,1,3,3,1,2
79,838,1,2,1,3,2,6,2,1,1,0,1,3,32,4,99,9,,2,,1,3,0,2,2,1,0.535,1.05,36,1,3,5,9,,,9,9,1,2,2,3,3,9,4
80,838,1,2,1,1,,3,2,1,1,1,0,0,37,3,9,,2,2,,1,3,0,1,1,3,0.722,1.386,24,1,3,5,2,,1,,2,2,2,1,3,3,1,2
81,838,1,1,1,1,,2,2,1,1,,,,23,3,7,,,2,,1,3,0,2,2,1,1.058,2.076,36,1,3,5,1,1,,,1,7,3,3,3,3,2,3
82,838,1,1,1,3,4,2,1,0,1,0,0,1,27,4,1,,,2,,5,3,0,2,1,2,0.684,0.657,26,1,3,5,2,,1,,2,7,3,1,3,3,1,3
83,838,1,2,1,3,2,4,2,1,1,0,1,1,35,3,8,,,2,,1,1,1,2,1,1,0.324,0.66,34,1,2,5,2,,1,,2,2,1,2,3,1,,3
84,838,2,5,1,1,,3,1,0,1,0,2,0,33,3,5,,,2,,1,1,0,2,1,2,0.827,0.794,39,1,1,5,1,1,,,1,1,1,3,1,1,,3
85,838,1,2,1,1,,2,2,1,1,,,,30,2,2,,,2,,2,3,0,2,2,3,0.977,2.186,37,2,,,,,,,,,,,,3,1,3
86,838,1,2,2,3,1,2,2,1,1,,,,65,3,99,1,,2,,1,1,0,2,1,3,0.669,1.287,37,2,,,,,,,,,,,,1,,4
87,838,1,2,1,1,,4,3,2,1,1,0,0,57,5,9,,1,2,,1,2,4,1,1,3,0.348,1.336,24,1,4,5,1,2,,,1,1,2,3,3,2,,3
88,838,1,2,1,1,,2,2,1,1,,,,62,4,9,,1,2,,1,3,0,2,1,1,0.569,1.158,34,1,4,5,2,,1,,2,2,1,1,2,3,7,3
89,838,2,1,1,3,3,2,1,0,1,0,0,1,39,4,99,9,,2,,1,2,0,2,1,3,0.57,0.547,24,2,,,,,,,,,,,,2,,3
90,838,1,4,1,3,4,2,2,1,1,,,,60,1,98,2,,2,,2,2,0,2,1,3,2.701,5.187,12,1,4,5,2,,2,,2,2,3,3,3,2,,5
91,838,2,1,1,1,,1,,0,1,,,,45,4,6,,,2,,1,3,0,2,1,1,0.506,1.031,34,1,2,5,2,,1,,2,2,3,1,2,3,7,2
92,838,2,1,1,1,,1,,0,1,,,,36,4,7,,,1,1,,8,0,2,1,1,0.537,1.093,36,2,,,,,,,,,,,,8,8,4
93,838,2,2,1,1,,2,2,1,1,,,,48,1,2,,,2,,1,1,0,2,2,3,1.228,2.75,37,1,1,3,8,,,1,1,7,1,1,1,1,,8
94,838,1,2,1,1,,5,4,2,2,0,1,0,49,2,8,,,2,,1,3,0,1,1,2,0.653,2.507,26,1,3,5,2,,1,,2,1,1,1,2,3,7,2
95,838,1,2,1,1,,6,2,1,1,3,1,0,37,1,6,,,2,,1,3,0,1,2,2,1.083,2.454,26,1,3,5,2,,1,,2,2,2,1,1,3,2,2
96,838,1,4,1,3,1,1,,0,1,,,,78,1,2,,,2,,1,3,0,2,1,2,2.747,5.272,39,1,3,5,1,1,,,1,1,2,2,2,3,2,3
97,838,2,1,1,1,,1,,1,0,,,,28,2,6,,,2,,1,1,0,1,1,3,0.992,0.953,51,2,,,,,,,,,,,,1,,4
98,838,1,2,1,1,,4,2,1,1,0,2,0,43,4,8,,,2,,1,3,0,1,1,1,1.155,1.868,25,1,4,5,2,,2,,2,1,2,1,2,3,1,3
99,838,1,2,1,3,1,2,2,1,1,,,,69,2,2,,,2,,1,3,0,2,2,3,0.486,1.088,45,1,2,3,8,,,8,8,1,1,8,8,3,8,3
100,838,1,2,1,3,2,4,2,1,1,0,0,2,35,4,9,,1,2,,1,3,0,2,1,3,0.564,1.083,51,1,4,5,2,,1,,2,2,1,1,2,3,1,3
101,838,1,2,1,3,2,3,3,2,1,,,,49,2,5,,,2,,2,2,0,2,1,3,0.913,1.754,13,2,,,,,,,,,,,,2,,3
102,838,8,2,1,1,,2,2,1,1,,,,24,4,6,,,2,,1,1,0,1,2,3,0.494,1.106,54,1,3,4,8,,,1,3,1,1,8,1,1,,3
103,838,2,1,1,1,,1,,1,0,,,,22,4,4,,,2,,1,1,0,1,1,1,0.647,0.659,36,1,4,5,1,1,,,1,1,3,2,1,1,,5
104,838,1,5,1,1,,1,,1,0,,,,60,1,6,,,2,,1,3,0,1,1,1,4.277,3.459,9,1,2,5,2,,1,,3,2,1,1,1,3,7,3
105,838,1,2,1,2,,4,2,1,1,0,1,1,32,3,8,,,2,,1,3,0,2,1,2,0.827,1.587,26,1,3,5,2,,2,,2,7,3,1,4,3,1,2
106,838,1,2,1,2,,2,2,1,1,,,,46,3,8,,,2,,1,1,0,2,1,3,0.643,1.235,51,1,2,4,1,2,,,1,1,2,1,3,1,,4
107,838,1,2,1,1,,6,2,1,1,0,2,2,35,5,8,,,2,,1,2,0,1,1,3,0.598,1.148,24,1,4,5,2,,1,,2,2,2,1,1,2,,2
108,838,1,1,1,1,,6,3,2,1,3,0,0,22,4,9,,2,2,,1,3,1,1,1,1,0.323,1.317,34,1,4,5,1,1,,,1,1,3,3,2,3,2,4
109,838,1,2,8,3,1,2,2,1,1,,,,75,2,99,9,,2,,1,1,0,2,1,3,1.247,2.394,24,1,4,5,1,1,,,1,1,3,2,1,1,,3
110,838,2,5,2,2,,1,,1,0,,,,44,2,1,,,2,,2,1,0,1,1,3,1.025,0.984,54,2,,,,,,,,,,,,1,,3
111,838,1,2,1,1,,3,3,2,1,,,,55,2,99,9,,2,,1,3,0,1,2,2,0.48,2.171,26,1,3,4,1,2,,,8,1,2,2,2,3,2,4
112,838,1,2,1,3,1,3,3,2,1,,,,67,4,99,9,,2,,1,2,0,2,1,2,0.484,0.929,18,1,3,5,2,,2,,2,2,1,1,2,2,,3
113,838,1,2,1,1,,3,3,1,2,,,,30,2,7,,,2,,1,2,0,2,1,1,0.9,3.668,36,1,3,5,2,,2,,8,1,1,1,3,2,,8
114,838,1,2,1,2,,6,3,2,1,1,1,1,30,1,4,,,2,,1,2,0,2,1,2,2.176,4.177,39,1,3,5,2,,1,,2,7,1,1,2,2,,2
115,838,1,4,1,3,1,1,,0,1,,,,72,5,7,,,2,,1,2,0,2,1,3,0.554,1.066,24,1,4,5,2,,1,,2,1,3,1,3,2,,3
116,838,1,2,1,1,,4,2,1,1,1,1,0,47,6,5,,,2,,1,1,0,1,1,3,0.748,1.437,37,1,3,5,1,1,,,1,1,1,3,1,1,,8
117,838,1,2,1,3,1,2,2,1,1,,,,62,3,5,,,2,,1,1,0,1,1,3,0.841,1.615,54,1,3,4,1,1,,,1,1,2,2,1,1,,4
118,838,1,2,1,1,,3,2,1,1,0,0,1,22,6,6,,,2,,2,3,1,2,1,3,1.101,2.114,13,1,2,3,2,,1,,2,1,3,2,3,3,2,5
119,838,1,1,2,1,,6,5,3,2,0,1,0,23,4,9,,1,2,,1,1,3,1,1,1,0.657,2.127,9,1,4,5,1,1,,,1,7,3,1,2,1,,2
120,838,2,2,1,3,2,4,2,1,1,0,0,2,35,5,7,,,2,,1,2,0,2,1,2,0.493,0.945,39,2,,,,,,,,,,,,2,,2
121,838,2,2,1,1,,3,2,1,1,0,1,0,40,2,7,,,2,,1,1,0,1,1,1,0.687,1.397,36,2,,,,,,,,,,,,1,,2
122,838,1,2,1,3,5,2,2,1,1,,,,62,2,3,,,2,,1,3,0,1,1,3,0.783,1.599,47,1,4,5,1,1,,,1,1,3,2,1,3,2,3
123,838,1,2,2,3,2,3,3,2,1,,,,51,2,4,,,2,,2,2,0,2,1,3,0.913,1.754,12,1,2,5,2,,1,,2,7,1,1,3,2,,5
124,838,1,2,1,3,1,2,2,1,1,,,,72,1,3,,,2,,1,2,0,1,2,3,1.648,3.691,54,1,2,5,2,,8,,2,1,8,8,8,2,,3
125,838,1,5,1,3,4,1,,1,0,,,,57,2,1,,,2,,1,1,1,1,2,4,0.532,0.572,30,1,4,5,1,1,,,1,1,3,2,3,1,,2
126,838,1,2,1,1,,3,2,1,1,1,0,0,41,2,1,,,2,,1,2,0,1,2,3,0.524,1.173,54,2,,,,,,,,,,,,2,,4
127,838,1,2,1,1,,2,2,1,1,,,,42,2,6,,,2,,1,2,0,1,2,2,0.628,1.247,19,2,,,,,,,,,,,,2,,3
128,838,2,1,1,1,,1,,1,0,,,,21,3,6,,,2,,2,1,0,1,2,4,0.65,0.698,56,2,,,,,,,,,,,,1,,5
129,838,1,2,1,1,,2,2,1,1,,,,34,4,8,,,2,,1,3,0,1,1,1,0.781,1.59,36,1,3,5,2,,2,,2,2,1,1,2,3,7,3
130,838,1,1,1,1,,3,3,3,0,,,,25,4,8,,,2,,1,3,0,1,1,4,0.651,1.338,8,2,,,,,,,,,,,,3,2,3
131,838,1,2,1,1,,3,3,1,2,,,,51,3,5,,,2,,1,2,0,1,1,4,0.593,1.219,56,1,3,5,2,,2,,2,2,2,2,2,2,,5
132,838,2,2,1,2,,4,2,1,1,1,1,0,45,4,6,,,2,,1,3,0,2,1,1,0.506,1.031,34,1,3,1,2,,2,,2,7,2,1,1,3,1,2
133,838,1,2,1,1,,2,2,1,1,,,,37,1,7,,,2,,1,3,0,2,2,3,2.35,4.332,5,1,3,5,1,1,,,1,1,1,1,1,3,2,3
134,838,1,5,1,1,,2,1,0,1,1,0,0,41,2,3,,,2,,1,2,0,2,2,4,0.533,0.573,30,2,,,,,,,,,,,,2,,2
135,838,1,2,2,3,2,4,3,2,1,1,0,0,44,4,9,,1,2,,1,1,0,2,1,3,1.221,2.053,48,1,2,4,1,1,,,1,1,2,2,2,1,,3
136,838,1,2,1,1,,2,2,1,1,,,,60,5,99,9,,2,,1,2,0,1,1,3,0.696,1.336,45,1,4,5,2,,1,,2,2,2,1,2,2,,2
137,838,2,2,2,2,,4,2,1,1,0,1,1,35,4,6,,,2,,1,3,0,2,1,1,0.537,1.093,36,1,3,5,8,,,8,2,1,1,3,2,3,1,3
138,838,1,1,1,1,,3,3,3,0,,,,32,5,6,,,2,,5,3,0,1,1,4,0.651,1.338,4,2,,,,,,,,,,,,3,2,3
139,838,1,2,1,3,1,2,2,1,1,,,,72,1,2,,,2,,1,3,0,1,2,2,1.295,2.933,17,1,3,4,2,,1,,2,2,1,1,2,3,1,3
140,838,1,2,1,3,1,2,2,1,1,,,,65,2,99,9,,2,,1,1,0,1,1,1,0.821,1.671,42,1,3,5,1,2,,,1,1,3,3,3,1,,2
141,838,2,2,1,1,,6,2,1,1,1,2,1,33,3,8,,,2,,5,3,0,2,1,1,0.9,1.834,36,2,,,,,,,,,,,,3,1,4
143,838,2,1,1,1,,2,2,2,0,,,,39,4,5,,,2,,1,3,1,1,1,1,0.578,0.934,25,1,4,5,0,,,1,3,1,3,3,2,3,8,4
144,838,1,2,1,2,,2,2,1,1,,,,61,2,5,,,2,,1,2,0,2,1,4,0.572,1.176,8,1,4,5,2,,1,,2,2,1,1,2,2,,2
145,838,1,2,1,1,,4,2,1,1,0,2,0,34,4,99,9,,9,,9,3,0,1,1,2,0.995,1.787,27,1,4,5,1,1,,,1,1,1,1,2,3,2,3
146,838,1,2,1,2,,4,2,1,1,0,1,1,29,3,5,,,2,,1,3,0,2,2,3,1.241,2.287,40,1,3,5,1,8,,,1,7,2,2,3,3,2,4
147,838,9,9,1,1,,9,,,,,,,99,4,99,9,,2,,9,3,0,2,1,2,0.797,1.432,29,1,4,5,2,,1,,2,1,1,1,3,3,7,3
148,838,1,2,1,2,,2,2,1,1,,,,44,3,4,,,2,,1,1,0,2,2,2,0.389,0.88,18,1,4,5,1,1,,,1,1,3,3,3,1,,4
149,838,1,2,1,1,,5,3,1,2,0,0,2,37,3,8,,,2,,1,2,0,1,2,3,0.524,1.173,54,1,4,5,1,1,,,3,1,3,1,3,2,,3
150,838,1,2,1,1,,3,2,1,1,1,0,0,40,2,8,,,1,1,,3,1,2,1,2,0.297,0.571,26,1,1,3,2,,1,,2,7,3,2,1,3,1,3
151,838,1,1,2,1,,2,2,2,0,,,,27,3,5,,,2,,1,3,1,1,1,3,0.462,0.944,1,1,4,5,2,,2,,2,1,2,1,3,3,2,4
152,838,1,2,1,1,,3,2,1,1,0,1,0,30,2,4,,,2,,1,1,0,1,2,3,1.3,2.395,40,2,,,,,,,,,,,,1,,4
153,838,2,5,1,2,,2,2,1,1,,,,45,2,2,,,2,,1,2,0,2,1,3,1.392,2.34,48,2,,,,,,,,,,,,2,,4
154,838,1,2,1,3,2,4,2,1,1,0,2,0,35,4,99,1,,2,,1,1,0,2,1,4,0.447,0.919,8,1,3,5,1,2,,,1,1,2,1,2,1,,3
155,838,1,1,1,1,,2,2,1,1,,,,23,2,4,,,2,,1,3,0,1,2,2,0.388,0.879,18,1,3,5,1,2,,,3,7,2,1,3,3,1,3
156,838,1,2,1,3,2,4,2,1,1,0,0,2,21,2,3,,,2,,1,2,0,2,2,4,1.042,2.239,35,1,3,5,1,1,,,1,7,2,2,3,2,,8
157,838,1,2,1,1,,3,2,1,1,0,0,1,25,5,5,,,2,,1,1,0,1,2,3,1.076,1.983,5,2,,,,,,,,,,,,1,,4
158,838,2,2,1,1,,2,2,1,1,,,,30,2,7,,,2,,1,3,0,2,2,1,0.519,1.12,50,1,3,5,8,,,2,2,7,2,2,2,3,2,3
159,838,1,2,1,3,1,2,2,1,1,,,,65,1,1,,,2,,1,8,0,1,1,3,2.115,4.322,1,1,2,4,2,,1,,2,1,8,1,1,8,1,3
160,838,1,2,1,1,,4,2,1,1,0,2,0,37,4,8,,,2,,1,1,0,1,1,3,0.598,1.148,45,2,,,,,,,,,,,,1,,3
161,838,1,2,1,1,,3,3,1,2,,,,34,3,8,,,2,,1,1,0,1,1,2,0.866,1.663,26,1,3,5,1,1,,,1,1,3,2,3,1,,4
162,838,1,5,2,1,,1,,1,0,,,,47,4,7,,,2,,1,3,0,1,2,2,0.539,0.535,19,1,4,5,2,,1,,2,1,2,1,2,3,1,3
163,838,2,2,2,1,,2,2,1,1,,,,67,2,3,,,2,,1,2,0,2,1,1,0.638,1.298,34,1,3,5,2,,1,,2,2,3,1,3,2,,3
164,838,1,1,1,1,,2,2,1,1,,,,24,2,6,,,1,1,,1,0,1,1,1,0.647,1.317,36,2,,,,,,,,,,,,1,,4
165,838,1,2,1,1,,2,2,1,1,,,,76,2,98,8,,2,,1,3,0,1,1,1,0.719,1.466,36,1,4,5,2,,2,,3,2,1,1,1,3,1,2
166,838,1,2,1,3,4,2,2,1,1,,,,45,2,9,,2,2,,1,2,0,2,1,4,0.509,1.047,56,1,3,5,8,,,0,8,8,2,1,3,2,,3
167,838,1,2,1,3,1,3,3,2,1,,,,67,1,6,,,2,,1,2,0,1,1,3,1.631,5.482,40,1,3,5,0,,,1,1,1,2,1,1,2,,2
168,838,1,5,1,3,1,1,,1,0,,,,82,2,1,,,2,,1,2,0,1,2,3,0.991,0.914,5,1,4,5,2,,1,,2,1,1,1,2,2,,5
169,838,1,2,1,1,,4,3,1,2,1,0,0,46,2,6,,,2,,1,2,0,1,1,1,0.711,1.448,36,1,3,5,2,,1,,2,2,1,1,2,2,,3
170,838,1,1,2,1,,2,2,1,1,,,,37,3,7,,,2,,1,2,0,1,1,1,0.687,1.397,36,1,4,5,2,,1,,2,1,2,1,3,2,,3
171,838,1,2,1,2,,2,2,1,1,,,,25,3,6,,,2,,1,8,0,1,1,3,2.148,3.612,40,2,,,,,,,,,,,,8,7,7
172,838,2,2,1,1,,4,2,1,1,0,1,1,40,5,8,,,2,,5,3,9,1,2,4,0.402,0.863,30,2,,,,,,,,,,,,3,7,3
173,838,2,4,1,2,,1,,0,1,,,,67,1,2,,,2,,1,2,0,2,1,4,1.397,2.873,4,1,3,5,9,,,1,1,7,4,1,3,2,,3
174,838,1,2,1,1,,4,2,1,1,0,0,2,29,6,4,,,2,,1,3,0,2,2,1,0.519,1.12,50,1,3,5,2,,1,,2,2,2,2,2,3,1,3
175,838,1,1,1,1,,1,,1,0,,,,28,2,5,,,2,,1,2,0,1,1,3,0.924,0.944,47,1,3,3,1,2,,,1,1,2,1,1,2,,3
176,838,1,1,1,3,1,3,3,2,1,,,,64,2,1,,,2,,1,2,0,2,1,2,0.63,1.21,17,1,4,5,2,,1,,2,1,1,2,3,2,,2
177,838,1,5,1,1,,1,,0,1,,,,50,4,5,,,2,,1,1,1,2,1,2,0.276,0.529,17,1,3,5,8,,,8,3,1,2,1,2,1,,3
178,838,2,2,1,1,,3,2,1,1,0,0,1,37,2,7,,,2,,1,2,0,1,1,4,0.572,1.176,8,2,,,,,,,,,,,,2,,3
179,838,1,2,1,1,,4,2,1,1,1,0,1,23,3,6,,,1,1,,1,0,2,2,2,0.883,2.002,26,1,4,5,1,1,,,1,1,3,3,2,1,,3
180,838,1,2,1,1,,4,2,1,1,0,2,0,45,5,8,,,2,,1,2,0,1,2,3,0.584,1.11,1,1,4,5,2,,1,,2,1,1,2,2,2,,5
181,838,1,2,1,1,,4,3,1,2,1,0,0,38,3,7,,,2,,2,3,0,2,1,3,0.902,3.684,21,1,4,5,1,1,,,1,1,3,3,3,3,2,4
182,838,1,5,1,1,,1,,0,1,,,,55,1,1,,,2,,1,2,0,2,1,3,3.206,5.39,48,1,3,5,2,,1,,2,2,2,2,2,2,,3
183,838,1,2,1,1,,2,2,1,1,,,,41,3,6,,,2,,1,2,0,1,2,2,0.628,1.247,19,1,3,5,2,,2,,2,2,2,1,3,2,,3
184,838,1,2,1,3,1,3,3,2,1,,,,64,3,98,8,,2,,1,2,0,1,2,3,0.793,3.014,1,1,4,5,8,,,1,3,1,3,1,3,2,,4
185,838,1,2,1,1,,6,2,1,1,2,1,1,38,5,8,,,2,,1,2,0,1,2,3,0.564,1.071,21,1,3,5,8,,,8,8,8,3,2,2,2,,4
186,838,1,2,1,1,,2,2,1,1,,,,47,3,4,,,2,,1,3,0,2,2,3,0.843,1.553,48,1,3,5,1,2,,,1,1,3,2,3,3,2,4
187,838,2,5,1,3,4,4,2,0,2,1,1,0,33,1,1,,,2,,1,0,0,2,1,4,1.975,4.06,8,2,,,,,,,,,,,,0,7,8
188,838,1,2,1,1,,4,2,1,1,0,2,0,32,4,8,,,2,,1,1,2,1,1,2,0.674,1.211,29,1,3,5,1,2,,,1,1,2,2,1,1,,4
189,838,1,2,1,1,,3,2,1,1,1,0,0,38,2,2,,,2,,1,1,0,2,2,4,0.457,0.985,16,2,,,,,,,,,,,,1,,4
190,838,2,2,1,1,,2,1,0,1,1,0,0,50,2,3,,,2,,1,3,0,2,1,3,1.392,1.171,40,1,4,5,2,,1,,7,2,3,1,3,3,1,4
191,838,2,2,1,1,,1,,1,0,,,,41,4,6,,,1,1,,2,1,1,2,2,0.535,0.531,31,1,2,3,2,,1,,2,9,1,1,2,2,,2
192,838,2,2,1,1,,2,2,1,1,,,,38,4,8,,,2,,1,3,0,1,1,4,0.473,0.973,8,1,3,5,1,2,,,1,1,2,1,3,3,2,3
193,838,1,2,2,3,1,4,4,2,2,,,,99,3,99,9,,2,,1,1,0,2,1,4,0.629,2.588,4,1,4,5,1,1,,,1,1,2,1,3,1,,3
194,838,1,2,1,1,,3,3,2,1,,,,58,2,8,,,2,,1,1,0,2,1,2,1.186,2.131,29,1,4,5,2,,1,,2,1,3,2,2,1,,3
195,838,1,2,1,1,,2,2,1,1,,,,32,2,6,,,2,,1,1,0,2,2,4,0.636,1.369,16,2,,,,,,,,,,,,1,,2
196,838,1,2,1,2,,4,3,1,2,0,0,1,43,2,8,,,2,,1,3,0,2,1,2,1.119,4.021,29,1,3,4,2,,1,,2,7,1,1,2,3,1,3
197,838,1,2,1,2,,4,2,1,1,0,0,2,32,4,6,,,2,,1,1,0,2,1,4,0.621,1.277,8,1,3,5,1,2,,,1,1,2,2,3,1,,3
198,838,1,2,1,1,,5,2,1,1,0,2,1,34,2,6,,,2,,1,3,0,1,1,2,1.63,2.928,19,1,3,5,2,,2,,2,1,2,1,2,3,1,3
199,838,1,2,1,3,5,2,2,1,1,,,,59,4,8,,,2,,1,3,0,1,2,2,0.396,0.899,17,1,4,5,1,2,,,1,1,1,2,3,3,2,4
200,838,1,2,1,3,4,3,3,2,1,,,,31,2,5,,,2,,2,2,0,1,2,3,1.329,5.052,28,1,3,5,2,,1,,2,2,3,1,2,2,,1
201,838,1,2,1,1,,2,2,1,1,,,,25,4,7,,,2,,1,3,0,1,1,3,0.765,1.563,1,2,,,,,,,,,,,,3,2,3
202,838,1,2,1,1,,4,2,1,1,1,1,0,37,2,6,,,2,,1,8,0,2,2,3,0.643,1.222,1,2,,,,,,,,,,,,8,7,3
203,838,1,4,1,3,1,1,,1,0,,,,75,2,99,9,,2,,1,2,0,1,2,2,0.659,0.653,31,1,4,5,2,,1,,2,1,2,1,3,2,,4
204,838,1,1,2,1,,6,6,3,3,,,,22,6,98,1,,1,1,,3,0,2,2,4,1.042,4.478,16,1,1,2,8,,,8,8,1,3,2,3,3,8,3
205,838,2,4,1,3,1,1,,0,1,,,,74,4,1,,,2,,1,1,0,2,2,2,0.483,0.957,46,1,4,4,1,1,,,1,1,4,4,1,1,,3
206,838,2,2,1,1,,4,2,1,1,0,2,0,40,2,3,,,2,,1,1,1,1,2,2,0.314,0.623,19,1,2,5,1,1,,,1,1,4,3,1,1,,5
207,838,1,2,1,3,1,2,2,1,1,,,,66,3,3,,,2,,1,3,0,1,2,4,0.579,1.247,16,1,2,5,8,,,8,8,2,2,1,1,3,1,2
208,838,1,2,1,1,,5,3,2,1,2,0,0,37,2,3,,,2,,2,2,0,2,2,3,0.913,1.735,28,1,3,8,2,,1,,3,1,1,1,8,2,,5
209,838,1,2,1,2,,5,2,1,1,1,1,1,40,4,98,1,,1,1,,2,1,1,1,4,0.279,0.573,4,1,3,5,2,,1,,2,1,2,2,3,2,,4
210,838,1,2,1,3,1,2,2,1,1,,,,66,2,3,,,2,,1,1,0,2,2,4,0.45,0.969,16,1,3,5,8,,,8,8,1,3,3,3,1,,4
211,838,1,2,1,1,,4,3,1,2,1,0,0,46,2,7,,,2,,1,2,0,1,2,2,0.651,1.291,19,1,3,5,1,2,,,1,1,2,2,2,2,,4
212,838,1,1,1,3,3,4,3,2,1,1,0,0,18,2,1,,,2,,2,3,0,1,1,3,0.901,3.679,1,1,3,5,2,,1,,2,7,3,2,3,3,2,5
213,838,1,2,1,1,,4,2,1,1,1,1,0,52,1,4,,,2,,1,2,0,1,1,2,1.719,3.3,17,1,3,5,8,,,2,2,2,1,1,2,2,,3
214,838,2,2,1,1,,3,2,1,1,0,0,1,23,2,4,,,2,,1,1,1,2,1,3,1.678,2.821,22,1,2,4,8,,,2,3,1,2,8,2,1,,2
215,838,1,2,1,1,,3,2,1,1,1,0,0,44,2,4,,,2,,1,2,0,2,2,3,0.643,1.222,21,1,3,4,2,,2,,2,7,1,2,3,2,,4
216,838,1,2,1,3,1,9,,,,,,,99,4,99,9,,2,,9,2,0,2,1,3,0.452,0.923,1,1,3,2,9,,,1,1,8,2,9,1,2,,3
217,838,1,2,2,1,,3,2,1,1,1,0,0,40,4,8,,,2,,2,8,1,2,1,3,0.4,0.77,13,1,2,5,9,,,9,9,2,1,1,1,8,7,3
218,838,1,2,1,1,,3,3,2,1,,,,55,2,8,,,2,,1,1,0,1,1,4,1.315,5.262,53,1,3,5,1,1,,,1,1,3,2,3,1,,3
219,838,1,1,1,2,,2,2,1,1,,,,21,2,4,,,2,,1,2,1,1,1,4,0.539,1.079,6,2,,,,,,,,,,,,2,,2
220,838,2,2,1,3,1,2,2,1,1,,,,59,3,5,,,2,,1,2,0,2,1,3,1.564,2.63,48,2,,,,,,,,,,,,2,,4
221,838,1,5,1,1,,2,1,0,1,1,0,0,31,3,6,,,2,,1,3,0,2,1,3,2.051,1.723,22,1,3,5,2,,1,,2,7,1,1,2,3,1,3
222,838,1,2,1,3,1,2,2,1,1,,,,64,2,4,,,2,,1,3,0,1,2,3,1.102,2.03,5,1,4,5,8,,,8,2,1,2,1,2,3,1,3
223,838,2,1,2,1,,3,3,1,2,,,,22,3,2,,,2,,1,1,0,2,1,3,1.31,5.355,1,1,2,5,1,1,,,1,1,3,1,2,1,,2
224,838,1,2,1,2,,5,3,2,1,2,0,0,50,2,99,9,,9,,9,3,9,2,1,2,0.414,0.795,17,1,3,4,2,,1,,2,2,2,1,1,3,1,1
225,838,1,1,2,2,,3,3,2,1,,,,18,2,7,,,2,,1,3,0,1,2,2,0.388,1.757,17,2,,,,,,,,,,,,3,1,3
226,838,1,2,1,1,,5,2,1,1,0,2,1,34,2,6,,,2,,1,1,0,1,2,2,0.864,1.713,29,1,4,5,1,1,,,1,1,2,3,2,1,,4
227,838,2,4,1,2,,1,,0,1,,,,71,2,1,,,2,,1,3,0,2,1,4,1.062,2.125,6,2,,,,,,,,,,,,3,7,3
228,838,1,2,1,1,,5,3,1,2,1,1,0,43,5,7,,,2,,5,2,1,1,1,4,0.474,0.948,53,1,3,5,2,,2,,2,2,1,1,1,2,,3
229,838,1,2,1,2,,4,2,1,1,0,1,1,34,4,8,,,2,,1,1,0,2,1,3,1.697,2.853,48,1,3,3,2,,2,,2,1,2,1,2,1,,3
230,838,1,2,1,2,,4,3,1,2,0,0,1,41,2,8,,,2,,1,3,0,2,2,3,0.643,2.442,47,1,4,5,2,,1,,2,1,3,3,3,3,1,2
231,838,1,1,2,3,4,5,5,2,3,,,,22,4,98,8,,2,,2,3,2,2,1,3,1.611,5.416,22,1,2,3,0,,,0,8,1,3,1,3,3,7,4
232,838,1,2,1,1,,2,2,1,1,,,,58,2,5,,,2,,1,3,0,1,2,4,1.382,2.806,41,1,2,5,0,,,0,0,1,4,3,1,3,1,3
233,838,1,2,1,1,,2,2,1,1,,,,31,3,6,,,2,,1,3,0,1,1,2,1.63,2.928,27,1,3,5,8,,,8,8,2,1,2,1,3,1,4
234,838,1,2,1,3,1,3,3,2,1,,,,56,3,4,,,2,,1,3,0,2,1,4,0.572,1.176,8,2,,,,,,,,,,,,3,7,5
235,838,1,4,1,3,5,1,,0,1,,,,63,1,1,,,2,,1,2,0,2,2,4,1.277,2.747,4,2,,,,,,,,,,,,2,,8
236,838,1,2,1,1,,4,2,1,1,1,1,0,43,3,8,,,2,,1,2,0,1,1,3,1.563,2.628,48,1,3,5,2,,2,,3,1,3,3,2,2,,3
237,838,1,2,1,1,,5,4,2,2,1,0,0,42,2,4,,,2,,2,2,0,1,1,3,1.594,5.358,22,1,4,5,2,,1,,2,2,2,1,2,2,,2
238,838,1,2,1,2,,5,2,1,1,2,1,0,35,3,8,,,2,,1,1,0,2,1,4,1.08,2.161,41,1,4,5,2,,1,,2,1,3,1,4,1,,3
239,838,1,2,1,1,,5,2,1,1,0,3,0,46,3,8,,,2,,1,3,0,1,1,4,0.593,1.219,8,1,4,5,1,2,,,1,1,3,3,1,3,2,3
240,838,1,2,1,1,,2,2,1,1,,,,67,2,6,,,2,,1,3,0,2,1,4,0.531,1.091,32,1,4,5,1,1,,,1,1,2,1,3,3,7,4
241,838,1,2,1,1,,6,3,1,2,2,1,0,44,2,98,8,,2,,1,8,0,1,1,4,1.144,2.289,6,2,,,,,,,,,,,,8,7,5
242,838,1,2,1,1,,3,2,1,1,0,1,0,43,5,8,,,2,,1,3,0,1,1,4,0.473,0.973,8,1,4,5,1,2,,,1,1,3,1,2,3,2,4
243,838,2,1,2,1,,3,3,1,2,,,,27,4,98,1,,2,,1,2,0,2,1,4,1.242,4.972,6,1,3,5,2,,1,,2,2,2,1,2,2,,3
244,838,1,2,1,1,,3,2,1,1,0,1,0,33,2,6,,,2,,1,1,0,1,1,4,1.573,3.146,53,1,2,5,1,1,,,1,1,3,1,3,1,,3
245,838,1,2,1,1,,3,2,1,1,0,0,1,34,4,99,9,,2,,1,1,4,2,1,4,0.622,1.244,6,1,3,5,0,,,1,3,1,1,1,2,1,,3
246,838,1,2,1,1,,2,2,1,1,,,,68,3,8,,,2,,1,2,1,1,1,4,0.684,1.369,6,2,,,,,,,,,,,,2,,2
247,838,2,1,2,2,,8,2,2,0,6,0,0,20,3,1,,,2,,1,3,1,1,2,4,0.559,1.136,6,1,3,3,2,,2,,3,1,2,1,1,3,1,3
248,838,2,2,1,3,4,5,1,0,1,3,0,1,36,3,1,,,1,1,,9,1,2,1,4,0.572,0.573,6,1,2,2,8,,,0,3,9,3,3,3,9,9,4
249,838,1,2,1,1,,4,3,2,1,1,0,0,38,4,6,,,2,,1,1,0,2,2,1,0.385,0.756,42,1,3,5,2,,1,,2,1,1,2,1,1,,2
250,838,2,2,1,1,,2,2,1,1,,,,49,2,4,,,2,,1,3,0,2,1,1,1.243,2.01,25,1,4,5,2,,1,,2,1,4,1,2,3,1,3
251,838,1,5,1,1,,1,,1,0,,,,36,4,8,,,2,,1,1,0,1,1,3,0.598,0.573,13,2,,,,,,,,,,,,1,,2
252,838,2,2,1,1,,4,2,1,1,2,0,0,35,2,3,,,2,,2,2,0,1,1,2,0.895,1.718,18,1,4,3,1,2,,,2,1,1,1,3,2,,5
253,838,1,2,1,3,4,5,2,1,1,0,2,1,30,2,7,,,2,,1,3,0,2,2,1,0.519,1.12,23,1,2,3,8,,,8,8,1,2,3,2,3,7,3
254,838,2,2,2,3,1,2,2,1,1,,,,65,2,5,,,2,,1,1,0,2,1,1,0.638,1.298,34,1,4,5,0,,,1,3,1,1,1,3,1,,3
255,838,1,2,1,3,1,2,2,1,1,,,,64,2,99,9,,2,,1,1,0,2,1,2,0.63,1.21,18,1,3,5,1,2,,,1,1,3,1,3,1,,3
256,838,1,2,1,1,,4,2,1,1,2,0,0,43,4,9,,2,2,,1,1,1,1,1,1,0.284,0.578,42,1,4,5,2,,2,,3,2,1,1,1,1,,4
257,838,1,2,1,3,1,3,3,2,1,,,,74,5,8,,,2,,1,3,0,1,2,3,0.674,2.56,28,1,4,5,1,1,,,1,1,4,3,2,3,2,4
258,838,1,2,1,1,,2,2,1,1,,,,37,3,8,,,2,,1,1,0,1,1,2,0.63,1.209,39,1,4,5,8,,,2,2,1,2,2,3,1,,3
259,838,1,1,1,1,,1,,1,0,,,,41,4,7,,,2,,1,3,0,1,1,2,0.553,0.531,26,1,2,5,2,,2,,2,1,2,1,1,3,1,3
260,838,1,2,1,1,,4,2,1,1,1,1,0,35,1,5,,,2,,1,3,0,2,2,1,0.983,2.122,23,1,2,5,2,,2,,2,1,2,1,2,3,7,2
261,838,2,2,1,3,4,4,2,1,1,0,2,0,32,2,99,9,,2,,1,3,0,2,1,1,0.9,1.834,42,2,,,,,,,,,,,,3,7,5
262,838,2,2,1,1,,2,2,1,1,,,,29,2,7,,,2,,1,1,0,2,1,1,0.9,1.834,42,1,3,5,1,1,,,1,1,2,1,2,1,,3
263,838,1,2,1,2,,2,2,1,1,,,,50,2,6,,,2,,1,3,0,2,2,1,0.439,0.861,42,2,,,,,,,,,,,,3,2,8
264,838,1,2,1,1,,2,2,1,1,,,,50,5,99,9,,2,,1,1,0,1,1,2,0.54,1.037,39,1,3,5,1,1,,,1,1,3,2,2,1,,3
265,838,2,2,1,1,,8,3,1,2,2,3,1,45,2,4,,,2,,1,2,0,1,1,1,0.711,1.448,36,1,4,4,2,,1,,2,1,2,1,1,2,,3
266,838,2,1,1,1,,1,,1,0,,,,31,2,3,,,2,,1,2,0,1,1,1,0.943,0.961,42,2,,,,,,,,,,,,2,,4
267,838,1,2,1,2,,2,2,1,1,,,,68,1,1,,,2,,1,1,0,2,2,1,1.204,2.362,36,1,2,5,0,,,1,3,2,2,3,2,1,,3
268,838,2,2,1,3,3,2,2,1,1,,,,28,3,6,,,2,,1,3,0,1,2,1,0.544,1.173,23,1,4,5,2,,1,,2,7,1,1,3,3,1,2
269,838,1,5,1,1,,1,,1,0,,,,44,4,99,9,,2,,1,3,0,1,1,1,1.155,0.934,25,1,4,4,8,,,1,1,2,2,2,2,3,2,3
270,838,1,2,1,1,,3,2,1,1,0,1,0,51,3,8,,,2,,1,1,0,1,1,2,0.653,1.254,39,1,3,5,1,1,,,1,1,2,3,1,1,,3
271,838,1,2,1,1,,2,2,1,1,,,,53,4,7,,,2,,1,3,0,1,1,1,1.197,1.936,25,1,4,5,1,1,,,1,1,3,4,2,3,2,5
272,838,1,1,1,1,,1,,1,0,,,,36,5,6,,,2,,1,3,0,1,1,3,0.598,0.573,12,1,4,5,7,,,7,3,1,1,1,1,3,7,4
273,838,1,2,2,3,1,2,2,1,1,,,,71,1,3,,,2,,1,3,0,2,2,2,1.005,2.278,18,1,3,5,1,1,,,9,1,2,4,8,3,7,5
274,838,2,2,1,3,4,6,2,1,1,1,3,0,33,1,1,,,2,,1,1,0,1,2,2,1.489,3.372,18,2,,,,,,,,,,,,1,,4
275,838,2,2,1,1,,3,2,1,1,0,0,1,43,3,2,,,2,,1,3,0,1,2,3,0.524,1.173,54,2,,,,,,,,,,,,3,7,4
276,838,2,2,1,1,,2,2,1,1,,,,50,2,8,,,2,,1,1,0,2,1,1,1.243,2.01,9,1,4,5,9,,,9,9,9,3,3,1,1,,4
277,838,1,2,2,3,4,2,2,1,1,,,,26,4,6,,,2,,1,2,0,1,1,1,0.781,1.59,42,2,,,,,,,,,,,,2,,4
278,838,1,2,1,1,,3,2,1,1,0,0,1,33,4,6,,,2,,1,2,0,1,1,2,0.717,1.376,39,1,3,5,2,,1,,8,2,2,2,1,2,,3
279,838,1,2,1,3,2,5,4,2,2,0,1,0,46,3,6,,,2,,1,1,0,2,1,1,0.611,2.49,42,1,3,5,1,2,,,1,1,2,2,3,1,,4
280,838,2,1,1,3,1,1,,0,1,,,,83,6,99,1,,2,,1,1,0,2,1,1,1.185,2.414,42,1,4,5,8,,,8,3,1,1,1,1,1,,4
281,838,2,5,1,1,,1,,0,1,,,,42,2,6,,,2,,1,3,0,2,1,2,0.595,1.141,39,1,4,5,2,,2,,3,1,1,1,2,3,1,2
282,838,1,2,1,1,,4,2,1,1,0,0,2,39,3,99,1,,2,,1,2,0,1,1,1,0.687,1.397,42,1,3,5,2,,1,,2,2,1,2,3,2,,2
283,838,1,2,1,3,1,4,2,1,1,1,1,0,62,2,8,,,2,,1,2,0,1,1,1,0.799,1.628,42,1,4,5,2,,1,,2,1,1,1,3,2,,2
284,838,1,2,1,1,,4,2,1,1,2,0,0,45,4,9,,1,2,,1,3,2,1,1,1,0.294,0.599,36,1,3,4,2,,2,,2,7,2,1,3,3,7,3
285,838,1,2,1,1,,3,3,2,1,,,,52,2,9,,2,2,,1,1,0,1,1,2,0.653,2.507,18,1,3,5,1,2,,,3,1,3,2,2,1,,3
286,838,1,5,1,1,,1,,0,1,,,,26,1,6,,,1,1,,2,0,2,1,1,2.37,4.828,36,1,3,5,2,,2,,1,2,3,2,2,2,,2
287,838,1,2,1,3,2,4,2,1,1,0,1,1,37,4,8,,,2,,1,2,0,2,1,3,0.564,1.083,13,1,3,5,8,,,0,8,1,2,2,4,2,,3
288,838,1,1,1,1,,3,3,3,0,,,,42,3,98,1,,2,,1,3,0,1,1,2,0.63,1.209,39,1,3,5,2,,8,,2,1,1,1,3,3,1,3
289,838,2,1,1,1,,1,,1,0,,,,26,3,5,,,2,,1,1,0,1,1,3,0.992,0.953,12,2,,,,,,,,,,,,1,,3
290,838,1,1,1,1,,1,,1,0,,,,29,4,3,,,2,,1,2,0,1,1,3,0.765,0.781,47,1,3,5,2,,1,,2,2,2,1,2,2,,2
291,838,1,1,1,3,4,4,2,1,1,0,1,1,28,1,1,,,2,,2,2,0,2,2,3,2.431,5.444,45,2,,,,,,,,,,,,2,,5
292,838,2,2,1,1,,2,2,1,1,,,,32,2,2,,,2,,1,1,0,1,1,1,0.943,1.922,42,2,,,,,,,,,,,,1,,3
293,838,1,2,1,1,,5,2,1,1,0,3,0,32,2,3,,,2,,1,1,0,1,1,3,0.992,1.905,24,2,,,,,,,,,,,,1,,3
294,838,1,2,1,1,,3,3,2,1,,,,46,4,9,,1,2,,1,1,1,2,1,1,0.262,0.532,34,1,4,5,1,1,,,1,1,2,1,4,1,,4
295,838,1,2,1,1,,5,4,1,3,1,0,0,44,5,9,,1,1,1,,2,2,1,1,1,0.284,0.578,34,1,3,5,2,,1,,2,2,2,1,2,2,,2
296,838,2,1,2,1,,4,4,3,1,,,,21,2,1,,,2,,1,3,1,1,1,3,0.34,1.307,37,1,2,3,8,,,1,1,7,3,1,2,3,2,3
297,838,1,2,1,1,,3,2,1,1,0,0,1,21,2,7,,,2,,1,1,0,2,1,1,1.474,3.002,42,2,,,,,,,,,,,,1,,2
298,838,1,2,1,1,,3,2,1,1,1,0,0,40,6,8,,,2,,1,3,0,1,1,2,0.63,1.209,18,1,4,5,2,,1,,2,1,1,1,1,3,1,4
299,838,2,4,1,3,1,1,,0,1,,,,87,4,1,,,2,,1,2,0,2,2,3,0.749,1.676,37,1,2,5,2,,1,,2,2,1,1,3,2,,2
300,838,2,1,1,1,,1,,0,1,,,,52,3,2,,,2,,1,2,0,2,1,2,0.561,1.078,26,1,3,5,2,,1,,2,1,2,1,2,2,,3
301,838,1,2,1,3,1,4,2,1,1,1,1,0,68,1,2,,,2,,1,2,0,1,1,3,2.115,4.322,21,1,4,5,2,,1,,2,2,1,1,1,2,,8
302,838,2,2,1,2,,4,2,1,1,2,0,0,38,1,1,,,2,,1,3,0,2,2,3,2.35,4.332,40,2,,,,,,,,,,,,3,1,4
303,838,2,2,1,1,,3,2,1,1,0,0,1,38,3,8,,,2,,1,2,0,2,1,1,1.317,2.13,25,1,2,5,2,,2,,2,2,1,1,2,2,,2
304,838,1,2,1,1,,2,2,1,1,,,,41,5,9,,2,2,,1,2,0,2,1,2,0.493,0.945,18,1,4,5,2,,1,,2,1,3,1,1,2,,2
305,838,9,2,1,3,1,2,2,1,1,,,,99,9,99,9,,2,,1,2,0,1,1,1,1.065,2.167,42,1,4,5,2,,1,,2,2,1,1,1,2,,2
306,838,2,1,1,3,3,2,2,2,0,,,,24,3,1,,,1,1,,1,0,1,1,3,1.474,2.477,48,2,,,,,,,,,,,,1,,3
307,838,2,1,1,1,,1,,1,0,,,,31,2,6,,,2,,1,2,0,1,2,2,0.566,0.641,55,2,,,,,,,,,,,,2,,4
308,838,1,2,1,2,,2,2,1,1,,,,55,5,5,,,2,,2,2,0,1,1,3,0.988,1.898,51,1,4,5,9,,,9,9,1,1,1,3,2,,4
309,838,1,4,1,3,1,1,,1,0,,,,75,1,8,,,2,,1,2,0,1,1,3,4.312,3.624,48,1,4,5,2,,1,,2,2,1,1,2,2,,1
310,838,1,5,1,1,,1,,1,0,,,,56,2,4,,,2,,1,2,0,1,1,3,1.821,1.53,40,2,,,,,,,,,,,,2,,4
311,838,1,2,1,1,,2,2,1,1,,,,56,1,4,,,2,,1,2,0,1,1,3,2.062,4.211,21,2,,,,,,,,,,,,2,,5
312,838,1,2,2,3,1,2,2,1,1,,,,54,3,3,,,2,,1,3,0,2,2,2,0.367,0.83,55,1,2,5,2,,2,,2,1,2,2,1,3,2,4
313,838,1,5,1,1,,3,1,0,1,1,1,0,36,3,3,,,2,,1,2,0,2,2,2,0.594,0.588,31,1,3,5,9,,,9,9,9,1,1,2,2,,3
314,838,2,2,1,1,,3,2,1,1,0,0,1,21,2,2,,,2,,1,8,0,1,1,3,1.474,2.477,48,1,3,1,1,1,,,3,7,2,3,1,8,1,2
315,838,2,4,1,2,,1,,0,1,,,,60,1,1,,,2,,2,2,0,2,1,3,3.243,5.452,48,1,4,5,2,,1,,2,2,1,8,1,2,,8
316,838,1,2,1,1,,2,2,1,1,,,,51,2,6,,,2,,2,3,0,1,2,3,1.002,1.904,28,2,,,,,,,,,,,,3,7,3
317,838,2,2,1,3,2,5,3,1,2,0,0,2,41,1,3,,,2,,1,2,0,2,2,3,1.457,5.368,5,1,3,5,2,,1,,2,1,2,2,3,2,,2
318,838,1,2,1,1,,2,2,1,1,,,,53,3,8,,,2,,1,3,0,2,2,3,0.843,1.553,5,1,4,5,9,,,9,9,1,2,1,3,3,7,4
319,838,1,2,1,3,1,2,2,1,1,,,,62,2,3,,,2,,1,0,0,1,2,3,1.102,2.03,48,1,4,5,2,,1,,2,2,2,1,8,0,7,7
320,838,1,1,1,1,,1,,0,1,,,,40,4,8,,,2,,2,3,0,2,1,3,0.801,1.539,13,1,3,5,2,,1,,2,2,3,2,2,3,1,3
321,838,1,2,1,1,,2,2,1,1,,,,60,2,1,,,2,,1,3,0,2,2,2,0.412,0.933,17,2,,,,,,,,,,,,3,1,3
322,838,2,3,1,3,5,1,,0,1,,,,58,2,1,,,2,,1,3,0,2,1,1,0.687,1.398,34,2,,,,,,,,,,,,3,2,4
323,838,2,1,1,1,,2,1,0,1,1,0,0,30,3,6,,,2,,2,2,0,2,1,2,1.175,1.127,17,1,2,5,8,,,8,8,1,2,2,2,2,,3
324,838,1,2,1,1,,6,4,1,3,1,0,1,40,3,8,,,2,,1,3,0,2,2,2,0.389,1.76,17,1,2,5,1,2,,,1,1,2,2,2,3,2,4
325,838,1,2,1,1,,3,2,1,1,1,0,0,46,9,6,,,2,,1,2,0,2,2,3,1.107,2.04,48,1,4,5,2,,1,,2,1,1,1,2,2,,3
326,838,1,2,1,3,1,3,2,1,1,1,0,0,55,2,5,,,2,,1,1,0,1,1,1,0.799,1.628,36,1,4,5,0,,,2,3,1,2,1,2,1,,3
327,838,2,4,1,3,1,1,,0,1,,,,73,1,1,,,2,,1,9,0,2,1,2,1.539,2.955,17,1,4,5,2,,1,,2,7,1,1,3,9,7,4
328,838,1,2,1,1,,4,2,1,1,1,1,0,39,4,99,1,,2,,1,1,0,1,2,2,0.341,0.771,55,2,,,,,,,,,,,,1,,4
329,838,1,2,1,9,,3,3,2,1,,,,51,1,99,9,,2,,1,2,1,2,1,1,0.805,1.639,42,1,1,5,2,,2,,8,2,3,2,1,2,,3
330,838,1,4,1,3,1,1,,0,1,,,,65,2,2,,,2,,1,1,0,2,2,2,0.584,1.157,19,1,2,5,1,2,,,3,1,1,4,1,1,,2
331,838,1,1,1,1,,4,2,1,1,2,0,0,32,4,2,,,2,,5,3,0,2,2,3,1.027,1.893,5,1,4,5,2,,1,,2,2,4,1,2,3,7,3
332,838,1,2,1,1,,1,,0,1,,,,45,4,8,,,2,,1,1,0,2,1,3,1.152,1.938,48,2,,,,,,,,,,,,1,,2
333,838,2,4,1,3,1,1,,0,1,,,,79,3,1,,,2,,1,2,0,2,2,3,1.176,2.234,21,1,2,3,8,,,8,9,1,9,9,8,2,,4
334,838,1,2,1,1,,2,2,1,1,,,,32,4,99,2,,2,,1,3,0,2,2,3,1.027,1.893,5,2,,,,,,,,,,,,3,1,3
335,838,2,5,1,1,,2,2,0,2,,,,48,4,5,,,2,,1,1,0,2,1,3,1.152,1.938,48,1,3,5,2,,2,,8,1,1,1,2,1,,3
336,838,1,2,1,1,,5,3,2,1,0,1,1,38,1,3,,,2,,2,2,0,2,2,3,1.848,4.141,45,1,3,5,2,,8,,2,2,3,2,3,2,,3
337,838,1,1,1,2,,1,,0,1,,,,51,2,2,,,2,,5,3,0,2,2,2,0.56,1.11,29,1,4,5,1,1,,,1,1,3,4,1,3,2,4
338,838,1,2,1,3,2,4,2,1,1,0,1,1,34,3,6,,,2,,1,1,0,2,2,3,1.241,2.287,48,1,3,5,9,,,9,9,1,2,2,2,1,,4
339,838,1,2,1,3,5,2,2,1,1,,,,61,2,3,,,2,,1,1,0,1,1,3,0.783,1.599,1,1,4,5,1,1,,,1,1,3,2,1,1,,4
340,838,1,2,1,3,1,4,4,3,1,,,,63,3,8,,,2,,1,2,0,2,1,4,1.145,2.29,6,1,3,5,0,,,0,3,0,1,1,1,2,,2
341,838,2,2,1,1,,5,2,1,1,2,1,0,42,2,4,,,2,,1,1,0,1,2,2,0.628,1.247,29,1,3,5,2,,2,,2,1,1,1,1,1,,2
342,838,1,2,1,1,,4,2,1,1,0,0,2,35,4,8,,,2,,1,3,0,1,1,3,1.294,2.175,48,1,4,5,1,1,,,3,1,3,3,2,3,2,2
344,838,2,1,1,1,,1,,1,0,,,,24,3,5,,,2,,1,1,0,1,1,3,0.634,0.647,47,2,,,,,,,,,,,,1,,4
345,838,2,1,1,1,,2,1,1,0,0,0,1,31,2,4,,,2,,2,3,0,1,1,2,2.314,2.08,20,2,,,,,,,,,,,,3,2,5
346,838,1,2,2,3,2,2,2,1,1,,,,70,2,99,2,,2,,1,2,0,2,2,3,0.632,1.201,47,1,4,5,2,,1,,2,2,3,1,2,2,,5
347,838,1,2,2,2,,5,2,1,1,2,1,0,40,2,6,,,2,,1,1,0,2,2,1,0.465,0.913,42,2,,,,,,,,,,,,1,,5
348,838,2,5,1,2,,2,1,0,1,1,0,0,39,4,1,,,2,,1,2,0,2,1,2,0.552,0.53,55,1,3,4,8,,,8,8,7,2,8,2,2,,3
349,838,1,2,1,1,,3,2,1,1,0,0,1,37,3,9,,1,2,,1,1,0,1,1,3,1.563,2.628,48,1,4,5,0,,,0,3,1,1,1,1,1,,3
350,838,1,2,1,2,,3,2,1,1,0,0,1,21,2,99,2,,2,,1,2,0,1,2,2,0.388,0.879,18,2,,,,,,,,,,,,2,,5
351,838,1,2,1,1,,4,2,1,1,0,1,1,30,3,5,,,2,,1,1,0,1,1,3,0.924,1.888,28,1,3,5,1,1,,,1,1,3,3,3,1,,4
352,838,1,2,1,2,,2,2,1,1,,,,60,6,98,2,,2,,1,3,0,2,2,3,0.947,1.744,5,1,4,5,2,,1,,2,1,1,1,3,3,1,4
353,838,1,2,1,1,,4,4,3,1,,,,49,5,8,,,2,,1,3,0,2,1,3,1.152,1.938,48,1,3,5,2,,2,,2,1,2,1,2,3,2,4
354,838,2,2,1,1,,2,2,1,1,,,,50,2,6,,,2,,1,3,0,1,2,2,0.651,1.291,29,1,2,5,2,,2,,2,2,2,2,2,3,1,3
355,838,1,2,1,3,2,3,3,2,1,,,,60,1,1,,,2,,1,3,0,2,2,3,1.793,3.408,47,1,2,5,2,,1,,2,7,2,1,1,3,7,3
356,838,1,1,2,1,,3,3,2,1,,,,32,2,6,,,2,,1,1,0,1,2,2,0.864,3.426,46,1,3,5,2,,2,,2,1,3,1,1,1,,3
357,838,1,2,1,3,1,2,2,1,1,,,,73,2,2,,,2,,1,3,0,2,1,2,0.585,1.123,55,1,3,5,1,1,,,1,1,1,3,1,3,7,4
358,838,1,2,1,1,,4,2,1,1,0,1,1,30,2,5,,,2,,1,1,0,1,2,2,0.864,1.713,29,1,1,5,1,8,,,1,1,3,3,1,1,,4
359,838,1,2,1,1,,2,2,1,1,,,,45,2,9,,2,2,,2,2,1,1,1,3,0.495,1.01,47,1,4,5,2,,2,,2,7,3,1,3,2,,3
360,838,1,2,1,1,,3,2,1,1,0,0,1,35,2,5,,,2,,1,2,0,1,2,3,0.946,1.743,5,1,4,5,2,,1,,2,7,3,2,1,2,,3
361,838,2,1,1,1,,2,2,0,2,,,,30,4,8,,,2,,1,3,0,2,1,3,1.697,2.853,22,2,,,,,,,,,,,,3,2,3
362,838,1,2,1,3,4,4,2,1,1,0,0,2,34,3,4,,,2,,1,1,0,2,1,3,0.947,1.819,51,2,,,,,,,,,,,,1,,3
363,838,1,2,1,3,2,2,2,1,1,,,,62,3,9,,1,2,,1,2,0,2,2,3,0.947,1.744,48,1,4,5,1,1,,,1,1,1,1,1,2,,4
364,838,1,2,1,1,,5,4,3,1,1,0,0,41,3,98,1,,2,,2,2,2,2,1,3,1.047,1.762,48,1,3,4,2,,2,,2,7,1,1,3,2,,4
365,838,1,2,1,3,2,3,3,2,1,,,,58,2,5,,,2,,1,2,0,2,2,3,0.681,1.295,47,1,4,5,2,,1,,2,7,2,3,3,2,,2
366,838,1,1,1,2,,1,,1,0,,,,31,3,6,,,2,,1,2,0,1,2,2,0.864,0.856,27,1,3,5,2,,1,,2,2,1,1,3,2,,3
367,838,1,1,1,1,,3,1,1,0,1,1,0,45,4,8,,,2,,2,2,1,1,1,2,0.723,0.649,29,1,4,5,2,,1,,2,7,2,1,3,2,,1
368,838,1,2,1,1,,3,3,1,2,,,,45,4,99,1,,1,1,,2,1,1,1,3,0.309,0.594,37,1,4,5,2,,2,,2,2,2,1,1,2,,4
369,838,1,4,1,3,1,3,3,2,1,,,,66,3,2,,,2,,1,3,1,2,1,3,0.335,0.643,24,1,4,5,2,,2,,2,1,3,1,1,3,7,3
370,838,1,1,1,1,,2,2,1,1,,,,30,6,6,,,2,,1,8,0,2,1,2,0.827,1.587,55,2,,,,,,,,,,,,8,2,3
371,838,9,9,1,3,1,9,,,,,,,70,1,99,9,,2,,1,9,0,2,2,2,1.005,2.278,26,1,1,5,9,,,9,9,9,8,8,8,9,9,7
372,838,1,2,1,3,2,3,2,1,1,0,0,1,35,2,5,,,2,,1,2,0,2,1,1,0.648,1.319,34,1,3,5,8,,,8,8,1,2,2,3,2,,4
373,838,1,2,1,3,2,4,2,1,1,0,0,2,29,2,6,,,2,,1,3,0,2,1,3,0.947,1.819,12,1,4,5,2,,1,,2,1,2,2,2,3,8,3
374,838,1,3,1,2,,1,,0,1,,,,70,3,3,,,2,,2,2,0,2,1,2,1.563,2.809,29,1,4,5,2,,1,,2,2,2,1,3,2,,2
375,838,1,2,1,1,,4,2,1,1,0,1,1,39,4,8,,,2,,1,2,0,1,1,2,0.521,1.001,17,1,4,5,1,2,,,3,1,3,2,3,2,,4
376,838,1,2,1,3,1,2,2,1,1,,,,62,3,9,,1,2,,1,3,0,2,1,1,0.687,1.398,36,1,4,5,2,,1,,2,2,2,1,1,3,7,3
377,838,1,2,1,2,,2,2,1,1,,,,55,2,3,,,2,,1,3,0,2,1,2,1.186,2.131,29,1,4,5,2,,1,,2,1,3,3,3,3,1,2
378,838,1,2,1,1,,3,2,1,1,0,0,1,22,3,6,,,2,,1,2,0,2,1,3,1.55,2.977,45,2,,,,,,,,,,,,2,,2
379,838,1,2,1,1,,4,2,1,1,2,0,0,40,4,9,,2,2,,1,3,0,1,1,1,0.568,1.157,36,2,,,,,,,,,,,,3,1,3
380,838,1,2,1,3,1,2,2,1,1,,,,58,1,2,,,2,,1,3,0,2,1,3,1.902,3.653,12,1,4,5,1,1,,,1,1,3,1,8,3,2,4
381,838,1,2,1,1,,4,2,1,1,1,1,0,41,2,9,,2,2,,1,1,0,1,1,3,0.722,1.386,37,1,4,5,1,1,,,1,1,3,3,1,1,,4
382,838,2,2,1,3,2,3,2,1,1,0,0,1,26,3,5,,,2,,1,3,0,2,2,1,0.519,1.12,50,1,3,5,0,,,0,3,1,2,1,1,3,7,3
383,838,1,2,1,1,,2,2,1,1,,,,99,3,99,2,,2,,1,3,0,1,1,1,0.81,1.65,36,1,3,5,1,2,,,1,1,3,3,2,3,2,4
384,838,1,2,1,3,2,5,2,1,1,0,1,2,28,2,5,,,2,,1,3,0,2,1,3,0.947,1.819,13,2,,,,,,,,,,,,3,1,2
385,838,1,2,1,1,,4,2,1,1,1,1,0,35,2,5,,,2,,1,1,0,1,2,2,0.411,0.932,26,1,3,5,1,2,,,1,1,2,1,1,1,,3
386,838,1,2,1,1,,2,2,1,1,,,,56,5,9,,2,2,,1,2,0,2,1,2,0.522,1.002,18,1,4,5,2,,2,,2,1,1,1,1,2,,2
387,838,1,2,1,3,4,4,2,1,1,0,1,1,32,4,99,2,,2,,1,1,0,2,1,2,0.684,1.313,18,1,4,5,0,,,1,3,1,2,4,3,1,,3
388,838,2,1,1,2,,1,,0,1,,,,22,5,1,,,2,,1,3,0,2,1,3,1.444,2.949,1,2,,,,,,,,,,,,3,1,3
389,838,2,5,1,1,,1,,1,0,,,,34,3,8,,,2,,1,1,0,1,1,1,0.943,0.961,34,2,,,,,,,,,,,,1,,4
390,838,1,4,1,3,8,1,,0,1,,,,60,5,98,8,,2,,1,2,1,2,1,3,0.278,0.569,47,1,4,5,1,1,,,1,1,3,1,3,2,,2
391,838,1,1,1,1,,2,2,1,1,,,,27,3,8,,,2,,1,3,0,1,1,1,0.943,1.922,36,1,3,5,2,,2,,2,7,1,1,2,3,1,3
392,838,2,2,1,1,,3,2,1,1,0,1,0,26,2,5,,,2,,1,3,1,1,1,3,1.074,1.805,48,2,,,,,,,,,,,,3,8,2
393,838,1,4,1,3,2,1,,0,1,,,,74,3,5,,,2,,1,2,0,2,1,3,1.451,2.439,48,1,4,5,2,,1,,2,2,1,1,1,2,,2
394,838,1,2,1,1,,2,2,1,1,,,,22,2,4,,,2,,1,1,0,1,1,3,0.634,1.295,1,2,,,,,,,,,,,,1,,4
395,838,1,2,1,1,,2,2,1,1,,,,24,4,6,,,2,,1,1,0,2,1,2,1.353,2.597,39,1,3,5,1,1,,,1,1,2,2,2,1,,4
396,838,1,2,1,1,,3,2,1,1,0,1,0,43,4,9,,1,2,,1,1,0,1,2,3,0.433,0.971,45,1,4,5,1,1,,,1,1,3,3,2,1,,5
397,838,1,2,1,3,1,2,2,1,1,,,,78,5,6,,,2,,1,2,0,1,1,3,0.583,1.191,21,1,4,5,2,,1,,2,1,1,1,1,2,,2
398,838,2,2,1,1,,3,2,1,1,1,0,0,28,4,5,,,2,,5,2,0,1,1,1,0.781,1.59,36,2,,,,,,,,,,,,2,,3
399,838,1,2,1,3,2,2,2,1,1,,,,51,2,9,,1,2,,1,2,0,2,1,1,0.611,1.245,34,2,,,,,,,,,,,,2,,3
400,838,1,2,1,3,2,2,2,1,1,,,,60,3,9,,1,2,,1,1,0,2,1,1,0.687,1.398,36,1,3,5,1,2,,,1,1,1,2,2,1,,5
401,838,1,2,1,1,,2,2,1,1,,,,65,5,9,,2,2,,2,2,1,1,1,3,1.099,1.846,22,1,4,5,2,,1,,2,2,1,1,3,2,,3
402,838,1,2,1,1,,3,2,1,1,0,1,0,34,4,6,,,2,,1,3,0,1,2,3,0.596,1.335,37,1,3,5,1,1,,,1,1,2,2,1,3,7,4
403,838,2,1,1,3,2,2,1,0,1,0,0,1,28,2,3,,,2,,9,3,0,2,1,1,0.664,0.676,36,1,3,5,2,,2,,2,2,4,3,3,3,1,3
404,838,2,2,1,1,,3,2,1,1,0,1,0,54,2,7,,,2,,2,3,0,2,1,1,0.869,1.768,36,1,3,5,2,,1,,2,2,3,1,3,3,1,3
405,838,1,2,1,1,,2,2,1,1,,,,54,3,9,,2,2,,1,3,0,2,1,2,0.561,1.078,17,2,,,,,,,,,,,,3,1,2
406,838,1,2,1,1,,4,2,1,1,0,2,0,43,5,7,,,2,,1,3,0,1,2,2,0.52,1.031,27,1,4,5,2,,1,,2,2,2,1,3,3,1,2
407,838,1,2,1,1,,5,2,1,1,2,1,0,41,4,8,,,2,,1,1,1,1,1,2,0.491,0.882,20,1,4,5,1,1,,,1,1,1,1,1,1,,4
408,838,1,5,1,3,4,3,1,0,1,1,1,0,36,2,4,,,2,,1,1,0,2,1,2,0.595,0.571,17,1,3,3,2,,2,,3,1,3,1,3,1,,3
409,838,1,2,1,2,,2,2,1,1,,,,42,1,7,,,2,,1,2,0,2,1,2,1.566,3.006,17,1,1,5,2,,8,,2,2,1,3,3,2,,3
410,838,1,2,1,1,,4,2,1,1,2,0,0,47,2,5,,,2,,1,2,0,1,1,2,1.228,2.207,29,1,3,5,2,,1,,2,1,1,1,1,2,,4
411,838,1,1,1,1,,1,,1,0,,,,37,4,6,,,2,,1,2,0,1,2,4,0.533,0.573,30,1,3,4,2,,2,,3,2,4,2,2,2,,3
412,838,1,2,1,2,,4,3,1,2,1,0,0,45,3,9,,2,2,,1,1,0,2,2,2,0.56,2.22,29,1,3,3,0,,,1,1,1,3,3,3,1,,4
413,838,1,4,1,3,1,1,,0,1,,,,81,2,1,,,2,,1,2,0,2,1,4,0.987,2.031,30,1,4,5,2,,8,,2,2,1,1,3,2,,3
414,838,1,1,1,1,,1,,1,0,,,,35,4,9,,1,2,,1,1,0,1,2,2,0.535,0.531,31,1,3,5,1,2,,,3,1,2,2,1,1,,3
415,838,1,2,1,3,2,2,2,1,1,,,,61,4,8,,,2,,1,2,0,2,2,4,0.402,0.864,35,1,4,5,2,,1,,2,2,2,1,2,2,,3
416,838,1,2,1,1,,4,2,1,1,0,0,2,34,2,99,9,,2,,1,3,0,1,1,3,0.924,1.888,1,1,4,5,1,1,,,1,1,1,2,1,3,2,5
417,838,1,2,1,1,,4,2,1,1,0,1,1,38,2,6,,,2,,1,3,0,1,2,4,0.485,1.042,30,2,,,,,,,,,,,,3,7,2
418,838,1,2,1,2,,2,2,1,1,,,,64,3,3,,,2,,1,1,0,1,2,4,0.565,1.214,30,1,3,5,8,,,1,1,1,2,2,3,1,,4
419,838,1,2,1,1,,3,2,1,1,1,0,0,39,2,6,,,2,,1,3,0,2,2,4,0.457,0.985,30,1,3,5,1,2,,,1,2,2,1,2,3,7,1
420,838,1,2,1,1,,2,2,1,1,,,,50,1,8,,,2,,1,1,0,1,1,4,2.808,5.617,6,1,4,5,1,1,,,1,1,3,4,1,1,,5
421,838,2,5,1,1,,1,,0,1,,,,51,3,3,,,2,,1,1,0,2,1,4,0.509,1.047,35,2,,,,,,,,,,,,1,,3
422,838,2,5,1,1,,2,2,1,1,,,,35,2,8,,,2,,1,2,0,2,1,4,1.08,2.161,6,2,,,,,,,,,,,,2,,2
423,838,1,2,1,2,,4,3,1,2,1,0,0,48,2,99,9,,2,,1,3,0,2,1,2,0.561,2.155,17,1,3,5,9,,,9,9,9,2,1,2,3,7,3
424,838,1,2,1,1,,2,2,1,1,,,,99,5,99,9,,2,,1,1,0,1,1,4,1.118,2.237,6,1,3,5,1,2,,,1,1,2,2,1,1,,4
425,838,1,2,1,1,,2,2,1,1,,,,33,4,8,,,2,,1,3,0,1,1,4,0.651,1.338,4,1,3,5,8,,,8,8,1,1,1,3,3,2,4
426,838,2,1,1,1,,1,,0,1,,,,30,4,4,,,2,,1,2,0,2,1,4,1.242,2.486,6,1,4,5,2,,1,,2,2,3,1,1,2,,1
427,838,2,1,1,1,,3,3,3,0,,,,33,2,9,,2,2,,1,2,0,1,1,4,0.786,1.616,4,2,,,,,,,,,,,,2,,2
428,838,1,2,1,1,,2,2,1,1,,,,54,3,6,,,2,,1,3,0,1,1,4,1.186,2.372,53,1,2,5,2,,1,,2,2,2,2,1,3,1,3
429,838,2,1,1,1,,1,,0,1,,,,25,4,4,,,2,,1,3,0,2,1,4,0.621,1.277,8,1,4,5,2,,1,,2,2,3,1,2,3,1,1
430,838,2,1,1,1,,1,,0,1,,,,20,2,2,,,2,,1,3,0,2,1,4,1.228,2.524,4,2,,,,,,,,,,,,3,8,3
431,838,1,2,1,3,5,6,3,1,2,0,2,1,31,2,5,,,2,,1,3,0,2,2,4,1.337,5.43,41,1,1,5,0,,,1,3,1,2,1,1,3,1,2
432,838,1,2,1,1,,3,2,1,1,1,0,0,39,5,99,1,,2,,1,2,0,1,1,4,0.473,0.973,49,1,4,5,8,,,2,2,2,2,1,2,2,,3
433,838,1,2,1,1,,4,2,1,1,0,1,1,32,3,8,,,2,,1,3,0,1,2,2,0.864,1.713,38,1,3,5,1,1,,,1,1,2,1,1,3,7,3
434,838,1,2,1,3,3,4,2,1,1,1,1,0,39,3,8,,,1,1,,1,0,1,2,4,0.485,1.042,35,1,4,5,8,,,1,1,1,2,1,2,1,,3
435,838,1,2,1,1,,4,2,1,1,1,1,0,42,5,9,,2,2,,1,3,0,1,2,4,0.402,0.863,16,1,3,5,2,,2,,2,0,2,1,2,3,1,2
436,838,1,2,1,1,,4,3,2,1,1,0,0,47,5,9,,1,2,,1,8,1,1,1,4,0.491,1.963,53,2,,,,,,,,,,,,8,7,2
437,838,2,2,1,1,,3,2,1,1,1,0,0,38,5,8,,,2,,5,3,1,2,1,4,0.278,0.572,8,1,2,5,1,2,,,1,1,3,1,1,3,2,2
438,838,2,2,1,3,4,5,2,1,1,0,1,2,24,4,1,,,2,,1,2,0,1,1,4,0.539,1.109,49,2,,,,,,,,,,,,2,,8
439,838,1,2,1,1,,4,2,1,1,0,2,0,27,2,7,,,2,,1,3,0,2,1,3,2.051,3.448,48,2,,,,,,,,,,,,3,1,4
440,838,1,2,1,1,,4,2,1,1,1,1,0,40,5,8,,,2,,1,3,0,2,1,4,0.894,1.789,53,1,4,5,2,,1,,2,2,2,2,2,3,1,2
441,838,2,2,1,1,,2,2,1,1,,,,23,1,2,,,2,,1,3,0,1,1,4,1.078,2.158,6,2,,,,,,,,,,,,3,8,3
442,838,1,4,1,1,,1,,0,1,,,,45,5,99,1,,2,,1,1,3,2,1,4,0.421,0.844,6,1,3,5,2,,1,,3,1,4,2,1,1,,5
443,838,1,2,1,1,,6,4,2,2,0,2,0,47,2,4,,,2,,2,2,0,2,2,3,0.862,3.274,28,1,4,5,2,,1,,2,1,1,8,3,2,,5
444,838,1,2,1,1,,3,2,1,1,0,0,1,27,4,8,,,2,,1,1,0,1,1,4,0.651,1.338,49,1,4,5,1,1,,,3,1,2,3,1,1,,1
445,838,2,5,1,2,,1,,0,1,,,,35,2,1,,,2,,1,1,0,2,1,4,1.08,2.161,6,1,4,5,1,1,,,1,1,3,2,2,1,,5
446,838,1,2,1,3,2,4,2,1,1,0,0,2,33,2,6,,,2,,1,1,0,2,1,4,1.501,3.003,53,2,,,,,,,,,,,,1,,3
447,838,1,1,1,3,4,4,3,1,2,0,0,1,52,2,3,,,2,,1,1,0,2,1,4,1.019,4.077,6,1,3,5,2,,2,,2,1,1,2,2,1,,4
448,838,2,5,1,1,,3,2,1,1,0,1,0,31,4,6,,,2,,5,3,0,1,1,4,0.651,1.338,8,2,,,,,,,,,,,,3,1,3
449,838,1,1,1,1,,2,2,0,2,,,,40,4,9,,2,2,,1,1,0,2,1,4,0.894,1.789,6,1,4,5,8,,,2,2,1,2,2,2,1,,2
450,838,1,2,1,3,1,2,2,1,1,,,,60,1,6,,,2,,1,2,0,1,2,4,1.487,3.197,4,1,2,5,2,,2,,1,1,2,2,2,2,,4
451,838,2,2,1,2,,2,2,1,1,,,,24,3,4,,,2,,1,1,0,1,1,4,1.078,2.158,53,1,4,5,1,1,,,1,1,2,1,2,1,,4
452,838,1,2,1,3,3,3,2,1,1,1,0,0,39,4,9,,1,2,,1,2,0,2,1,4,0.894,1.789,6,1,4,5,2,,1,,2,2,1,3,2,2,,2
453,838,2,2,1,1,,5,2,1,1,0,1,2,29,2,6,,,2,,1,2,0,1,1,4,1.573,3.146,6,2,,,,,,,,,,,,2,,3
454,838,1,2,1,3,1,4,4,3,1,,,,60,3,99,9,,2,,1,9,0,2,2,4,1.188,2.411,6,2,,,,,,,,,,,,9,2,3
455,838,1,2,1,3,5,2,2,1,1,,,,63,1,4,,,2,,1,2,0,2,1,4,2.815,5.633,6,1,4,3,2,,1,,2,7,1,3,3,2,,3
456,838,1,4,1,1,,1,,0,1,,,,49,1,1,,,2,,1,2,0,2,1,4,2.683,5.368,6,2,,,,,,,,,,,,2,,4
457,838,1,3,1,1,,2,1,0,1,0,0,1,31,4,7,,,2,,5,3,1,2,1,4,0.622,0.622,6,1,3,5,2,,1,,2,2,1,1,2,3,1,3
458,838,2,5,1,3,1,1,,1,0,,,,61,2,5,,,2,,1,2,0,1,1,4,1.332,1.333,6,2,,,,,,,,,,,,2,,3
459,838,2,2,1,3,1,2,2,1,1,,,,68,1,5,,,2,,1,2,0,1,1,4,2.864,5.728,6,2,,,,,,,,,,,,2,,3
460,838,2,1,1,3,5,2,2,1,1,,,,33,2,98,2,,2,,1,8,0,1,1,4,1.573,3.146,6,2,,,,,,,,,,,,8,8,4
461,838,2,1,1,1,,3,2,1,1,0,1,0,32,2,3,,,2,,1,3,0,1,1,2,1.63,2.928,29,2,,,,,,,,,,,,3,2,3
462,838,2,1,1,1,,3,2,1,1,0,0,1,23,2,4,,,2,,1,3,0,1,1,4,1.078,2.158,6,1,3,5,2,,8,,3,7,1,1,2,3,1,4
463,838,1,1,1,1,,2,2,1,1,,,,39,6,5,,,2,,1,1,0,1,1,3,0.722,1.386,37,1,3,4,1,1,,,1,1,3,2,3,1,,4
464,838,1,1,1,1,,3,3,0,3,,,,35,2,4,,,2,,1,3,0,2,1,3,0.682,1.309,13,2,,,,,,,,,,,,3,2,1
465,838,1,2,1,2,,4,2,1,1,1,1,0,40,4,99,9,,2,,1,3,0,2,1,2,0.493,0.945,26,1,3,5,8,,,1,2,9,2,2,2,3,1,3
466,838,1,1,1,2,,2,2,1,1,,,,18,2,6,,,2,,1,3,0,1,1,3,0.681,1.307,24,2,,,,,,,,,,,,3,2,4
467,838,1,2,1,1,,2,2,1,1,,,,32,2,5,,,2,,1,3,0,1,1,3,0.992,1.905,12,2,,,,,,,,,,,,3,1,4
468,838,2,1,1,2,,2,2,1,1,,,,27,3,2,,,2,,1,2,0,1,1,3,0.992,1.905,12,1,4,5,2,,1,,2,2,1,2,3,2,,2
469,838,2,1,1,2,,2,2,0,2,,,,20,3,2,,,2,,1,3,0,2,1,3,1.55,2.977,24,2,,,,,,,,,,,,3,1,2
470,838,2,2,2,1,,3,2,1,1,0,1,0,39,5,6,,,2,,1,1,0,2,1,1,1.09,1.763,9,1,3,5,1,1,,,1,1,3,2,1,1,,4
471,838,1,2,1,1,,3,2,1,1,0,0,1,31,3,99,9,,2,,1,1,1,1,1,1,0.472,0.961,36,2,,,,,,,,,,,,1,,4
472,838,1,2,1,1,,4,3,2,1,1,0,0,53,5,9,,1,2,,1,1,0,1,1,1,0.589,2.398,34,1,4,5,1,2,,,1,1,2,2,2,1,,4
473,838,1,5,1,2,,2,2,1,1,,,,99,3,3,,,2,,1,2,0,2,1,1,0.755,1.539,42,1,3,5,2,,1,,2,2,1,1,3,2,,3
474,838,1,2,1,3,1,2,2,1,1,,,,62,4,7,,,2,,1,1,0,1,1,3,0.696,1.336,37,1,1,5,0,,,2,3,1,1,1,3,1,,4
475,838,1,2,2,3,1,2,2,1,1,,,,79,2,2,,,2,,1,1,0,1,2,3,0.714,1.356,47,1,3,5,1,1,,,1,1,3,3,3,1,,4
476,838,1,2,1,1,,4,2,1,1,1,0,1,38,2,3,,,2,,1,2,0,1,1,3,0.722,1.386,24,1,3,4,0,,,2,2,2,1,1,4,2,,2
477,838,1,1,2,1,,5,3,2,1,2,0,0,19,2,4,,,2,,1,1,0,1,1,3,0.681,2.614,12,1,2,3,1,2,,,1,7,3,1,3,1,,4
478,838,1,2,1,1,,2,2,1,1,,,,31,4,8,,,2,,1,3,0,1,1,1,1.588,2.567,25,1,3,5,2,,1,,2,1,1,1,2,3,1,3
479,838,1,1,1,1,,2,2,1,1,,,,29,4,99,1,,2,,1,1,0,1,1,2,0.717,1.376,26,1,4,5,9,,,1,1,1,2,1,2,1,,3
480,838,2,5,1,3,1,1,,0,1,,,,76,1,2,,,2,,1,8,0,2,1,2,2.747,5.272,18,1,2,5,2,,1,,2,7,2,2,4,8,8,3
481,838,1,2,1,1,,4,2,1,1,2,0,0,44,5,9,,2,2,,1,1,0,1,1,2,0.521,1.001,26,1,2,4,1,2,,,1,1,2,1,1,1,,4
482,838,1,2,1,1,,3,3,1,2,,,,50,4,99,9,,2,,2,2,0,2,1,1,0.719,2.928,36,1,2,4,9,,,9,9,9,2,1,1,2,,2
483,838,1,2,1,1,,5,2,1,1,3,0,0,54,2,7,,,2,,1,2,0,1,1,2,0.653,1.254,18,1,3,5,2,,2,,2,1,2,1,3,2,,4
484,838,1,5,1,1,,4,1,0,1,3,0,0,36,5,6,,,2,,1,2,0,2,1,3,0.536,0.547,47,1,3,5,2,,2,,2,1,1,1,2,2,,2
485,838,1,1,1,1,,1,,0,1,,,,42,5,7,,,2,,1,2,0,2,1,2,0.493,0.945,18,1,4,5,2,,1,,2,2,2,1,2,2,,2
486,838,1,2,2,1,,5,2,1,1,0,2,1,48,5,8,,,2,,1,3,0,1,1,1,0.589,1.199,36,2,,,,,,,,,,,,3,1,1
487,838,2,1,1,1,,1,,1,0,,,,28,4,6,,,2,,1,1,0,1,1,2,0.717,0.688,39,1,3,4,1,1,,,1,1,1,1,2,1,,4
488,838,1,1,1,3,4,1,,1,0,,,,26,2,2,,,2,,2,3,0,1,1,3,1.409,1.354,12,1,4,5,2,,1,,2,2,3,1,3,3,1,2
489,838,1,2,1,1,,5,5,3,2,,,,43,2,7,,,2,,1,3,0,2,1,3,0.681,2.617,51,1,3,5,1,2,,,1,1,3,3,3,3,2,4
490,838,1,1,2,1,,2,2,1,1,,,,18,2,7,,,2,,1,3,0,1,1,2,0.594,1.14,39,1,3,5,2,,1,,2,7,2,1,3,3,1,3
491,838,1,2,1,1,,4,3,1,2,0,1,0,54,1,7,,,2,,2,2,0,1,1,1,2.601,5.296,36,2,,,,,,,,,,,,2,,4
492,838,2,1,1,1,,1,,0,1,,,,23,3,3,,,2,,1,1,0,2,1,3,1.55,2.977,37,2,,,,,,,,,,,,1,,2
493,838,2,1,1,1,,1,,0,1,,,,24,2,5,,,2,,1,0,0,2,2,3,1.124,2.519,54,2,,,,,,,,,,,,0,7,3
494,838,1,2,1,1,,4,4,1,3,,,,53,2,8,,,2,,1,1,1,2,1,1,0.306,1.245,36,1,3,5,1,2,,,1,1,3,2,2,1,,3
495,838,1,1,2,3,3,4,3,2,1,1,0,0,18,2,9,,2,2,,1,1,2,1,1,1,0.323,1.317,34,2,,,,,,,,,,,,1,,4
496,838,1,2,1,1,,3,2,1,1,1,0,0,42,4,9,,1,2,,1,3,0,2,2,3,0.41,0.917,37,1,4,5,2,,1,,2,1,1,1,3,3,1,2
497,838,2,2,1,1,,3,2,1,1,0,1,0,36,4,8,,,2,,1,1,0,1,1,3,0.557,1.137,47,1,4,5,1,1,,,1,1,3,3,1,1,,4
498,838,1,2,1,1,,4,2,1,1,2,0,0,42,4,7,,,2,,2,2,0,1,1,2,0.74,1.422,26,1,3,5,2,,1,,2,2,1,1,2,2,,2
499,838,2,1,1,3,1,1,,1,0,,,,64,5,6,,,2,,1,1,0,1,1,2,0.608,0.583,39,1,4,5,1,1,,,1,1,2,1,2,1,,3
500,838,1,2,2,1,,3,2,1,1,0,0,1,22,2,4,,,2,,1,0,0,2,1,3,1.55,2.977,12,2,,,,,,,,,,,,0,8,3
501,838,2,1,1,3,3,1,,0,1,,,,43,4,1,,,2,,1,3,0,2,1,3,0.564,1.083,13,1,3,1,7,,,7,7,7,1,2,1,3,7,7
502,838,1,2,1,1,,3,2,1,1,1,0,0,99,2,99,1,,2,,1,3,0,2,2,3,0.576,1.291,45,1,3,5,1,1,,,1,7,3,1,3,3,2,2
503,838,1,4,1,3,1,5,5,3,2,,,,80,1,99,9,,2,,9,3,0,2,1,1,1.297,5.281,34,1,4,5,8,,,8,8,1,8,3,4,3,7,5
504,838,2,4,1,3,1,1,,1,0,,,,82,3,1,,,2,,5,2,0,1,1,2,0.66,0.634,39,1,4,5,2,,1,,2,2,3,1,1,2,,3
505,838,1,2,1,1,,3,3,2,1,,,,55,3,8,,,2,,2,9,0,2,1,3,1.026,1.971,24,1,4,5,9,,,9,9,9,9,1,1,9,9,9
506,838,1,2,1,3,4,2,2,1,1,,,,24,3,4,,,2,,1,3,0,1,1,2,0.594,1.14,26,2,,,,,,,,,,,,3,1,2
507,838,1,1,2,3,4,5,5,3,2,,,,26,5,1,,,2,,1,1,1,1,2,1,0.28,1.1,36,1,2,5,2,,2,,2,1,2,8,1,1,,4
508,838,2,4,1,3,1,1,,0,1,,,,73,1,1,,,2,,1,2,0,2,2,2,1.005,2.278,26,1,3,5,2,,1,,7,1,1,1,1,2,,3
509,838,1,2,1,1,,3,3,1,2,,,,54,1,7,,,2,,1,2,0,1,2,2,1.122,2.543,18,1,3,5,2,,1,,2,7,2,2,2,2,,2
510,838,1,1,1,3,5,2,2,2,0,,,,38,4,7,,,2,,1,1,0,1,2,2,0.341,0.771,18,1,4,5,2,,2,,2,1,1,1,1,1,,2
511,838,1,4,1,3,1,1,,1,0,,,,68,3,7,,,2,,1,3,0,1,2,3,0.626,0.701,51,1,3,5,0,,,0,3,2,2,3,2,3,1,2
512,838,1,2,1,2,,5,4,3,1,1,,,42,2,8,,,2,,1,2,0,2,1,1,0.648,1.319,42,2,,,,,,,,,,,,2,,2
513,838,8,2,1,1,,4,2,1,1,0,1,1,25,2,4,,,2,,1,0,0,1,1,3,0.992,1.905,13,2,,,,,,,,,,,,0,7,8
514,838,2,1,2,3,3,2,2,2,0,,,,23,4,2,,,2,,1,3,0,1,1,1,0.647,1.317,36,1,4,5,2,,1,,2,2,1,1,8,3,7,8
515,838,1,2,1,3,3,5,2,1,1,0,2,1,28,3,8,,,2,,1,2,0,2,1,2,0.827,1.587,18,1,4,5,2,,2,,3,1,3,1,3,2,,2
516,838,1,2,1,1,,3,2,1,1,0,0,1,22,3,7,,,1,1,,1,0,1,1,3,0.681,1.307,45,1,3,5,1,1,,,1,1,3,4,3,1,,4
517,838,2,2,1,1,,3,2,1,1,0,0,1,30,4,4,,,2,,1,3,0,1,1,3,0.765,1.563,1,1,3,5,2,,2,,2,7,2,2,3,3,1,2
518,838,1,2,1,3,1,2,2,1,1,,,,64,2,4,,,2,,1,1,0,1,1,1,0.799,1.628,42,1,3,5,1,1,,,1,1,3,1,8,1,,3
519,838,1,5,1,3,1,1,,1,0,,,,69,1,1,,,2,,1,8,0,1,1,3,2.271,2.181,12,1,3,5,9,,,9,9,9,1,8,1,8,8,7
520,838,1,1,1,1,,2,2,1,1,,,,25,1,2,,,2,,1,1,0,1,2,3,1.896,4.245,37,1,3,5,1,1,,,1,1,2,1,1,1,,3
521,838,1,2,1,1,,6,2,1,1,1,1,2,39,4,8,,,2,,1,3,0,1,1,1,0.568,1.157,36,1,3,5,8,,,8,8,1,2,1,2,3,7,4
522,838,1,5,1,1,,2,2,1,1,,,,39,4,7,,,2,,2,2,0,2,2,3,0.581,1.302,37,1,3,5,2,,1,,2,2,2,1,2,2,,2
523,838,1,2,1,1,,3,3,2,1,,,,50,2,8,,,2,,1,3,0,2,2,2,0.367,0.83,18,1,3,5,1,1,,,1,1,2,3,2,3,2,3
524,838,2,2,1,3,2,2,2,1,1,,,,99,1,99,9,,2,,2,2,0,2,1,1,2.594,5.282,34,1,3,5,2,,1,,2,2,2,1,2,2,,2
525,838,2,1,1,1,,2,2,0,2,,,,25,4,6,,,2,,1,2,0,2,2,1,0.535,1.05,36,1,3,5,2,,1,,2,2,3,1,2,2,,2
526,838,1,2,1,1,,3,2,1,1,1,0,0,56,1,6,,,2,,1,1,0,1,2,3,2.087,3.967,47,1,3,5,2,,1,,2,2,2,1,3,1,,3
527,838,1,2,1,3,1,2,2,1,1,,,,55,2,4,,,2,,1,2,0,2,1,3,0.722,1.387,12,1,4,5,2,,1,,2,2,1,1,4,2,,3
528,838,2,1,2,2,,3,3,1,2,,,,18,2,1,,,2,,2,2,0,2,1,3,1.41,5.416,51,2,,,,,,,,,,,,2,,4
529,838,1,2,1,3,1,2,2,1,1,,,,84,4,4,,,2,,1,1,0,2,2,1,0.566,1.22,33,1,3,5,8,,,8,8,1,3,1,2,1,,3
530,838,1,2,1,1,,3,2,1,1,0,0,1,33,4,9,,1,2,,1,3,0,1,1,3,0.765,1.563,47,1,3,5,0,,,0,3,1,2,2,2,3,2,3
531,838,1,4,1,2,,2,2,0,2,,,,73,3,1,,,2,,1,1,0,2,1,3,0.669,1.287,12,1,4,5,1,1,,,1,1,2,1,2,1,,2
532,838,1,5,1,3,1,1,,1,0,,,,80,6,6,,,2,,1,1,0,1,1,1,0.719,0.732,42,1,4,5,2,,1,,2,2,1,1,3,1,,4
533,838,2,1,1,1,,1,,0,1,,,,24,5,2,,,2,,1,3,0,2,1,2,1.353,2.597,39,2,,,,,,,,,,,,3,8,4
534,838,1,2,1,1,,2,2,1,1,,,,51,2,8,,,2,,1,1,0,2,1,3,0.643,1.235,12,1,4,5,1,1,,,1,1,3,3,2,1,,8
535,838,1,2,1,1,,3,2,1,1,1,0,0,30,2,99,9,,2,,1,3,0,2,1,3,0.947,1.819,51,1,3,5,9,,,9,9,1,2,2,2,3,1,3
536,838,1,2,1,3,2,2,2,1,1,,,,56,4,8,,,2,,1,1,0,2,2,3,0.434,0.972,51,1,4,5,1,2,,,1,1,2,3,2,1,,3
537,838,2,1,2,1,,1,,1,0,,,,27,4,2,,,2,,2,1,0,1,1,3,1.166,1.121,51,2,,,,,,,,,,,,1,,5
538,838,1,2,1,2,,3,2,1,1,0,0,1,30,2,8,,,2,,1,1,0,2,1,1,0.9,1.834,36,1,2,5,2,,2,,3,1,2,2,2,1,,2
539,838,2,3,1,1,,3,2,0,2,1,0,0,45,2,4,,,2,,2,3,0,2,1,1,0.869,1.768,36,1,4,5,2,,1,,2,2,1,1,1,3,1,4
540,838,1,4,1,3,1,1,,0,1,,,,76,5,3,,,2,,1,1,0,2,2,3,0.973,1.849,47,1,1,1,7,,,7,7,1,3,3,3,1,,4
541,838,1,2,1,1,,5,2,1,1,1,2,0,33,2,5,,,2,,1,3,0,1,1,3,0.992,1.905,51,2,,,,,,,,,,,,3,1,4
542,838,1,4,1,3,1,1,,0,1,,,,99,4,99,9,,2,,1,9,0,2,2,2,0.375,0.849,26,1,3,5,0,,,9,9,9,9,9,9,9,9,9
543,838,1,2,1,3,1,4,4,1,3,,,,75,2,5,,,2,,1,3,0,1,1,3,0.757,1.453,51,1,3,5,1,2,,,1,1,3,1,3,3,2,3
544,838,1,2,1,3,1,3,3,1,2,,,,65,1,3,,,2,,1,2,0,2,2,2,1.005,4.555,39,1,4,5,2,,1,,2,7,3,1,1,2,,3
545,838,2,1,2,3,4,8,5,1,4,0,1,2,18,2,98,8,,2,,2,3,0,2,1,3,1.41,5.416,12,2,,,,,,,,,,,,3,1,3
546,838,1,1,2,2,,4,4,2,2,,,,23,4,8,,,2,,1,1,0,1,1,3,0.681,2.614,45,1,4,5,1,1,,,1,1,2,2,3,1,,4
547,838,1,1,2,3,4,3,3,1,2,,,,20,2,98,1,,2,,5,3,1,1,1,1,0.657,1.063,33,2,,,,,,,,,,,,3,2,2
548,838,1,5,1,3,4,1,,1,0,,,,49,2,1,,,2,,1,1,0,1,1,1,0.711,0.724,36,1,4,5,1,2,,,3,1,3,1,1,1,,2
549,838,2,2,1,1,,4,2,1,1,2,0,0,39,3,7,,,1,1,,2,0,1,1,1,0.687,1.397,36,1,3,5,2,,1,,2,2,2,3,3,2,,2
550,838,1,2,1,1,,2,2,1,1,,,,41,3,8,,,2,,1,2,0,1,1,1,1.396,2.257,44,1,3,5,2,,1,,2,7,1,1,3,2,,2
551,838,2,1,1,1,,2,2,1,1,,,,25,2,9,,1,2,,1,2,0,1,1,3,0.992,1.905,45,1,4,3,2,,1,,2,7,1,3,4,2,,5
552,838,2,2,1,1,,3,2,1,1,0,0,1,34,1,4,,,2,,2,3,0,1,1,1,2.604,5.303,36,2,,,,,,,,,,,,3,7,3
553,838,1,2,1,3,2,3,2,1,1,0,0,1,37,3,6,,,2,,2,2,0,2,2,3,0.702,1.573,45,1,4,5,2,,1,,2,2,1,2,2,2,,4
554,838,2,1,1,2,,3,2,0,2,0,0,1,21,1,1,,,2,,1,3,0,2,2,3,1.124,2.519,37,1,2,1,1,1,,,1,1,3,1,3,3,1,3
555,838,1,2,2,1,,4,4,3,1,,,,50,2,2,,,2,,1,2,0,2,2,2,0.367,0.83,39,2,,,,,,,,,,,,2,,2
556,838,2,1,1,2,,4,4,4,0,,,,19,3,1,,,2,,5,3,0,1,1,3,0.681,1.307,51,2,,,,,,,,,,,,3,1,1
557,838,1,2,1,3,1,4,4,3,1,,,,75,3,5,,,2,,1,1,0,1,1,3,0.757,2.906,12,1,4,5,1,1,,,1,1,3,3,1,1,,5
558,838,1,4,1,3,1,1,,1,0,,,,72,1,2,,,2,,1,2,0,1,2,1,1.551,1.521,36,1,3,5,2,,2,,2,2,1,1,2,2,,4
559,838,1,2,1,1,,4,2,1,1,2,0,0,43,4,8,,,2,,1,1,0,1,1,1,0.568,1.157,36,1,4,5,1,1,,,1,1,2,1,2,1,,4
560,838,1,2,1,1,,4,2,1,1,0,0,2,37,2,7,,,2,,1,2,1,1,2,1,0.248,0.534,25,1,3,5,2,,2,,3,2,3,1,3,2,,1
561,838,1,4,1,1,,4,4,2,2,,,,54,2,9,,1,2,,2,2,1,2,1,3,0.457,1.754,24,1,4,5,2,,8,,2,8,2,1,2,2,,2
562,838,2,2,1,3,1,2,2,1,1,,,,75,1,1,,,2,,1,3,0,1,1,3,1.991,3.825,13,2,,,,,,,,,,,,3,7,5
563,838,1,5,1,2,,3,3,2,1,,,,63,1,3,,,2,,1,1,0,2,1,1,1.808,3.683,36,1,3,4,8,,,8,8,1,2,2,8,1,,3
564,838,1,4,1,3,1,1,,0,1,,,,70,6,99,9,,2,,1,3,0,2,1,1,1.295,2.094,25,1,2,5,0,,,2,0,2,1,1,1,3,1,3
565,838,1,1,1,2,,3,2,1,1,1,0,0,19,3,9,,2,2,,1,3,0,1,1,3,0.681,1.307,45,2,,,,,,,,,,,,3,1,3
566,838,1,2,1,1,,4,4,3,1,,,,55,4,9,,1,2,,1,1,0,1,1,1,0.662,2.695,36,1,4,5,0,,,0,3,1,2,2,2,1,,5
567,838,9,9,1,1,,9,,,,,,,34,4,99,9,,2,,1,3,9,1,1,1,0.781,0.795,36,1,4,5,1,1,,,1,1,3,2,2,3,2,4
568,838,1,2,2,1,,4,4,1,3,,,,20,2,98,2,,2,,1,1,1,2,1,1,0.737,3.002,34,2,,,,,,,,,,,,1,,3
569,838,2,5,2,1,,2,2,0,2,,,,42,3,8,,,2,,5,9,1,2,1,1,0.324,0.66,36,2,,,,,,,,,,,,9,7,3
570,838,1,2,1,1,,3,2,1,1,1,0,0,43,2,7,,,2,,2,2,2,2,1,3,0.451,0.921,47,1,3,3,2,,2,,3,2,3,2,2,2,,2
571,838,2,2,1,1,,5,2,1,1,0,2,1,27,3,6,,,2,,2,3,0,1,1,1,1.34,2.73,34,1,4,5,9,,,2,9,1,1,1,2,3,8,3
572,838,1,2,1,3,1,2,2,1,1,,,,70,3,3,,,2,,2,2,0,2,1,3,0.952,1.828,51,1,2,5,2,,2,,2,2,2,1,1,2,,3
573,838,1,2,2,2,,3,2,1,1,0,0,1,30,2,6,,,2,,1,1,0,2,1,1,0.9,1.834,34,1,3,3,2,,2,,2,1,3,1,3,1,,5
574,838,1,5,1,1,,2,2,1,1,,,,50,3,5,,,2,,1,1,0,2,1,4,1.019,2.039,6,1,3,4,8,,,2,2,2,1,1,3,1,,3
575,838,1,4,1,3,1,1,,0,1,,,,66,1,1,,,2,,1,2,0,2,2,2,1.005,2.278,39,1,3,4,2,,2,,2,7,4,2,4,2,,3
576,838,1,2,2,2,,3,3,1,2,,,,52,4,7,,,2,,1,1,0,2,2,1,0.363,1.426,42,1,4,5,0,,,8,3,1,1,1,1,1,,3
577,838,1,2,1,1,,4,2,1,1,2,0,0,44,5,8,,,2,,1,2,0,2,1,3,0.564,1.083,24,1,4,5,2,,1,,2,2,1,1,1,2,,4
578,838,1,2,1,1,,3,3,2,1,,,,46,5,8,,,2,,1,2,0,2,2,3,0.697,1.285,5,2,,,,,,,,,,,,2,,3
579,838,1,2,2,2,,2,2,1,1,,,,51,2,5,,,2,,1,3,0,2,1,3,0.643,1.235,24,1,3,4,8,,,8,8,1,2,2,2,3,8,4
580,838,2,5,1,1,,4,1,0,1,0,3,0,36,4,2,,,2,,1,2,0,2,1,3,0.57,0.547,13,1,3,5,2,,1,,2,1,1,1,1,2,,8
581,838,1,2,1,1,,3,3,1,2,,,,45,2,6,,,2,,1,3,0,2,2,3,0.466,2.09,37,1,3,5,1,2,,,1,1,2,1,2,3,7,4
582,838,1,1,2,1,,3,3,2,1,,,,22,3,1,,,2,,1,2,0,1,1,1,0.647,2.635,36,1,3,4,8,,,2,3,7,1,1,3,2,,2
583,838,2,2,1,1,,2,2,1,1,,,,25,3,3,,,2,,1,1,0,1,2,3,0.72,1.612,13,2,,,,,,,,,,,,1,,4
584,838,2,1,1,3,4,1,,1,0,,,,39,4,1,,,2,,1,3,0,1,2,2,0.469,0.531,55,1,3,5,0,,,0,0,0,2,1,2,3,7,1
585,838,1,2,1,1,,4,2,1,1,0,2,0,42,3,8,,,2,,1,3,0,1,1,3,0.722,1.386,51,1,3,5,1,1,,,1,1,2,3,3,3,2,2
586,838,1,2,1,2,,5,2,1,1,1,2,0,37,4,6,,,2,,1,3,0,2,1,2,0.927,1.664,29,1,4,5,2,,1,,2,1,2,1,2,3,8,3
587,838,1,2,1,1,,4,2,1,1,0,1,1,29,3,7,,,2,,1,1,0,2,2,3,0.893,1.697,28,1,2,5,8,,,1,1,1,3,3,1,1,,5
588,838,1,2,1,1,,8,2,1,1,0,3,3,38,2,5,,,2,,1,1,0,1,2,2,0.411,0.932,26,1,4,5,1,1,,,1,1,2,2,1,1,,5
589,838,1,5,1,3,5,2,2,1,1,,,,62,1,2,,,2,,1,2,0,2,1,1,1.808,3.683,36,1,2,5,2,,1,,2,1,1,1,3,2,,3
590,838,1,2,1,1,,3,2,1,1,0,1,0,48,5,99,1,,2,,1,1,0,2,1,1,0.506,1.031,42,1,4,5,2,,1,,2,1,2,1,2,1,,3
591,838,1,4,1,3,1,3,2,0,2,1,0,0,63,2,1,,,2,,2,2,0,2,1,3,0.956,1.952,1,1,4,5,2,,1,,2,2,2,1,2,2,,3
592,838,1,2,1,1,,6,2,1,1,1,2,1,36,1,4,,,2,,1,1,0,1,2,3,1.792,3.406,21,2,,,,,,,,,,,,1,,4
593,838,2,2,1,1,,4,2,1,1,0,2,0,30,2,1,,,2,,1,3,0,2,1,3,2.051,3.448,40,2,,,,,,,,,,,,3,7,3
594,838,1,1,2,1,,3,3,2,1,,,,29,4,8,,,2,,1,1,0,1,1,2,0.717,2.753,17,1,3,5,1,1,,,1,1,4,1,2,1,,4
595,838,1,2,1,2,,2,2,1,1,,,,68,2,8,,,2,,1,3,0,1,1,3,0.863,1.658,13,1,4,5,1,1,,,1,1,4,4,2,3,2,4
596,838,1,5,1,2,,4,1,0,1,2,1,0,34,1,2,,,2,,1,1,0,2,2,2,1.421,1.61,55,1,1,4,8,,,1,1,1,2,3,2,1,,3
597,838,1,2,1,1,,4,2,1,1,1,1,0,36,2,3,,,2,,1,2,0,2,2,3,0.643,1.222,1,1,3,4,2,,1,,2,7,3,2,2,2,,2
598,838,1,2,1,1,,2,2,1,1,,,,64,2,6,,,2,,1,2,0,1,1,2,1.381,2.48,31,1,1,3,0,,,2,3,2,1,3,1,2,,3
599,838,1,2,1,1,,5,2,1,1,0,2,1,33,4,8,,,2,,2,3,0,2,1,3,1.113,2.138,51,1,3,5,1,2,,,1,2,3,1,2,3,2,4
600,838,1,1,1,1,,2,2,1,1,,,,30,4,6,,,2,,2,2,0,2,1,2,1.829,3.286,29,1,4,5,8,,,2,8,2,1,1,1,2,,2
601,838,1,2,1,2,,9,,,,,,,99,1,99,9,,2,,1,2,9,1,2,2,1.279,1.448,55,1,3,5,2,,1,,3,1,1,1,3,2,,5
602,838,1,1,2,1,,5,4,2,2,1,0,0,22,4,6,,,2,,1,1,0,1,2,2,0.593,2.35,31,1,4,5,1,1,,,1,1,2,3,3,1,,3
603,838,2,2,1,1,,2,2,1,1,,,,26,2,2,,,2,,1,3,0,1,1,2,1.63,2.928,38,2,,,,,,,,,,,,3,7,2
604,838,2,5,1,1,,2,2,2,0,,,,24,3,6,,,2,,1,3,0,1,1,3,1.474,2.477,48,2,,,,,,,,,,,,3,2,3
605,838,1,1,1,1,,1,,1,0,,,,35,2,2,,,2,,1,3,0,1,1,2,0.63,0.605,17,1,3,5,0,,,1,3,1,3,3,2,3,2,4
606,838,1,2,1,1,,3,3,1,2,,,,65,1,6,,,2,,1,2,0,1,1,3,2.115,4.322,47,1,4,5,9,,,9,8,2,2,1,1,2,,3
607,838,1,2,1,1,,4,2,1,1,2,0,0,39,1,4,,,2,,1,3,0,1,2,2,1.654,3.281,31,1,3,5,1,1,,,1,1,3,3,1,3,2,4
608,838,1,5,1,2,,1,,0,1,,,,44,2,3,,,2,,1,2,0,2,1,2,0.595,1.141,18,1,4,5,2,,1,,2,2,2,2,3,2,,2
609,838,1,1,2,1,,5,5,1,4,,,,32,2,6,,,2,,2,3,0,2,1,3,1.597,5.368,40,2,,,,,,,,,,,,3,9,4
610,838,2,5,1,1,,2,1,0,1,0,0,1,39,4,6,,,2,,2,2,0,2,1,3,1.734,1.458,48,1,3,5,2,,1,,2,2,2,2,3,2,,2
611,838,2,1,1,1,,1,,0,1,,,,25,4,5,,,2,,1,1,0,2,1,3,1.697,2.853,48,1,3,5,2,,2,,3,1,2,1,2,1,,3
612,838,2,2,1,1,,1,,1,0,,,,48,4,9,,1,2,,1,1,0,1,1,3,0.577,0.589,47,2,,,,,,,,,,,,1,,4
613,838,2,1,1,2,,1,,1,0,,,,22,3,4,,,2,,1,3,0,1,1,3,1.474,1.238,40,1,3,5,1,1,,,1,7,3,3,3,3,8,4
614,838,1,2,1,1,,6,6,4,2,,,,36,2,6,,,2,,1,3,0,1,2,3,0.946,3.486,48,1,3,5,2,,1,,3,7,2,1,2,3,7,3
615,838,1,2,1,1,,2,2,1,1,,,,49,5,8,,,2,,1,2,0,1,2,2,0.539,1.069,46,1,4,5,2,,1,,2,2,1,1,2,2,,3
616,838,1,2,1,1,,2,2,1,1,,,,23,2,6,,,2,,1,2,0,2,1,2,1.353,2.597,17,2,,,,,,,,,,,,2,,2
617,838,1,2,1,1,,4,2,1,1,0,0,2,31,2,7,,,1,1,,2,0,1,1,4,0.786,1.616,4,2,,,,,,,,,,,,2,,3
618,838,1,2,1,1,,3,2,1,1,0,0,1,26,2,4,,,2,,1,2,0,1,2,2,0.864,1.713,29,1,3,5,2,,1,,2,2,1,1,2,2,,3
619,838,9,2,1,1,,3,2,1,1,0,1,0,28,3,99,9,,9,,1,3,9,1,1,3,2.148,3.612,22,1,3,5,1,1,,,1,1,1,1,1,3,2,3
620,838,1,2,1,2,,2,2,1,1,,,,52,1,3,,,2,,1,1,0,1,2,2,1.715,3.399,27,1,2,3,1,2,,,3,1,1,1,2,1,,4
621,838,2,1,1,1,,1,,1,0,,,,29,2,4,,,2,,1,2,0,1,1,4,0.786,0.808,4,2,,,,,,,,,,,,2,,2
622,838,1,2,1,1,,3,2,1,1,0,1,0,45,5,9,,2,2,,1,3,1,1,1,3,0.671,1.127,48,1,3,5,2,,2,,3,1,1,1,2,3,7,3
623,838,1,2,1,3,1,2,2,1,1,,,,65,3,3,,,2,,1,2,0,1,1,3,1.868,3.141,48,1,4,5,2,,2,,2,2,1,1,2,2,,3
624,838,2,2,1,1,,2,2,1,1,,,,46,4,4,,,2,,1,1,0,2,1,4,0.421,0.867,4,1,4,5,1,1,,,1,1,3,3,2,1,,5
625,838,2,5,1,1,,3,3,2,1,,,,32,2,4,,,2,,1,3,0,1,2,4,0.667,2.868,4,1,1,1,1,2,,,1,7,2,1,3,3,2,2
626,838,2,1,1,2,,1,,1,0,,,,21,3,1,,,2,,1,3,0,1,1,4,0.558,0.574,8,2,,,,,,,,,,,,3,2,2
627,838,2,5,1,1,,1,,0,1,,,,48,2,4,,,2,,1,2,0,2,1,4,1.019,2.039,6,1,4,5,2,,1,,2,2,2,1,2,2,,2
628,838,1,2,1,1,,6,2,1,1,1,3,0,39,4,4,,,2,,2,3,0,1,1,3,0.791,1.615,1,1,3,4,2,,2,,2,7,1,1,2,3,1,3
629,838,2,2,1,2,,3,2,1,1,0,0,1,25,4,2,,,2,,1,1,0,2,1,4,0.621,1.277,49,1,3,5,1,8,,,3,1,2,2,1,1,,4
630,838,2,4,1,3,1,1,,0,1,,,,75,2,1,,,2,,1,1,0,2,2,4,0.838,1.801,4,2,,,,,,,,,,,,1,,2
631,838,1,2,1,2,,2,2,1,1,,,,37,2,8,,,2,,1,1,0,2,1,4,1.08,2.161,6,1,3,5,1,2,,,1,2,2,1,3,1,,3
632,838,2,2,2,1,,4,2,1,1,0,0,2,27,3,4,,,2,,1,1,1,2,1,4,0.751,1.501,53,2,,,,,,,,,,,,1,,3
633,838,1,1,2,1,,3,3,2,1,,,,22,2,9,,1,2,,1,1,0,1,1,4,1.078,4.315,6,1,1,5,1,2,,,3,1,3,1,1,1,,5
634,838,1,5,1,1,,2,2,1,1,,,,39,3,4,,,2,,1,3,0,2,1,4,1.08,2.161,53,1,4,5,2,,1,,2,1,1,1,2,3,1,3
635,838,1,1,1,1,,1,,1,0,,,,38,2,6,,,2,,1,9,0,1,1,4,1.144,1.145,6,1,2,4,2,,1,,2,1,3,1,3,9,7,2
636,838,1,2,1,1,,5,2,1,1,3,0,0,45,5,9,,1,1,1,,1,2,1,1,4,0.491,0.982,6,1,3,5,2,,2,,2,1,2,1,1,1,,3
637,838,1,2,1,1,,3,2,1,1,0,0,1,43,5,9,,1,2,,1,1,2,1,1,4,0.474,0.948,6,1,3,5,1,1,,,1,1,3,1,2,1,,3
638,838,2,5,1,1,,2,1,0,1,1,0,0,47,3,99,9,,2,,1,3,0,2,1,4,1.019,1.02,6,1,4,5,2,,1,,2,2,1,1,1,3,1,3
639,838,1,4,1,3,1,1,,0,1,,,,81,3,1,,,2,,1,2,0,2,1,4,1.976,3.952,53,1,3,5,2,,2,,2,2,2,1,2,2,,2
640,838,1,2,1,2,,2,2,1,1,,,,66,1,1,,,2,,1,3,0,1,2,4,2.821,5.728,6,1,3,5,2,,2,,2,1,2,1,3,3,1,4
641,838,1,1,2,3,3,7,3,2,1,4,0,0,18,1,98,1,,1,1,,8,0,1,1,4,1.078,4.315,6,2,,,,,,,,,,,,8,7,2
642,838,1,1,1,1,,1,,1,0,,,,64,5,9,,1,2,,1,0,0,1,1,4,1.103,1.103,53,1,4,5,1,2,,,3,1,1,3,1,0,2,5
643,838,2,2,1,1,,3,2,1,1,0,0,1,30,3,99,9,,2,,1,3,0,1,1,4,1.573,3.146,6,2,,,,,,,,,,,,3,1,2
644,838,1,4,1,3,1,1,,0,1,,,,73,3,2,,,2,,1,3,0,2,1,4,1.062,2.125,41,2,,,,,,,,,,,,3,7,4
645,838,1,2,1,3,1,6,6,5,1,,,,58,2,7,,,2,,1,2,0,1,1,4,1.315,5.262,6,1,4,3,2,,2,,2,1,1,3,3,2,,4
646,838,2,2,1,3,2,3,2,1,1,0,0,1,23,3,4,,,2,,1,9,0,2,1,4,1.228,2.524,49,2,,,,,,,,,,,,9,7,7
647,838,1,2,1,3,1,2,2,1,1,,,,80,3,5,,,2,,1,1,0,1,1,4,1.199,2.399,6,1,4,5,2,,2,,3,1,3,2,1,1,,4
648,838,2,1,1,2,,4,4,0,4,,,,22,3,2,,,2,,1,3,0,2,1,4,2.457,4.915,6,1,1,5,2,,2,,2,7,2,1,2,3,7,7
649,838,1,1,1,1,,1,,1,0,,,,45,3,8,,,2,,2,3,0,1,1,4,1.683,1.685,6,1,3,5,2,,1,,2,2,1,1,2,3,1,3
650,838,1,2,1,3,1,2,2,1,1,,,,88,4,7,,,2,,1,2,0,1,1,4,0.992,1.986,6,1,3,5,2,,1,,2,2,2,1,1,2,,2
651,838,1,2,1,2,,4,2,1,1,2,0,0,38,3,5,,,2,,1,3,0,2,1,4,0.54,1.11,49,1,3,5,7,,,7,7,1,2,3,2,3,7,4
652,838,1,2,1,3,1,4,3,2,1,1,0,0,47,3,3,,,2,,1,3,0,1,1,4,1.186,4.744,6,2,,,,,,,,,,,,3,1,3
653,838,1,3,1,3,4,6,1,0,1,1,4,0,46,3,2,,,2,,2,2,1,2,1,4,0.724,0.724,6,1,4,5,2,,1,,2,2,3,1,3,2,,3
654,838,2,2,1,3,3,4,2,1,1,0,0,2,22,3,2,,,2,,1,3,0,2,1,4,1.228,2.524,16,2,,,,,,,,,,,,3,2,4
655,838,2,4,1,3,1,1,,0,1,,,,80,2,2,,,2,,1,1,0,2,1,4,1.976,3.952,6,1,3,5,1,8,,,1,1,3,8,8,1,,2
656,838,2,3,1,1,,3,1,0,1,2,0,0,39,3,2,,,2,,1,2,0,2,1,4,1.08,1.08,53,1,4,5,2,,1,,2,2,3,1,2,2,,2
657,838,1,2,1,2,,2,2,1,1,,,,63,4,4,,,2,,1,3,0,2,1,4,0.948,1.896,6,1,4,5,1,1,,,1,1,3,3,2,3,2,3
658,838,1,2,2,2,,2,2,1,1,,,,22,1,2,,,2,,1,3,0,2,2,4,1.042,2.239,49,1,3,5,2,,1,,2,7,4,1,3,3,2,2
659,838,1,2,1,2,,3,2,1,1,0,0,1,33,3,8,,,2,,1,3,0,1,1,4,1.573,3.146,6,1,4,5,2,,2,,2,1,1,1,2,3,7,3
660,838,2,1,1,1,,2,2,0,2,,,,27,4,8,,,2,,1,1,0,2,1,4,1.242,2.486,6,1,3,4,2,,1,,2,1,2,2,3,1,,3
661,838,1,2,2,3,4,7,4,2,2,1,0,2,31,2,6,,,2,,1,1,0,2,2,4,0.636,2.736,8,2,,,,,,,,,,,,1,,2
662,838,1,2,1,1,,4,2,1,1,1,1,0,38,3,8,,,2,,1,3,0,1,1,4,1.144,2.289,6,1,4,5,2,,1,,2,1,2,1,1,3,1,3
663,838,1,2,1,3,1,2,2,1,1,,,,73,2,6,,,2,,5,9,0,2,1,4,1.062,2.125,6,1,3,5,9,,,9,9,1,3,2,3,9,9,4
664,838,1,2,1,1,,3,3,2,1,,,,49,6,8,,,2,,2,2,1,2,1,4,0.724,1.448,6,1,4,5,2,,1,,2,7,3,2,3,2,,5
665,838,2,1,1,3,1,1,,1,0,,,,82,2,1,,,2,,2,2,0,1,1,3,1.001,1.022,21,1,4,5,2,,1,,2,2,1,1,3,2,,1
666,838,2,5,1,3,4,4,1,0,1,0,3,0,29,3,2,,,2,,2,2,0,2,1,4,2.131,2.133,6,1,4,3,2,,2,,8,7,2,3,2,2,,2
667,838,1,2,1,1,,3,2,1,1,0,0,1,32,2,2,,,2,,1,2,0,1,1,1,0.943,1.922,42,1,3,3,2,,1,,2,7,2,1,3,2,,4
668,838,2,1,1,1,,4,4,2,2,,,,33,2,4,,,2,,1,1,1,2,1,3,0.473,1.819,12,2,,,,,,,,,,,,1,,3
669,838,1,4,1,3,5,1,,0,1,,,,62,6,1,,,2,,2,3,0,2,1,1,0.976,1.988,42,1,2,5,9,,,2,2,2,3,3,3,3,7,5
670,838,2,1,1,1,,2,2,0,2,,,,50,3,6,,,2,,1,1,0,2,1,1,0.611,1.245,34,1,3,5,8,,,2,2,1,2,1,2,1,,3
671,838,1,2,1,1,,2,2,1,1,,,,39,2,7,,,2,,1,2,0,1,1,2,0.63,1.209,26,1,3,5,2,,1,,2,1,3,1,2,2,,2
672,838,1,1,1,3,1,1,,1,0,,,,59,2,2,,,2,,1,2,0,1,1,2,0.733,0.705,39,1,4,5,2,,1,,2,2,2,2,3,2,,7
673,838,2,2,1,1,,3,2,1,1,0,1,0,32,2,7,,,2,,1,2,0,2,1,2,0.827,1.587,26,1,3,3,2,,1,,2,1,4,2,3,2,,2
674,838,1,2,1,3,4,6,3,2,1,0,3,0,53,2,4,,,2,,2,2,0,1,1,3,1.063,4.081,12,1,4,5,2,,1,,2,2,2,1,1,2,,1
675,838,1,2,1,2,,3,3,2,1,,,,55,3,7,,,2,,1,2,0,2,2,1,0.396,0.854,33,2,,,,,,,,,,,,2,,3
676,838,1,2,1,3,2,4,2,1,1,1,1,0,33,2,7,,,2,,1,2,0,2,2,3,0.687,1.539,54,1,3,4,1,2,,,1,7,2,2,2,2,,3
677,838,8,2,1,1,,3,2,1,1,0,1,0,30,2,7,,,2,,1,1,1,2,2,1,0.323,0.635,36,2,,,,,,,,,,,,1,,8
678,838,1,5,1,1,,3,1,0,1,2,0,0,39,3,4,,,2,,1,2,0,2,2,3,0.495,0.554,54,1,4,5,0,,,2,2,1,2,1,1,2,,3
679,838,2,1,2,1,,3,2,1,1,0,0,1,24,2,98,8,,2,,1,1,0,2,1,3,1.55,2.977,45,2,,,,,,,,,,,,1,,4
680,838,1,3,1,3,1,1,,1,0,,,,67,5,4,,,2,,1,1,0,1,1,2,0.623,0.599,39,2,,,,,,,,,,,,1,,4
681,838,1,2,1,3,1,2,2,1,1,,,,68,2,6,,,2,,1,2,1,1,1,3,0.431,0.828,12,1,4,5,2,,1,,2,1,1,1,1,2,,4
682,838,1,1,1,2,,1,,1,0,,,,53,4,3,,,2,,1,1,0,1,1,2,0.553,0.531,39,1,3,5,1,2,,,1,1,2,2,1,1,,3
683,838,2,1,1,3,5,1,,1,0,,,,39,1,1,,,2,,1,3,0,1,1,3,1.9,1.825,12,1,3,5,2,,1,,2,1,1,1,2,3,1,1
684,838,1,2,1,1,,2,2,1,1,,,,60,2,7,,,2,,1,2,0,1,1,1,0.799,1.628,42,1,3,5,2,,1,,2,2,1,1,2,2,,2
685,838,2,1,1,1,,2,2,1,1,,,,27,4,8,,,2,,1,1,0,1,2,1,0.561,1.1,36,1,3,5,2,,2,,3,2,2,1,2,1,,4
686,838,2,2,1,1,,2,2,1,1,,,,28,3,7,,,2,,1,1,0,1,1,2,0.866,1.663,39,2,,,,,,,,,,,,1,,4
687,838,1,2,2,3,1,2,2,1,1,,,,67,2,3,,,2,,1,1,0,2,1,1,1.295,2.094,9,1,4,5,1,1,,,1,1,2,3,2,1,,4
688,838,1,2,1,1,,3,3,1,2,,,,52,5,8,,,2,,1,3,0,1,1,3,0.577,1.178,47,1,4,5,2,,2,,2,1,1,1,2,3,7,4
689,838,2,1,1,3,4,2,1,0,1,0,0,1,22,2,2,,,2,,1,2,0,2,2,1,0.85,0.916,50,1,3,4,2,,2,,2,1,3,1,2,2,,3
690,838,1,2,1,3,1,2,2,1,1,,,,58,2,3,,,2,,1,3,0,2,1,1,0.687,1.398,42,1,3,5,1,1,,,1,1,3,2,8,3,2,4
691,838,1,2,1,1,,5,2,1,1,2,1,0,42,3,8,,,2,,1,1,0,1,1,1,0.687,1.397,36,1,2,5,8,,,2,3,1,2,1,2,1,,5
692,838,1,2,1,2,,2,2,1,1,,,,59,2,8,,,2,,1,1,0,2,2,1,0.494,0.968,36,2,,,,,,,,,,,,1,,4
693,838,2,3,1,1,,3,1,0,1,0,0,2,27,2,99,9,,2,,1,8,0,2,1,1,0.9,0.917,42,2,,,,,,,,,,,,8,2,4
694,838,1,2,1,1,,3,2,1,1,0,1,0,47,2,7,,,2,,1,3,0,1,2,2,0.426,0.966,18,1,3,5,1,1,,,1,1,3,1,3,3,2,4
695,838,2,2,1,1,,2,2,1,1,,,,23,4,6,,,2,,1,1,0,1,1,3,1.474,2.477,48,2,,,,,,,,,,,,1,,4
696,838,1,2,1,1,,5,3,2,1,2,0,0,42,2,8,,,2,,1,8,0,2,1,2,0.595,1.141,26,1,3,5,2,,1,,2,7,1,1,3,8,8,4
697,838,1,5,1,1,,3,2,1,1,1,0,0,43,2,5,,,2,,1,1,0,1,2,3,0.524,1.173,37,1,4,5,1,1,,,1,1,3,3,3,1,,3
698,838,1,5,1,1,,1,,1,0,,,,56,4,8,,,2,,1,3,0,1,1,3,0.695,0.668,51,1,4,5,2,,1,,2,1,3,1,1,3,1,3
699,838,2,2,1,3,2,5,3,2,1,2,0,0,38,3,9,,2,2,,1,3,0,2,1,3,0.682,1.309,51,1,4,5,8,,,1,1,1,2,2,2,3,2,2
700,838,1,2,1,1,,2,2,1,1,,,,32,2,8,,,2,,1,1,0,1,2,3,0.72,1.612,13,1,4,5,1,1,,,1,1,3,1,1,1,,5
701,838,1,1,2,2,,4,4,3,1,,,,23,3,98,8,,2,,1,3,0,1,1,2,0.594,2.281,26,1,2,5,8,,,1,8,1,2,2,2,3,2,4
702,838,2,2,1,1,,4,2,1,1,0,0,2,35,4,6,,,2,,2,2,0,1,1,3,0.848,1.631,24,2,,,,,,,,,,,,2,,2
703,838,2,5,1,3,4,3,1,0,1,0,2,0,40,3,2,,,2,,1,2,0,2,1,2,0.595,0.571,26,1,2,5,1,2,,,1,1,3,1,2,2,,3
704,838,1,1,1,1,,4,2,1,1,2,0,0,20,4,7,,,1,1,,1,1,1,1,3,0.34,0.653,24,2,,,,,,,,,,,,1,,4
705,838,2,1,1,3,3,4,4,0,4,,,,19,3,1,,,2,,1,2,0,2,1,1,1.474,3.002,42,2,,,,,,,,,,,,2,,3
706,838,1,2,1,1,,4,2,1,1,0,1,1,41,4,7,,,2,,2,3,0,1,1,2,0.74,1.422,26,1,4,5,2,,2,,2,2,1,1,2,3,2,2
707,838,2,3,1,3,4,4,2,1,1,0,1,1,26,2,1,,,2,,1,3,0,2,1,2,0.827,1.587,26,1,3,5,2,,1,,8,7,2,2,2,3,7,8
708,838,1,3,1,1,,1,,0,1,,,,44,4,4,,,2,,1,2,0,2,1,3,0.564,1.083,37,1,2,4,2,,1,,2,7,2,1,3,2,,2
709,838,1,5,1,1,,1,,0,1,,,,56,2,5,,,2,,1,3,0,2,1,1,0.687,1.398,36,2,,,,,,,,,,,,3,2,2
710,838,1,4,1,3,1,1,,0,1,,,,70,5,5,,,2,,1,2,0,2,1,3,0.554,1.066,24,1,3,5,8,,,0,3,1,3,2,2,2,,4
711,838,1,2,1,3,3,3,3,2,1,,,,45,2,1,,,2,,1,3,0,2,2,3,0.606,1.153,47,1,2,5,1,1,,,1,1,3,3,1,3,2,4
712,838,1,2,1,3,1,2,2,1,1,,,,69,4,7,,,2,,1,3,0,1,1,2,0.623,1.197,26,1,4,5,1,1,,,1,1,2,3,1,3,2,4
713,838,2,2,2,3,5,2,2,1,1,,,,25,2,2,,,2,,1,3,0,1,2,3,0.72,1.612,13,2,,,,,,,,,,,,3,7,2
714,838,1,2,1,1,,4,2,1,1,0,1,1,35,2,7,,,2,,1,3,0,1,1,1,0.687,1.397,36,1,4,5,2,,2,,2,7,2,1,2,3,1,3
715,838,2,2,1,1,,3,2,1,1,0,0,1,29,2,4,,,2,,1,2,0,1,2,1,0.544,1.173,25,2,,,,,,,,,,,,2,,2
716,838,1,2,2,1,,3,2,1,1,0,0,1,27,3,5,,,2,,1,2,0,2,2,3,0.687,1.539,37,2,,,,,,,,,,,,2,,2
717,838,1,2,1,1,,3,3,2,1,,,,53,5,8,,,2,,1,1,1,2,1,1,0.262,0.532,42,1,3,5,1,1,,,1,1,2,2,1,1,,4
718,838,2,2,1,3,2,3,2,1,1,0,0,1,30,3,5,,,2,,1,8,0,2,1,3,0.947,1.819,51,2,,,,,,,,,,,,8,7,3
719,838,2,2,1,3,4,2,2,1,1,,,,53,2,7,,,2,,1,1,0,1,1,1,0.711,1.448,36,1,4,5,2,,1,,2,1,1,1,2,1,,3
720,838,1,5,1,3,1,1,,0,1,,,,80,2,3,,,2,,1,1,0,2,1,3,1.247,2.394,13,1,3,1,1,1,,,1,1,3,2,1,1,,5
721,838,1,2,1,2,,3,2,1,1,0,1,0,39,2,8,,,1,1,,1,0,2,1,3,0.682,1.309,12,1,4,5,1,1,,,1,1,2,3,2,1,,4
722,838,1,2,1,3,4,4,2,1,1,1,1,0,37,2,6,,,2,,1,3,0,1,1,1,1.396,2.257,44,1,3,5,8,,,1,1,1,2,3,2,3,1,4
723,838,1,2,1,3,3,3,2,1,1,0,0,1,34,5,6,,,2,,5,2,0,1,1,2,0.717,1.376,39,2,,,,,,,,,,,,2,,2
724,838,2,1,2,1,,3,3,1,2,,,,25,2,6,,,2,,1,1,0,2,1,1,0.9,3.668,36,1,4,5,1,1,,,1,1,3,1,2,1,,3
725,838,1,2,1,1,,2,2,1,1,,,,38,4,7,,,2,,1,2,0,2,1,3,0.526,1.074,47,1,4,5,2,,1,,2,1,2,1,3,2,,1
726,838,1,2,2,1,,5,2,1,1,0,2,1,38,2,8,,,2,,1,1,0,2,2,2,0.389,0.88,26,1,3,5,1,1,,,1,1,2,1,2,1,,4
727,838,1,2,1,3,5,3,2,1,1,0,1,0,35,2,4,,,2,,1,3,0,2,2,3,0.495,1.107,13,2,,,,,,,,,,,,3,7,2
728,838,1,2,1,3,1,3,3,2,1,,,,55,4,8,,,2,,1,1,0,2,2,3,0.434,0.972,37,1,3,5,1,2,,,1,1,3,3,2,1,,4
729,838,1,2,1,1,,2,2,1,1,,,,27,4,9,,2,2,,1,1,0,2,1,1,0.745,1.518,42,1,3,4,1,1,,,1,1,2,2,1,1,,3
730,838,2,1,1,1,,2,2,1,1,,,,26,4,5,,,2,,1,3,0,2,1,2,1.288,2.313,20,1,3,5,2,,2,,3,1,2,1,3,3,1,3
731,838,1,2,1,1,,3,2,1,1,0,1,0,36,5,99,9,,2,,1,2,0,2,1,1,1.09,1.763,33,1,4,5,2,,1,,2,2,2,1,1,2,,3
732,838,2,2,1,3,2,5,2,1,1,0,1,2,24,3,5,,,2,,2,2,0,2,1,2,1.922,3.689,26,1,3,5,2,,2,,2,7,2,1,3,2,,2
733,838,2,2,1,1,,2,2,1,1,,,,41,3,4,,,2,,1,3,0,1,1,3,0.673,1.374,47,1,4,5,0,,,2,3,2,1,1,3,3,1,3
734,838,2,1,2,1,,2,2,1,1,,,,24,3,5,,,2,,1,8,0,1,1,3,1.474,2.477,5,2,,,,,,,,,,,,8,7,8
735,838,1,2,1,1,,4,2,1,1,1,1,0,36,2,8,,,2,,1,3,0,2,1,2,0.595,1.141,26,1,3,5,2,,2,,3,2,1,1,2,3,1,3
736,838,1,2,1,1,,3,2,1,1,0,0,1,53,3,8,,,2,,1,3,2,2,1,3,0.321,0.617,13,1,4,5,2,,2,,2,1,1,1,3,3,7,3
737,838,1,1,1,2,,2,2,1,1,,,,19,3,6,,,2,,1,1,0,1,1,1,0.647,1.317,36,1,3,4,1,1,,,1,1,2,2,3,1,,2
738,838,2,5,1,1,,1,,0,1,,,,42,5,7,,,2,,1,3,0,2,1,2,0.493,0.945,17,1,3,5,2,,1,,2,2,3,1,2,3,1,3
739,838,2,1,2,2,,3,3,3,0,,,,24,4,5,,,2,,1,2,0,1,1,2,1.118,2.008,29,2,,,,,,,,,,,,2,,2
740,838,2,5,1,1,,1,,1,0,,,,39,2,4,,,2,,1,1,0,1,2,3,0.524,0.587,45,1,4,5,1,1,,,1,1,2,2,2,1,,4
741,838,1,2,1,2,,3,3,2,1,,,,58,6,8,,,2,,1,2,0,1,1,3,0.841,3.229,13,1,4,5,2,,1,,2,2,1,2,1,2,,3
742,838,1,2,1,1,,2,2,1,1,,,,49,5,6,,,2,,1,2,0,2,1,3,0.532,1.022,12,1,3,5,2,,2,,2,1,3,2,3,2,,3
743,838,2,2,1,3,5,4,2,1,1,0,1,1,30,2,98,8,,2,,1,8,0,2,2,2,0.54,1.222,39,1,1,4,1,2,,,8,7,1,2,4,8,7,8
744,838,1,1,1,1,,2,2,0,2,,,,28,1,7,,,2,,1,9,0,2,1,2,2.176,4.177,26,2,,,,,,,,,,,,9,7,2
745,838,1,2,1,3,2,2,2,1,1,,,,48,4,99,1,,2,,1,1,0,2,2,3,0.502,0.954,28,1,3,5,1,1,,,1,1,2,2,1,1,,5
746,838,1,2,1,3,2,2,2,1,1,,,,67,2,4,,,2,,1,1,0,2,1,2,0.585,1.123,17,1,3,5,8,,,1,8,1,3,2,3,1,,3
747,838,2,5,1,1,,1,,1,0,,,,50,2,4,,,2,,1,2,0,1,2,3,0.705,0.67,21,2,,,,,,,,,,,,2,,2
748,838,1,2,1,1,,2,2,1,1,,,,28,5,99,1,,2,,1,2,0,2,1,2,1.288,2.313,46,1,4,5,9,,,9,9,9,2,1,2,2,,3
749,838,1,2,1,1,,4,2,1,1,0,0,2,24,2,2,,,1,1,,3,0,1,2,2,0.388,0.879,26,1,3,5,0,,,1,3,7,4,1,2,3,7,4
750,838,1,2,1,1,,3,2,1,1,0,0,1,39,4,8,,,2,,1,2,0,2,2,2,0.321,0.728,39,1,4,5,2,,1,,2,2,1,1,2,2,,3
751,838,1,2,1,2,,3,2,1,1,0,1,0,41,5,7,,,2,,1,2,0,2,1,2,0.493,0.945,39,1,4,5,2,,1,,2,2,1,1,3,2,,2
752,838,1,2,1,1,,3,2,1,1,1,0,0,40,2,8,,,2,,1,1,0,2,1,3,0.682,1.309,13,1,4,5,1,1,,,1,1,3,3,1,1,,5
753,838,1,2,1,1,,4,2,1,1,0,0,2,25,2,6,,,2,,1,3,0,2,1,3,0.947,1.819,13,2,,,,,,,,,,,,3,1,2
754,838,1,2,1,1,,4,2,1,1,1,0,1,45,3,7,,,2,,1,1,1,2,2,3,0.303,0.576,47,2,,,,,,,,,,,,1,,3
755,838,1,2,1,1,,2,2,1,1,,,,32,4,8,,,2,,1,2,2,2,1,3,0.392,0.753,10,1,3,5,2,,1,,2,1,3,1,3,2,,3
756,838,1,2,1,1,,2,2,1,1,,,,59,5,9,,2,2,,1,2,1,1,2,2,0.303,0.601,27,2,,,,,,,,,,,,2,,2
757,838,2,1,1,3,3,1,,1,0,,,,22,3,4,,,2,,1,0,0,1,1,2,1.118,1.004,19,2,,,,,,,,,,,,0,7,7
758,838,1,2,1,3,1,2,2,1,1,,,,60,2,5,,,2,,1,2,0,1,1,3,0.841,1.615,24,1,2,5,8,,,0,3,1,2,4,2,2,,4
759,838,1,2,1,2,,5,2,1,1,1,1,1,38,3,6,,,2,,1,2,0,2,2,3,0.643,1.222,28,1,3,5,1,1,,,1,1,3,3,1,2,,3
760,838,1,2,1,1,,3,2,1,1,1,0,0,43,6,7,,,2,,1,3,0,2,2,2,0.594,1.177,27,1,3,5,1,1,,,1,1,1,3,1,3,2,5
761,838,1,1,2,2,,7,3,2,1,2,1,1,18,1,6,,,1,1,,2,1,1,2,3,0.446,1.643,48,1,1,4,1,2,,,1,7,3,3,2,2,,3
762,838,2,4,1,3,1,1,,1,0,,,,61,1,2,,,1,1,,2,0,1,1,2,3.635,3.265,46,8,,,,,,,,,,,,2,,3
763,838,1,2,1,1,,3,3,1,2,,,,46,2,9,,2,2,,1,1,2,1,1,3,0.374,0.718,51,1,4,4,1,2,,,1,1,2,1,3,1,,2
764,838,2,2,1,1,,3,2,1,1,1,0,0,45,4,8,,,2,,2,2,0,2,1,3,1.637,2.752,48,2,,,,,,,,,,,,2,,3
765,838,1,3,1,3,3,3,1,0,1,1,0,1,29,3,1,,,2,,2,2,0,2,1,3,1.345,1.291,13,1,3,5,2,,2,,2,2,1,1,2,2,,2
766,838,1,4,1,3,1,1,,1,0,,,,72,3,99,9,,2,,1,1,0,1,1,2,0.753,0.723,39,1,4,5,1,1,,,1,1,2,3,2,1,,4
767,838,1,1,2,3,5,2,2,1,1,,,,47,2,1,,,2,,1,0,0,1,1,2,0.653,1.254,17,2,,,,,,,,,,,,0,7,4
768,838,1,4,1,1,,3,2,1,1,0,1,0,47,4,5,,,1,1,,2,0,2,1,3,1.152,1.938,48,1,2,5,2,,2,,2,2,2,1,3,2,,2
769,838,1,2,1,1,,4,2,1,1,0,2,0,38,5,9,,2,2,,1,2,0,1,2,3,0.783,1.442,22,1,4,5,2,,1,,2,2,1,1,2,2,,2
770,838,1,2,1,3,2,5,2,1,1,0,2,1,35,3,8,,,2,,1,3,0,2,1,4,1.08,2.161,53,1,3,5,2,,2,,2,1,3,1,2,3,2,3
771,838,1,2,1,3,2,2,2,1,1,,,,78,1,99,9,,2,,1,1,0,2,2,2,1.87,4.236,26,1,3,5,1,1,,,1,1,3,4,3,1,,4
772,838,1,2,1,3,1,3,3,2,1,,,,67,1,99,9,,2,,1,3,0,2,2,2,1.536,3.045,29,2,,,,,,,,,,,,3,8,8
773,838,1,2,1,1,,2,2,1,1,,,,32,4,4,,,2,,1,3,0,2,1,2,0.684,1.313,39,1,3,5,2,,2,,8,2,3,1,2,3,1,3
774,838,2,2,1,3,2,4,2,1,1,1,1,0,36,2,5,,,2,,1,8,0,2,2,3,0.643,1.222,21,2,,,,,,,,,,,,8,8,3
775,838,1,2,1,1,,4,2,1,1,0,1,1,32,3,9,,2,2,,1,3,0,2,1,2,0.827,1.587,18,8,,,,,,,,,,,,3,2,3
776,838,2,1,2,2,,4,4,3,1,,,,19,2,7,,,2,,1,1,0,1,1,3,1.474,4.954,48,1,3,5,1,1,,,3,1,3,3,2,1,,2
777,838,1,5,1,1,,1,,1,0,,,,38,5,7,,,2,,1,3,0,1,1,2,0.553,0.531,55,1,2,5,1,2,,,3,1,2,1,2,3,2,4
778,838,1,2,1,3,1,2,2,1,1,,,,77,2,4,,,2,,1,2,0,1,1,1,0.719,1.466,36,1,4,5,2,,1,,2,1,1,1,3,2,,2
779,838,1,2,1,2,,4,2,1,1,0,2,0,29,3,7,,,2,,1,3,0,2,1,2,0.827,1.587,17,1,2,3,2,,2,,3,1,3,1,2,3,2,2
780,838,1,1,1,1,,3,2,0,2,0,0,1,37,2,5,,,2,,2,2,0,2,1,3,0.902,1.842,1,1,2,4,2,,2,,2,7,4,4,4,2,,3
781,838,1,1,2,2,,3,3,2,1,,,,24,2,9,,9,2,,1,2,1,1,1,4,0.539,2.158,41,1,4,5,2,,1,,2,7,2,1,3,2,,2
782,838,2,1,1,1,,4,3,1,2,0,0,1,23,3,7,,,2,,2,2,0,1,2,3,0.912,1.733,28,1,3,5,2,,2,,2,7,2,2,2,2,,4
783,838,1,4,1,3,1,1,,0,1,,,,74,2,3,,,2,,1,2,0,2,2,4,0.45,0.969,35,1,2,5,2,,1,,2,1,1,1,1,2,,3
784,838,1,2,1,1,,4,2,1,1,1,1,0,28,3,7,,,2,,2,1,0,1,2,3,1.847,3.403,48,1,4,5,1,1,,,3,1,3,1,1,1,,5
785,838,1,2,1,1,,5,3,1,2,1,1,0,54,5,9,,1,2,,1,1,1,1,1,4,0.279,0.573,49,1,4,5,1,1,,,1,1,2,1,1,1,,4
786,838,2,2,1,1,,3,2,1,1,0,0,1,29,2,6,,,2,,2,2,0,1,1,4,1.116,2.296,4,1,3,5,2,,1,,2,7,1,1,2,2,,3
787,838,1,2,1,1,,4,3,1,2,1,0,0,47,2,4,,,2,,1,3,0,1,2,4,0.503,1.08,16,1,3,5,1,2,,,1,1,2,1,2,3,2,3
788,838,1,2,1,3,2,2,2,1,1,,,,42,3,5,,,2,,1,0,1,2,2,4,0.266,0.573,35,2,,,,,,,,,,,,0,2,4
789,838,1,4,1,3,2,1,,0,1,,,,76,2,1,,,2,,1,1,0,2,1,4,0.987,2.031,4,1,4,5,1,2,,,1,1,2,3,2,1,,4
790,838,1,2,1,2,,2,2,1,1,,,,26,2,6,,,2,,1,1,0,2,2,2,0.825,1.635,38,1,3,5,8,,,1,1,1,2,1,2,1,,2
791,838,1,2,1,2,,3,3,2,1,,,,67,2,7,,,2,,1,2,0,2,1,4,1.062,2.125,6,2,,,,,,,,,,,,2,,4
792,838,1,2,1,2,,4,2,1,1,2,0,0,45,3,5,,,2,,1,3,0,2,1,3,1.392,2.34,5,1,3,5,8,,,1,1,1,3,2,2,3,2,3
793,838,1,2,1,1,,4,2,1,1,1,1,0,43,3,6,,,2,,2,2,0,2,1,3,0.968,1.86,24,1,3,5,2,,2,,2,1,3,1,2,2,,2
794,838,1,5,1,1,,1,,1,0,,,,45,4,7,,,2,,1,3,0,1,1,4,0.981,0.982,53,1,4,5,1,1,,,1,1,1,1,1,3,2,3
795,838,1,1,2,1,,4,3,2,1,1,0,0,21,3,8,,,2,,9,3,0,1,1,1,0.477,1.944,42,1,3,4,2,,1,,2,7,1,1,1,3,1,1
796,838,1,1,1,1,,1,,1,0,,,,25,3,6,,,2,,1,3,0,1,1,3,0.992,0.953,12,1,1,5,2,,2,,3,1,3,1,3,3,7,2
797,838,2,4,1,3,1,2,2,2,0,,,,67,1,4,,,2,,1,2,0,1,1,1,2.16,4.399,36,1,2,5,2,,2,,2,2,1,2,2,2,,3
798,838,2,3,2,1,,2,2,1,1,,,,36,2,3,,,2,,2,3,0,1,2,3,0.743,1.666,37,1,1,3,2,,2,,2,1,3,3,3,3,2,4
799,838,2,3,1,1,,3,1,0,1,1,1,0,30,2,4,,,2,,1,2,0,2,1,3,0.947,0.909,24,1,2,4,2,,1,,2,8,2,2,2,2,,3
800,838,1,4,1,3,1,1,,0,1,,,,73,2,98,2,,2,,2,2,0,2,1,3,0.886,1.811,1,1,2,5,0,,,8,8,8,8,1,8,2,,2
801,838,1,2,1,1,,3,3,2,1,,,,56,2,8,,,2,,1,3,0,1,1,3,0.841,3.229,12,1,4,5,2,,2,,3,1,1,1,2,3,1,2
802,838,1,2,1,1,,3,3,1,2,,,,52,5,99,9,,2,,1,1,0,1,1,2,0.54,1.037,39,1,4,5,2,,1,,2,1,2,1,1,1,,4
803,838,1,5,1,1,,2,1,0,1,0,0,1,32,4,6,,,2,,1,1,0,2,1,2,0.684,0.657,39,1,4,5,2,,2,,2,1,2,1,3,1,,3
804,838,1,2,1,3,4,4,2,1,1,0,0,2,40,4,98,8,,2,,1,3,0,1,1,1,0.568,1.157,36,2,,,,,,,,,,,,3,7,4
805,838,1,5,2,3,4,4,4,2,2,,,,42,3,1,,,2,,2,2,0,1,1,2,0.895,3.436,26,2,,,,,,,,,,,,2,,3
806,838,1,2,1,1,,5,2,1,1,1,1,1,38,2,8,,,2,,1,3,0,1,1,3,0.722,1.386,51,1,4,5,1,1,,,8,1,3,3,3,3,2,3
807,838,1,2,1,3,2,2,2,1,1,,,,20,1,2,,,2,,1,8,0,2,2,3,1.124,2.519,54,2,,,,,,,,,,,,8,8,8
808,838,2,1,1,1,,1,,1,0,,,,27,2,7,,,2,,1,3,0,1,1,1,0.943,0.961,36,2,,,,,,,,,,,,3,2,3
809,838,1,2,2,3,1,3,3,1,2,,,,65,2,6,,,2,,1,1,0,2,1,2,0.585,2.245,39,1,3,5,2,,1,,2,2,2,2,2,1,,4
810,838,1,1,2,3,3,3,3,1,2,,,,22,4,9,,2,2,,1,3,1,2,1,3,0.775,2.977,13,1,3,4,2,,2,,2,1,3,1,3,3,7,2
811,838,1,2,1,1,,3,2,1,1,0,0,1,39,4,7,,,2,,5,3,2,1,1,3,0.299,0.573,51,1,4,5,2,,1,,2,1,2,1,2,3,1,3
812,838,1,2,1,2,,3,2,1,1,0,0,1,28,2,8,,,2,,1,3,0,2,1,1,0.9,1.834,42,2,,,,,,,,,,,,3,7,2
813,838,2,4,1,3,1,1,,0,1,,,,70,2,1,,,2,,1,2,0,2,2,3,0.486,1.088,37,1,4,5,2,,1,,2,2,1,1,3,2,,3
814,838,2,5,1,1,,1,,1,0,,,,56,4,6,,,2,,1,3,0,1,1,1,1.345,1.088,25,1,3,5,2,,8,,2,2,2,2,2,3,1,3
815,838,2,1,2,2,,5,3,1,2,2,0,0,19,2,1,,,2,,1,3,1,2,1,1,1.499,4.845,9,1,2,4,2,,2,,3,7,3,2,2,3,1,3
816,838,1,2,1,2,,2,2,1,1,,,,33,2,6,,,2,,1,2,0,2,1,3,0.947,1.819,37,1,4,5,2,,1,,2,1,2,1,3,2,,3
817,838,1,4,2,2,,2,2,1,1,,,,64,1,1,,,2,,2,2,0,2,2,3,1.96,4.389,37,1,2,5,2,,1,,2,2,1,3,3,2,,4
818,838,1,4,1,1,,1,,1,0,,,,65,3,9,,1,2,,1,1,0,1,1,2,0.753,0.723,39,1,3,1,7,,,0,3,1,1,1,1,1,,3
819,838,1,5,1,3,4,3,3,1,2,,,,40,2,1,,,2,,1,2,0,2,1,3,0.681,2.617,24,2,,,,,,,,,,,,2,,2
820,838,1,5,1,1,,1,,1,0,,,,49,2,6,,,2,,1,2,0,1,2,3,0.543,0.608,54,1,3,5,2,,1,,2,2,8,1,1,2,,7
821,838,1,2,1,3,5,2,2,2,0,,,,69,2,3,,,2,,2,2,0,1,1,3,1.225,2.354,13,1,4,5,1,1,,,1,7,1,1,4,2,,4
822,838,2,2,1,2,,4,2,1,1,2,0,0,37,6,6,,,2,,1,1,0,2,2,3,0.495,1.107,45,1,3,5,2,,2,,2,7,2,1,1,1,,3
823,838,1,4,1,3,1,1,,0,1,,,,65,2,99,9,,2,,1,3,0,2,1,3,0.669,1.287,45,1,3,5,2,,2,,3,2,2,1,8,3,1,4
824,838,2,1,1,3,3,2,2,1,1,,,,22,2,4,,,2,,2,3,0,1,1,3,0.966,1.856,51,1,3,3,2,,1,,2,7,1,3,3,3,1,2
825,838,1,2,1,3,4,2,2,0,2,,,,56,2,4,,,2,,1,3,0,2,2,2,0.412,0.933,26,1,3,5,1,2,,,1,1,2,2,2,3,2,4
826,838,1,2,1,1,,3,2,1,1,1,0,0,41,3,7,,,2,,1,3,0,1,1,2,0.63,1.209,18,1,3,5,2,,1,,2,1,3,1,3,3,1,3
827,838,1,1,1,3,1,1,,1,0,,,,77,2,4,,,2,,1,2,0,1,2,1,0.541,0.53,36,1,4,5,2,,1,,2,2,1,1,3,2,,1
828,838,1,4,1,2,,1,,1,0,,,,64,2,99,9,,2,,1,3,0,1,1,1,0.799,0.815,42,1,3,5,2,,2,,2,1,1,1,8,3,1,2
829,838,1,2,1,3,1,2,2,1,1,,,,65,3,8,,,2,,1,3,0,1,1,1,1.668,2.697,25,1,4,5,1,2,,,1,1,3,3,3,3,7,2
830,838,2,4,1,3,1,1,,0,1,,,,67,6,2,,,2,,1,3,0,2,2,1,0.457,0.898,36,2,,,,,,,,,,,,3,7,3
831,838,1,2,1,3,1,2,2,1,1,,,,80,1,2,,,2,,1,3,0,1,1,1,1.893,3.856,36,1,3,5,2,,2,,2,1,2,1,3,3,1,3
832,838,1,2,1,1,,2,2,1,1,,,,35,2,7,,,2,,1,3,0,1,2,1,0.396,0.853,9,1,4,5,2,,1,,2,2,1,1,2,3,1,3
833,838,1,2,1,2,,6,2,1,1,0,2,2,34,2,99,9,,2,,1,3,0,2,1,1,0.9,1.834,36,2,,,,,,,,,,,,3,1,4
834,838,2,1,1,1,,2,2,1,1,,,,25,4,7,,,2,,1,2,0,2,1,2,0.684,1.313,39,2,,,,,,,,,,,,2,,2
835,838,2,3,2,1,,6,4,3,1,1,1,0,42,1,5,,,2,,2,3,2,1,1,1,1.283,5.227,36,2,,,,,,,,,,,,3,1,3
836,838,2,2,1,3,2,9,,,,,,,40,2,99,2,,2,,9,2,0,2,1,1,0.478,0.973,36,2,,,,,,,,,,,,2,,3
837,838,1,2,1,1,,5,2,1,1,0,1,2,37,5,9,,2,2,,2,2,0,1,1,3,0.848,1.631,12,1,3,5,8,,,8,8,2,1,1,3,2,,2
838,838,2,2,1,1,,3,2,1,1,0,1,0,33,2,99,1,,2,,1,3,0,1,1,2,0.866,1.663,26,1,2,5,9,,,9,9,9,9,2,1,3,9,2
839,838,1,1,2,3,4,4,4,2,2,,,,18,2,9,,1,2,,2,8,1,2,1,1,1.047,4.263,36,2,,,,,,,,,,,,8,7,7
840,838,2,1,1,1,,1,,1,0,,,,33,1,4,,,2,,1,1,0,1,2,3,1.896,2.122,37,2,,,,,,,,,,,,1,,4
841,838,1,2,1,3,2,5,2,1,1,0,3,0,30,2,1,,,2,,1,3,0,2,2,2,0.54,1.222,26,1,2,2,1,1,,,1,7,3,3,1,3,2,3
842,838,1,5,1,1,,2,2,1,1,,,,46,3,6,,,2,,1,1,0,1,2,3,0.542,1.215,13,1,4,5,2,,2,,2,7,1,1,2,1,,4
843,838,1,2,1,1,,4,2,1,1,0,1,1,30,2,7,,,2,,1,8,0,1,1,2,0.866,1.663,26,2,,,,,,,,,,,,8,7,2
844,838,2,5,1,1,,1,,0,1,,,,54,1,5,,,2,,2,3,0,2,1,1,2.286,4.657,36,1,4,5,9,,,9,9,1,3,1,3,3,9,5
845,838,2,2,1,1,,4,2,1,1,0,0,2,34,5,8,,,2,,1,2,0,1,1,2,0.717,1.376,18,1,4,5,2,,1,,2,2,2,1,2,2,,2
846,838,2,5,1,1,,4,2,0,2,1,0,1,40,3,4,,,2,,2,2,1,2,1,1,0.46,0.937,34,1,3,5,2,,2,,2,7,2,1,3,2,,2
847,838,1,5,1,1,,1,,1,0,,,,46,5,9,,1,2,,1,1,0,1,2,3,0.492,0.552,37,1,4,5,1,1,,,1,1,2,2,1,1,,3
848,838,1,1,2,1,,1,,0,1,,,,60,2,1,,,2,,1,3,0,2,1,1,0.687,1.398,42,1,1,3,0,,,0,8,8,3,1,1,3,1,4
849,838,1,2,1,2,,4,4,2,2,,,,41,3,5,,,2,,1,2,0,1,2,3,0.681,2.588,21,1,3,5,2,,1,,2,1,1,1,4,2,,2
850,838,2,2,1,1,,5,3,2,1,2,0,0,41,4,6,,,1,1,,2,0,2,2,1,0.31,0.667,25,1,4,5,2,,1,,2,2,2,2,3,2,,3
851,838,1,1,2,1,,4,3,1,2,1,0,0,20,3,98,9,,2,,1,2,0,2,1,2,1.349,5.179,39,1,3,1,1,1,,,1,7,2,3,2,2,,4
852,838,1,2,1,2,,3,2,1,1,0,0,1,40,6,99,9,,2,,1,2,0,2,1,1,0.648,1.319,36,1,3,5,2,,2,,2,2,1,1,2,2,,2
853,838,2,5,1,1,,3,2,1,1,1,0,0,31,1,2,,,2,,1,1,0,1,1,3,2.611,5.017,13,2,,,,,,,,,,,,1,,3
854,838,1,2,1,1,,2,2,1,1,,,,63,1,4,,,2,,1,2,0,1,2,3,1.606,3.596,37,1,2,5,2,,1,,2,2,1,1,1,2,,4
855,838,1,2,1,1,,3,2,1,1,0,0,1,31,4,6,,,2,,1,2,0,1,1,3,0.821,1.578,51,2,,,,,,,,,,,,2,,3
856,838,2,2,1,1,,4,2,1,1,2,0,0,50,3,2,,,2,,2,2,0,1,1,3,1.063,2.041,10,1,4,5,2,,1,,2,2,1,2,3,2,,1
857,838,1,2,2,1,,3,3,2,1,,,,47,2,9,,2,2,,1,1,1,2,1,1,0.306,0.623,42,1,3,5,1,1,,,1,1,2,1,1,1,,3
858,838,1,2,1,3,1,4,4,1,3,,,,51,2,9,,2,2,,1,2,0,1,1,2,0.653,1.254,26,1,4,5,2,,1,,2,2,2,2,3,2,,4
859,838,1,5,1,1,,6,4,1,3,1,0,1,41,1,8,,,2,,1,3,0,2,2,1,1.224,4.806,42,2,,,,,,,,,,,,3,2,2
860,838,1,2,1,1,,4,2,1,1,0,1,1,42,2,7,,,2,,1,1,0,1,2,3,0.524,1.173,51,1,3,5,1,1,,,1,1,1,1,1,1,,5
861,838,2,4,1,3,2,4,1,0,1,2,0,1,35,2,2,,,2,,1,3,0,2,1,1,1.317,1.065,25,2,,,,,,,,,,,,3,1,3
862,838,2,1,1,1,,2,2,1,1,,,,18,3,6,,,2,,2,2,0,1,1,1,0.919,1.872,42,2,,,,,,,,,,,,2,,4
863,838,2,2,1,1,,4,2,1,1,0,0,2,34,2,2,,,2,,1,1,0,1,2,2,0.566,1.281,39,1,4,4,1,1,,,1,1,3,3,3,1,,5
864,838,1,3,1,1,,4,1,0,1,1,2,0,34,2,4,,,2,,1,3,0,2,1,1,0.9,0.917,36,2,,,,,,,,,,,,3,7,4
865,838,1,2,1,3,2,4,4,1,3,,,,53,2,8,,,2,,1,3,0,2,1,2,0.561,2.155,39,1,4,5,1,1,,,1,1,3,2,3,3,2,4
866,838,1,1,1,1,,2,2,0,2,,,,52,3,7,,,2,,1,1,0,2,1,1,0.611,1.245,42,1,4,5,1,1,,,1,1,3,1,2,1,,4
867,838,1,2,1,1,,4,2,1,1,1,1,0,38,2,7,,,2,,1,3,0,1,1,3,0.722,1.386,24,1,3,5,1,1,,,1,1,1,1,2,3,2,5
868,838,9,1,1,1,,1,,1,0,,,,27,4,99,9,,2,,2,3,0,1,1,1,1.109,1.129,36,1,3,5,9,,,9,9,9,2,2,2,3,9,3
869,838,1,1,2,1,,3,3,2,1,,,,37,2,3,,,2,,5,2,0,1,1,1,1.396,4.512,9,1,3,5,2,,1,,2,2,1,1,2,2,,2
870,838,1,2,1,1,,3,2,1,1,0,0,1,32,5,9,,1,2,,1,3,1,1,1,1,0.793,1.284,25,2,,,,,,,,,,,,3,2,3
871,838,1,2,1,1,,5,2,1,1,2,1,0,35,3,6,,,2,,1,1,0,1,1,1,0.687,1.397,36,1,3,5,1,1,,,1,1,2,1,8,1,,3
872,838,1,3,1,2,,2,2,1,1,,,,22,2,6,,,2,,1,3,0,1,1,2,0.594,1.14,26,1,3,1,0,,,0,3,7,2,1,3,3,1,3
873,838,2,1,1,1,,3,3,3,0,,,,43,4,8,,,2,,2,2,1,1,1,3,0.424,0.815,11,2,,,,,,,,,,,,2,,2
874,838,1,2,1,3,1,2,2,1,1,,,,69,1,4,,,2,,1,3,0,2,1,2,1.539,2.955,39,1,4,5,2,,2,,2,2,3,1,2,3,1,2
875,838,1,2,1,2,,2,2,1,1,,,,58,5,99,9,,2,,1,0,0,1,1,3,0.648,1.324,21,1,4,5,0,,,2,2,7,1,1,2,0,1,7
876,838,2,2,1,2,,6,3,2,1,2,1,0,40,3,5,,,2,,5,2,0,1,1,3,0.722,2.773,45,1,4,5,2,,1,,2,7,2,1,2,2,,3
877,838,2,2,1,1,,4,2,1,1,0,2,0,46,1,98,1,,2,,5,3,0,1,1,2,1.719,3.3,39,2,,,,,,,,,,,,3,7,7
878,838,1,1,1,1,,1,,0,1,,,,34,6,5,,,2,,2,1,0,2,1,1,1.279,2.605,36,1,3,5,2,,1,,2,1,3,1,3,1,,2
879,838,2,2,1,1,,4,2,1,1,1,1,0,41,2,5,,,2,,1,1,0,1,1,2,0.63,1.209,18,1,3,5,1,2,,,1,1,1,3,2,1,,4
880,838,1,4,1,3,1,1,,0,1,,,,86,1,2,,,2,,1,3,0,2,1,2,2.747,5.272,39,2,,,,,,,,,,,,3,1,4
881,838,2,5,1,1,,1,,0,1,,,,99,3,4,,,2,,1,3,0,2,1,1,0.755,1.539,42,1,4,5,2,,2,,2,2,3,1,2,3,1,4
882,838,1,1,1,1,,1,,0,1,,,,38,5,6,,,2,,1,2,0,2,1,2,0.493,0.945,39,1,4,5,2,,1,,2,2,1,1,2,2,,2
883,838,1,4,1,3,1,1,,0,1,,,,76,1,2,,,2,,1,9,0,2,1,2,2.747,5.272,26,2,,,,,,,,,,,,9,9,8
884,838,1,4,1,3,1,1,,0,1,,,,61,2,3,,,2,,1,1,0,2,1,1,0.687,1.398,36,1,4,5,2,,1,,8,1,2,1,4,1,,2
885,838,1,1,2,3,4,5,5,3,2,,,,27,3,3,,,2,,1,2,0,2,1,2,0.827,3.175,39,1,3,5,2,,1,,2,2,3,3,2,2,,2
886,838,1,2,1,1,,2,2,1,1,,,,55,2,7,,,2,,1,1,0,2,1,2,0.63,1.21,39,1,3,5,1,2,,,1,1,2,2,2,1,,4
887,838,1,2,1,1,,2,2,1,1,,,,48,3,9,,2,2,,1,1,0,2,1,2,0.561,1.078,39,1,3,3,2,,2,,2,1,2,1,3,1,,3
888,838,1,5,1,1,,2,2,1,1,,,,34,3,7,,,2,,1,1,1,1,1,1,0.472,0.961,42,1,4,5,1,2,,,1,1,2,2,1,1,,4
889,838,1,2,1,1,,4,2,1,1,0,1,1,28,2,7,,,2,,1,2,0,2,2,2,0.54,1.222,39,1,3,5,2,,1,,2,2,3,2,3,2,,3
890,838,1,2,1,3,2,2,2,1,1,,,,66,2,99,2,,2,,1,2,0,2,2,1,0.457,0.898,42,1,2,4,8,,,2,2,1,8,8,2,2,,3
891,838,1,2,1,3,5,2,2,1,1,,,,62,3,1,,,2,,1,2,0,1,1,1,0.799,1.628,42,1,4,5,2,,1,,2,2,3,1,3,2,,1
892,838,1,2,1,2,,4,2,1,1,2,0,0,47,2,5,,,2,,1,2,0,1,2,1,0.51,1.002,42,1,3,4,2,,2,,2,2,1,1,3,2,,3
893,838,2,1,2,1,,1,,1,0,,,,21,1,2,,,2,,5,2,0,1,1,1,0.647,0.659,36,1,4,5,2,,1,,3,7,3,1,8,2,,8
894,838,1,2,1,3,2,3,1,0,1,1,1,0,33,2,3,,,2,,1,3,0,2,1,1,0.9,0.917,42,1,3,5,2,,1,,2,2,2,3,3,3,1,3
895,838,1,2,1,1,,3,2,1,1,0,0,1,36,5,9,,2,2,,1,1,0,1,1,1,0.568,1.157,36,1,3,5,1,2,,,1,1,3,2,3,1,,3
896,838,1,5,1,1,,3,3,2,1,,,,48,2,3,,,2,,1,3,1,2,1,1,0.622,1.005,25,1,4,5,2,,2,,2,2,3,3,3,3,1,2
897,838,1,2,1,1,,4,2,1,1,2,0,0,40,3,6,,,2,,1,2,0,2,2,2,0.389,0.88,39,1,3,5,8,,,2,2,1,2,2,3,2,,4
898,838,1,2,1,3,1,2,2,1,1,,,,75,2,5,,,2,,1,3,0,1,1,1,1.462,2.364,9,1,2,5,0,,,2,3,0,3,1,1,3,1,3
899,838,1,2,1,1,,4,2,1,1,1,1,0,41,2,7,,,2,,1,2,0,1,1,1,0.687,1.397,42,1,3,5,2,,1,,2,2,1,1,2,2,,3
900,838,2,1,1,1,,1,,1,0,,,,32,2,4,,,2,,1,2,0,1,1,1,0.943,0.961,42,1,3,5,2,,1,,2,2,2,1,2,2,,2
901,838,1,2,1,1,,5,3,1,2,1,1,0,42,4,7,,,2,,1,3,2,1,1,2,0.277,0.531,39,1,2,5,8,,,2,3,2,3,1,1,3,1,3
902,838,1,2,1,1,,4,2,1,1,2,0,0,44,5,8,,,2,,1,2,0,2,2,1,0.385,0.756,42,1,3,5,2,,1,,2,2,1,1,2,2,,2
903,838,1,2,2,1,,2,2,1,1,,,,60,2,6,,,2,,1,3,0,2,1,1,0.687,1.398,34,1,3,5,1,2,,,1,1,2,3,2,3,2,2
904,838,1,5,1,1,,2,1,0,1,0,1,0,30,5,7,,,1,2,,3,0,2,1,2,0.972,0.933,26,1,3,5,2,,1,,8,2,2,1,1,3,1,2
905,838,2,5,1,1,,1,,1,0,,,,37,4,7,,,2,,1,3,0,1,1,2,0.553,0.531,26,1,1,5,1,2,,,1,1,3,1,2,3,2,3
906,838,1,2,1,1,,4,3,2,1,1,0,0,41,4,6,,,2,,1,3,0,1,1,2,0.521,2.003,26,1,3,5,1,2,,,1,1,1,1,2,3,2,3
907,838,2,2,2,3,4,5,4,2,2,0,0,1,40,3,1,,,2,,5,2,0,2,1,2,1.119,4.021,29,1,3,3,8,,,2,2,7,1,2,2,2,,2
908,838,2,2,1,1,,4,2,1,1,0,2,0,29,2,2,,,2,,1,8,0,2,2,2,0.825,1.635,29,2,,,,,,,,,,,,8,8,8
909,838,2,5,1,3,4,4,1,0,1,0,2,1,33,1,1,,,2,,1,1,0,2,1,2,4.095,3.678,20,2,,,,,,,,,,,,1,,3
910,838,1,2,1,2,,4,1,0,1,0,3,0,35,4,6,,,2,,1,1,0,2,1,2,0.552,0.53,17,1,3,5,1,1,,,1,1,2,1,3,1,,3
911,838,1,2,1,3,2,7,2,1,1,1,2,2,35,4,4,,,2,,1,1,0,2,1,2,0.927,1.664,29,2,,,,,,,,,,,,1,,3
912,838,1,2,1,1,,3,2,1,1,1,0,0,55,2,99,9,,2,,1,3,0,2,2,2,0.629,1.248,27,1,3,5,1,1,,,1,1,3,2,1,3,7,4
913,838,1,2,1,3,5,2,2,1,1,,,,62,2,7,,,2,,1,1,0,2,1,2,0.63,1.21,17,1,4,5,1,2,,,8,1,2,2,1,1,,4
914,838,1,2,1,1,,6,2,1,1,3,1,0,45,4,8,,,2,,1,3,0,1,1,2,1.017,1.827,27,1,4,5,1,2,,,1,1,2,2,1,3,2,4
915,838,1,2,1,1,,3,2,1,1,1,0,0,43,4,8,,,2,,1,1,1,1,1,2,0.491,0.882,19,1,3,5,1,1,,,1,1,2,2,2,1,,4
916,838,1,5,1,2,,1,,0,1,,,,65,3,3,,,2,,1,3,0,2,1,2,0.585,1.123,17,1,4,5,1,2,,,1,1,3,1,2,3,2,3
918,838,1,2,1,1,,3,3,1,2,,,,45,5,8,,,2,,1,1,0,2,2,2,0.464,1.838,29,1,4,5,2,,2,,2,1,2,1,3,1,,4
919,838,2,5,1,3,1,1,,1,0,,,,81,1,1,,,2,,1,3,0,1,2,2,1.734,1.719,29,1,3,4,1,8,,,1,1,3,3,3,3,2,3
920,838,1,2,1,2,,2,2,1,1,,,,32,2,6,,,2,,1,3,0,2,2,2,0.825,1.635,29,1,4,5,9,,,9,9,9,2,2,2,3,7,3
921,838,2,1,1,2,,2,2,2,0,,,,18,3,1,,,2,,1,3,1,1,1,2,0.297,0.57,55,1,3,5,2,,2,,2,7,3,1,2,3,1,2
922,838,1,2,1,3,1,4,3,1,2,1,0,0,78,2,3,,,2,,1,2,0,1,1,2,0.66,1.268,17,1,4,5,1,1,,,1,1,3,4,3,2,,1
923,838,1,4,1,3,1,1,,0,1,,,,70,4,99,9,,2,,1,2,0,2,1,2,0.911,1.637,27,1,3,5,2,,1,,2,2,2,1,2,2,,2
924,838,2,1,1,1,,3,3,2,1,,,,25,3,8,,,2,,1,2,0,1,1,2,1.384,4.969,20,1,3,5,2,,1,,2,7,2,1,2,2,,2
925,838,1,2,1,3,1,2,2,1,1,,,,70,3,4,,,2,,1,3,0,1,1,2,0.753,1.446,17,1,3,5,2,,2,,3,2,1,1,1,3,7,4
926,838,1,2,1,3,1,2,2,1,1,,,,63,2,1,,,2,,2,2,0,1,2,2,1.04,2.061,29,1,2,5,8,,,8,8,1,1,1,1,2,,2
927,838,1,2,1,1,,3,2,1,1,1,0,0,49,2,7,,,1,1,,2,0,1,1,2,0.653,1.254,17,2,,,,,,,,,,,,2,,2
928,838,1,2,1,1,,2,2,1,1,,,,74,2,2,,,2,,1,1,1,1,2,2,0.258,0.584,17,1,4,5,1,2,,,1,1,1,1,1,1,,3
929,838,1,2,1,1,,4,2,1,1,0,1,1,29,4,8,,,2,,1,3,0,1,1,2,1.349,2.423,38,1,3,5,8,,,1,1,1,2,1,2,3,2,4
930,838,1,2,1,1,,5,2,1,1,0,0,3,27,4,9,,2,2,,1,1,0,2,1,2,0.684,1.313,55,1,3,5,8,,,1,1,1,3,1,3,1,,2
931,838,1,4,1,3,1,2,2,2,0,,,,66,4,3,,,2,,1,2,0,1,1,2,1.173,2.107,27,1,4,5,2,,1,,2,2,2,1,3,2,,2
932,838,1,2,1,3,2,4,4,3,1,,,,60,1,1,,,2,,1,3,0,2,2,2,1.656,3.283,29,1,3,4,8,,,8,1,7,3,1,1,3,7,3
933,838,1,2,1,2,,2,2,1,1,,,,60,2,7,,,2,,1,2,0,2,1,2,0.63,1.21,55,1,4,5,8,,,2,2,1,2,4,2,2,,3
934,838,1,1,2,1,,6,4,3,1,0,2,0,18,2,3,,,2,,1,1,1,1,2,2,0.296,1.175,27,1,3,5,1,1,,,1,7,2,1,2,1,,4
935,838,1,2,1,1,,3,2,1,1,0,0,1,31,3,5,,,2,,1,1,0,1,2,2,0.864,1.713,29,1,3,5,1,2,,,1,1,2,2,2,1,,4
936,838,1,2,1,3,2,2,2,1,1,,,,58,3,9,,2,2,,1,0,0,2,1,2,1.186,2.131,38,2,,,,,,,,,,,,0,7,7
937,838,1,1,1,1,,3,3,1,2,,,,47,3,8,,,2,,1,3,0,2,1,2,0.561,2.155,55,1,4,5,2,,1,,2,2,1,1,3,3,1,3
938,838,1,2,1,1,,2,2,1,1,,,,49,2,5,,,2,,1,2,0,1,2,2,0.651,1.291,29,1,4,5,2,,1,,3,2,1,1,3,2,,3
939,838,1,2,1,3,5,3,3,1,2,,,,37,2,98,8,,2,,1,8,0,1,2,2,0.628,1.247,19,1,1,2,1,2,,,1,7,1,1,1,8,7,4
940,838,1,2,1,1,,4,3,2,1,0,1,0,49,1,4,,,2,,1,3,0,1,2,2,1.313,5.207,20,2,,,,,,,,,,,,3,1,8
941,838,1,2,2,3,2,3,3,2,1,,,,27,3,99,9,,2,,1,2,0,2,1,2,0.827,1.587,55,1,4,5,2,,1,,2,2,3,1,3,2,,2
942,838,1,5,1,1,,2,1,0,1,0,1,0,30,3,5,,,2,,1,8,0,2,1,2,1.555,1.397,29,2,,,,,,,,,,,,8,2,8
943,838,1,2,1,3,1,2,2,1,1,,,,65,3,5,,,2,,1,3,0,1,2,2,0.492,1.114,26,1,4,5,8,,,8,8,1,3,1,3,3,8,4
944,838,1,2,1,1,,2,2,1,1,,,,64,1,4,,,2,,1,1,0,1,2,2,1.927,3.821,29,1,2,4,8,,,1,8,1,1,1,2,1,,4
945,838,1,2,1,1,,2,2,1,1,,,,38,3,9,,2,2,,1,3,0,2,1,2,1.119,2.011,27,1,3,5,2,,1,,2,2,1,1,2,3,1,2
946,838,1,2,1,1,,5,2,1,1,0,3,0,33,3,5,,,2,,1,1,0,1,1,2,1.63,2.928,29,2,,,,,,,,,,,,1,,2
947,838,1,2,1,3,1,2,2,1,1,,,,63,2,4,,,2,,1,3,0,1,1,2,0.733,1.408,55,1,4,5,1,1,,,1,1,3,3,1,3,2,2
948,838,1,2,1,1,,3,2,1,1,0,1,0,41,2,98,1,,2,,1,3,0,1,2,2,0.411,0.932,17,8,,,,,,,,,,,,3,8,7
949,838,2,4,1,3,1,1,,0,1,,,,79,2,1,,,2,,1,2,0,2,1,2,1.088,2.089,55,2,,,,,,,,,,,,2,,4
950,838,1,2,1,1,,2,2,1,1,,,,51,5,9,,2,2,,1,1,0,1,2,2,0.353,0.8,17,1,3,5,2,,2,,2,1,2,1,3,1,,4
951,838,1,3,1,1,,2,1,0,1,0,1,0,40,2,8,,,2,,1,2,0,2,1,2,0.595,0.571,17,1,2,5,2,,2,,2,8,2,1,1,2,,4
952,838,2,1,1,2,,2,2,2,0,,,,24,3,6,,,2,,1,1,0,1,1,2,1.118,2.008,20,1,3,3,0,,,1,8,1,1,1,2,1,,3
953,838,2,1,1,1,,2,2,0,2,,,,35,5,6,,,2,,1,2,0,2,1,2,0.493,0.945,17,2,,,,,,,,,,,,2,,4
954,838,1,5,1,1,,4,2,1,1,0,1,1,29,3,6,,,2,,1,1,1,2,1,4,0.375,0.771,49,1,3,5,1,1,,,2,1,3,3,3,1,,3
955,838,2,1,1,1,,1,,0,1,,,,28,4,7,,,2,,1,1,0,2,1,2,0.684,1.313,18,2,,,,,,,,,,,,1,,2
956,838,2,5,1,1,,3,3,2,1,,,,49,2,8,,,2,,1,3,0,2,2,2,0.56,1.11,20,1,3,5,0,,,2,3,1,1,1,1,3,1,4
957,838,1,2,1,1,,2,2,1,1,,,,39,4,9,,2,2,,1,1,0,2,1,2,0.493,0.945,17,1,3,5,1,2,,,1,1,2,2,3,1,,3
958,838,1,2,1,3,1,2,1,1,0,1,0,0,70,4,2,,,2,,2,2,0,1,1,4,1.608,1.609,6,1,3,5,2,,1,,2,2,1,1,1,2,,2
959,838,1,2,1,1,,4,2,1,1,0,2,0,40,5,9,,1,2,,1,1,1,1,1,4,0.474,0.948,6,1,3,5,2,,2,,2,1,2,1,2,1,,3
960,838,2,1,2,1,,2,2,2,0,,,,21,2,8,,,2,,1,3,0,1,2,4,0.457,0.984,32,2,,,,,,,,,,,,3,2,3
961,838,1,1,2,1,,6,4,3,1,1,1,0,22,3,9,,1,2,,1,3,1,1,1,4,0.27,1.109,49,2,,,,,,,,,,,,3,2,4
962,838,2,4,1,3,5,1,,0,1,,,,59,1,3,,,1,1,,2,0,2,1,4,2.815,5.633,6,1,3,1,2,,8,,1,7,3,1,3,2,,3
963,838,2,4,1,3,1,1,,0,1,,,,66,2,1,,,2,,1,2,0,2,1,4,0.531,1.091,8,2,,,,,,,,,,,,2,,2
964,838,1,2,1,1,,4,4,2,2,,,,50,5,9,,2,2,,1,3,0,1,1,4,0.491,2.016,49,1,4,5,2,,2,,2,1,2,1,2,3,8,3
965,838,1,1,2,1,,3,3,2,1,,,,23,4,1,,,2,,1,3,0,1,1,1,0.647,2.635,42,2,,,,,,,,,,,,3,1,2
966,838,1,4,1,3,1,1,,0,1,,,,88,6,1,,,2,,1,2,0,2,1,4,0.987,2.031,8,1,4,5,2,,1,,2,2,3,1,1,2,,4
967,838,1,5,1,1,,3,3,1,2,,,,40,5,7,,,2,,1,3,0,1,1,4,0.473,0.973,8,1,2,1,0,,,0,7,2,2,1,2,3,1,2
968,838,2,2,1,2,,2,2,1,1,,,,22,3,2,,,2,,1,1,0,1,1,4,1.078,2.158,6,2,,,,,,,,,,,,1,,4
969,838,1,5,1,1,,1,,1,0,,,,75,1,2,,,2,,2,2,0,1,1,4,4.483,4.485,6,1,4,5,2,,1,,2,1,4,1,4,2,,3
970,838,1,4,1,2,,2,2,1,1,,,,68,1,1,,,2,,1,2,0,2,1,4,1.397,2.873,16,1,4,1,2,,1,,2,7,3,1,1,2,,8
971,838,1,1,1,2,,2,2,1,1,,,,18,1,98,1,,2,,1,3,0,1,2,4,0.457,0.984,35,1,2,4,2,,1,,2,7,2,1,1,3,7,4
972,838,1,2,1,1,,3,2,1,1,1,0,0,55,5,9,,2,2,,2,3,2,1,1,4,0.784,1.567,6,1,4,3,2,,1,,2,2,1,1,1,3,1,4
973,838,1,2,1,2,,5,2,1,1,2,1,0,38,5,9,,1,2,,1,3,0,2,2,4,0.379,0.815,16,1,4,5,1,1,,,1,1,3,2,2,3,2,4
974,838,2,2,1,3,1,2,2,1,1,,,,69,1,1,,,2,,1,1,0,2,1,4,2.796,5.593,6,1,1,5,1,1,,,1,1,3,3,2,1,,5
975,838,2,1,2,2,,6,3,2,1,2,1,0,18,3,98,8,,2,,1,3,0,1,1,1,0.647,2.635,36,1,3,5,2,,1,,2,7,2,1,1,3,1,3
976,838,1,1,1,1,,2,2,1,1,,,,21,2,5,,,2,,1,1,0,2,1,4,2.457,4.915,53,2,,,,,,,,,,,,1,,4
977,838,1,2,1,1,,4,3,1,2,1,0,0,46,3,9,,2,2,,1,3,1,1,1,4,0.593,1.186,6,1,3,5,2,,1,,2,7,4,1,2,3,1,3
978,838,1,2,1,1,,3,3,2,1,,,,55,4,6,,,2,,1,1,0,1,1,1,0.662,2.695,36,1,3,5,1,1,,,1,1,2,2,1,1,,4
979,838,1,1,1,1,,2,2,1,1,,,,23,3,6,,,2,,1,1,0,1,1,1,0.647,1.317,36,1,3,5,1,1,,,1,1,3,1,3,1,,2
980,838,1,5,1,1,,1,,1,0,,,,46,4,7,,,2,,1,1,0,1,1,4,0.981,0.982,6,1,3,5,8,,,2,2,1,1,1,1,1,,3
981,838,1,4,1,3,1,9,,,,,,,84,1,99,9,,2,,2,2,0,1,1,1,2.69,2.739,36,1,4,5,2,,1,,2,2,1,1,3,2,,8
982,838,1,2,1,1,,5,3,1,2,2,0,0,46,4,9,,2,2,,1,3,0,1,1,1,0.589,1.199,34,1,4,5,2,,1,,2,2,3,1,2,3,1,2
983,838,2,5,1,2,,1,,0,1,,,,67,2,2,,,2,,2,2,0,2,1,4,1.509,3.018,6,1,4,5,2,,1,,2,2,1,1,1,2,,3
984,838,2,1,1,3,3,3,3,0,3,,,,21,3,1,,,2,,1,1,0,2,1,4,2.457,4.915,6,1,3,5,2,,2,,2,7,1,1,2,1,,3
985,838,2,1,1,1,,2,1,0,1,0,0,1,27,2,1,,,2,,1,1,0,2,1,4,1.502,1.501,6,2,,,,,,,,,,,,1,,7
986,838,2,2,1,1,,7,4,2,2,2,1,0,37,3,7,,,2,,1,2,0,2,1,4,1.08,4.322,6,1,3,5,2,,1,,2,1,1,1,2,2,,3
987,838,1,1,1,1,,3,3,2,1,,,,28,2,99,9,,2,,1,1,0,1,1,4,1.351,5.406,6,1,2,1,7,,,1,3,7,2,1,2,1,,3
988,838,1,5,1,3,5,1,,1,0,,,,67,5,3,,,2,,1,3,0,1,1,4,1.132,1.133,6,1,3,5,2,,2,,2,2,1,1,2,3,1,2
989,838,1,2,1,3,2,3,2,1,1,1,0,0,99,2,98,8,,2,,1,2,0,2,2,4,1.305,2.651,53,1,4,5,2,,1,,2,2,1,1,3,2,,2
990,838,1,4,1,3,1,1,,0,1,,,,79,5,4,,,2,,1,2,0,2,1,4,1.635,3.272,6,1,4,5,2,,1,,2,2,1,1,1,2,,2
991,838,1,2,1,1,,2,2,1,1,,,,40,4,99,9,,2,,1,3,0,1,2,4,0.982,1.994,53,1,4,5,9,,,2,8,7,1,1,1,3,7,3
992,838,1,1,1,1,,1,,1,0,,,,27,2,3,,,2,,1,3,0,1,2,4,1.631,1.656,53,1,4,5,1,2,,,3,1,2,3,2,3,7,3
993,838,1,2,1,1,,4,2,1,1,2,0,0,35,2,7,,,2,,1,3,0,2,1,4,0.54,1.11,8,1,2,3,8,,,8,3,7,2,2,3,3,8,2
994,838,1,2,1,2,,5,4,3,1,1,0,0,45,4,9,,1,2,,1,2,0,2,1,4,0.844,1.688,6,1,4,5,2,,1,,2,2,2,1,2,2,,2
995,838,2,2,1,1,,4,2,1,1,0,1,1,33,3,4,,,2,,1,1,0,2,1,4,1.501,3.003,6,1,3,5,1,1,,,1,1,2,1,1,1,,5
996,838,1,1,1,1,,3,3,1,2,,,,40,3,7,,,2,,2,2,1,2,1,4,0.767,3.07,53,1,4,5,2,,1,,2,2,2,1,3,2,,2
997,838,1,2,1,3,2,5,2,1,1,0,1,2,27,6,7,,,2,,1,3,0,2,1,4,0.75,1.542,8,1,3,5,0,,,8,3,7,2,2,2,3,2,2
998,838,1,2,1,1,,3,2,1,1,0,0,1,29,4,8,,,2,,1,1,0,2,1,4,1.242,2.486,6,2,,,,,,,,,,,,1,,4
999,838,2,5,1,3,1,1,,1,0,,,,66,2,1,,,2,,1,1,0,1,1,4,0.684,0.702,4,1,3,5,1,1,,,1,1,3,3,1,1,,4
1000,838,2,4,1,1,,1,,0,1,,,,86,2,98,2,,2,,1,3,2,2,1,4,0.987,1.976,6,1,4,5,2,,1,,2,1,4,1,3,3,1,8
1001,838,1,2,1,1,,2,2,1,1,,,,38,2,7,,,2,,1,8,0,1,1,4,1.144,2.289,53,1,4,5,2,,1,,2,1,2,1,2,8,1,2
1002,838,2,5,1,1,,1,,1,0,,,,65,6,6,,,2,,1,2,0,1,1,4,0.684,0.702,8,1,3,3,2,,2,,2,1,1,1,1,2,,3
1003,838,2,2,1,1,,2,1,1,0,9,9,9,99,9,99,9,,9,,9,3,9,1,1,4,1.308,1.309,41,1,1,3,1,2,,,1,1,3,1,1,3,2,3
1004,838,1,2,1,1,,2,2,1,1,,,,48,3,9,,2,2,,1,1,3,1,1,4,0.593,1.186,6,1,4,5,2,,2,,2,1,3,1,3,1,,4
1005,838,2,1,1,1,,1,,1,0,,,,26,3,6,,,2,,5,3,0,1,1,4,1.573,1.573,6,2,,,,,,,,,,,,3,2,3
1006,838,1,2,1,1,,2,2,1,1,,,,27,4,9,,2,2,,1,1,0,2,1,4,1.242,2.486,6,1,3,5,1,2,,,1,1,3,1,2,1,,3
1007,838,1,5,1,1,,2,2,1,1,,,,46,3,9,,2,2,,1,3,0,1,1,4,1.186,2.372,6,1,3,5,2,,2,,2,1,2,1,2,3,2,3
