ID,WEEK,Z1,Z2,Z3,Z4,Z5,Z6,Z6A,Z6AA,Z6AB,Z6B,Z6C,Z6D,Z7,Z8,Z9,Z9A,Z9AA,Z10,Z10A,Z11,Z11A,Z12,SEX,METRO,REGION,HWEIGHT,WEIGHT,STATE,AW1,AW2,AW3,AW4,AW5A,AW5B,AW6,AW6A,AW7,AW8
1,932,8,1,2,3,5,4,4,1,3,,,,28,2,98,8,,8,,1,8,0,2,1,3,0.984,3.672,1,2,,,,,,,,,2
2,932,1,1,1,1,,1,,0,1,,,,44,5,4,,,2,,1,3,0,2,1,1,0.499,0.969,25,2,,,,,,,,,2
3,932,1,1,2,2,,3,3,2,1,,,,21,3,9,,2,2,,1,3,0,1,1,2,0.644,2.4,17,2,,,,,,,,,2
4,932,1,1,2,1,,2,2,0,2,,,,29,2,4,,,2,,1,3,2,2,1,1,0.426,0.828,25,2,,,,,,,,,3
5,932,9,9,1,9,,9,,,,,,,99,4,99,9,,2,,1,3,9,2,1,1,0.479,0.93,25,9,,,,,,,,,2
6,932,2,1,1,1,,1,,1,0,,,,38,4,6,,,2,,1,1,0,1,1,1,0.488,0.474,25,1,3,4,8,,,8,8,1,3
7,932,1,2,1,2,,2,2,1,1,,,,36,5,9,,2,2,,1,3,0,2,1,2,0.638,1.188,17,1,3,5,2,,2,,2,0,2
8,932,1,2,1,3,2,6,2,1,1,0,3,1,35,4,7,,,2,,1,3,0,2,1,1,0.499,0.969,25,1,3,5,8,,,8,8,2,2
9,932,1,4,1,3,1,1,,0,1,,,,70,3,99,9,,2,,1,1,0,2,1,1,0.446,0.866,25,1,4,5,1,1,,,1,1,3
10,932,1,1,2,1,,3,3,2,1,,,,22,4,8,,,2,,1,3,0,1,1,1,0.503,1.958,25,1,2,5,1,2,,,1,7,3
11,932,2,1,1,1,,1,,0,1,,,,27,5,6,,,2,,1,2,0,2,1,1,0.589,1.145,25,1,3,5,2,,1,,2,2,3
12,932,1,1,2,1,,4,4,2,2,,,,19,3,6,,,2,,1,2,0,1,1,1,0.503,1.958,25,1,3,3,2,,1,,2,7,3
13,932,1,2,1,2,,2,2,1,1,,,,62,4,8,,,2,,1,1,0,1,1,1,0.711,1.382,25,1,4,5,1,1,,,1,1,1
14,932,1,1,1,1,,1,,1,0,,,,27,3,98,8,,2,,1,3,0,1,1,1,0.561,0.545,44,1,4,5,8,,,0,8,2,3
15,932,2,1,1,2,,3,3,1,2,,,,38,3,3,,,2,,9,3,0,1,1,1,0.623,1.211,44,2,,,,,,,,,2
16,932,2,1,1,3,3,2,2,1,1,,,,19,1,1,,,2,,2,3,0,1,1,1,0.738,1.433,44,2,,,,,,,,,2
17,932,2,2,1,3,5,8,2,1,1,7,5,3,34,2,3,,,2,,1,1,1,1,1,1,0.281,0.545,44,2,,,,,,,,,3
18,932,2,4,1,3,1,1,,0,1,,,,87,4,3,,,2,,1,2,0,2,1,1,0.53,1.03,9,2,,,,,,,,,2
19,932,2,2,1,1,,3,2,1,1,0,1,0,28,1,5,,,2,,1,3,0,1,1,1,1.479,2.874,44,1,1,1,2,,2,,3,1,1
20,932,2,5,1,1,,3,3,1,2,,,,43,4,4,,,2,,1,2,0,2,1,1,0.499,1.938,9,1,4,5,2,,1,,2,2,2
21,932,1,1,2,1,,4,4,2,2,,,,28,4,7,,,2,,1,3,0,2,1,1,0.589,2.288,25,2,,,,,,,,,3
22,932,2,5,1,2,,2,2,1,1,,,,24,2,4,,,2,,1,3,0,2,1,1,0.875,1.699,33,2,,,,,,,,,3
23,932,1,2,1,3,2,5,3,2,1,2,0,0,48,3,9,,2,2,,1,3,2,2,1,1,0.284,0.552,9,1,4,5,0,,,1,1,1,2
24,932,1,4,1,1,,2,1,0,1,1,0,0,53,3,99,9,,2,,1,3,0,2,1,1,0.569,0.552,25,1,3,5,2,,1,,2,2,2
25,932,9,1,2,2,,9,,,,,,,18,2,99,8,,2,,2,3,0,1,1,1,0.738,0.717,9,1,3,5,2,,1,,2,7,2
26,932,2,1,1,3,2,3,3,2,1,,,,31,1,1,,,2,,2,2,0,2,1,1,2.877,5.591,33,1,2,3,2,,9,,3,1,2
27,932,2,2,1,1,,2,2,1,1,,,,55,1,7,,,2,,1,2,0,2,1,1,2.202,4.28,9,1,4,5,2,,1,,2,2,2
28,932,2,5,1,1,,3,1,0,1,2,0,0,35,2,2,,,2,,1,2,0,2,2,1,0.65,0.644,23,2,,,,,,,,,3
29,932,1,2,1,1,,4,2,1,1,2,0,0,40,3,7,,,2,,1,3,0,1,2,1,0.491,0.973,23,1,3,5,2,,2,,3,1,2
30,932,1,2,1,3,1,1,,1,0,,,,81,1,99,9,,2,,1,3,0,1,1,1,2.602,2.528,9,1,4,5,2,,1,,2,7,1
31,932,1,2,1,1,,2,2,1,1,,,,74,2,8,,,2,,1,1,0,1,1,1,1.119,2.174,25,1,2,5,1,1,,,3,1,3
32,932,1,4,1,3,2,1,,0,1,,,,77,3,8,,,2,,1,1,0,2,2,1,0.691,1.369,23,1,3,5,1,1,,,1,1,3
33,932,2,1,1,2,,2,2,1,1,,,,32,4,4,,,2,,1,2,0,1,1,1,0.502,0.976,36,1,3,5,2,,2,,2,1,2
34,932,1,2,1,2,,2,2,1,1,,,,73,3,4,,,2,,1,3,0,1,2,1,1.008,1.997,25,1,3,5,8,,,1,3,2,3
35,932,1,1,2,3,3,5,3,2,1,1,0,1,18,3,8,,,2,,1,3,0,1,1,1,0.65,2.535,36,1,2,5,1,2,,,1,7,1
36,932,1,4,1,3,1,1,,1,0,,,,80,3,5,,,2,,1,1,0,1,2,1,0.889,0.882,25,1,3,5,1,2,,,1,1,3
37,932,1,2,1,3,1,2,2,1,1,,,,63,2,2,,,2,,1,2,1,1,2,1,0.463,0.918,23,1,2,5,2,,1,,2,2,3
38,932,2,2,1,2,,4,2,1,1,0,2,0,35,4,6,,,2,,1,2,0,2,1,1,0.645,1.254,36,1,3,5,2,,1,,2,2,2
39,932,2,1,2,3,4,4,4,3,1,,,,18,2,98,8,,2,,1,3,0,1,1,1,0.65,2.535,36,2,,,,,,,,,2
40,932,1,2,1,2,,2,2,1,1,,,,85,1,4,,,2,,1,2,0,1,1,1,2.948,5.741,36,2,,,,,,,,,3
41,932,2,5,1,1,,3,1,0,1,1,0,1,34,3,3,,,2,,2,3,0,2,1,1,1.612,1.569,36,1,4,5,2,,1,,3,7,2
42,932,1,2,1,1,,2,2,1,1,,,,50,5,9,,2,2,,1,3,0,1,2,1,0.526,1.043,9,1,3,5,1,1,,,3,1,3
43,932,2,1,1,2,,1,,0,1,,,,24,5,1,,,2,,1,2,0,2,1,1,1.129,2.2,36,1,3,4,2,,2,,2,1,2
44,932,2,1,1,1,,2,2,1,1,,,,19,2,3,,,2,,2,3,0,1,1,1,0.953,1.856,36,1,1,3,2,,2,,2,7,2
45,932,2,1,1,1,,3,2,1,1,0,0,1,35,4,7,,,2,,2,2,0,2,1,1,0.943,1.837,42,2,,,,,,,,,2
46,932,1,2,1,2,,4,2,1,1,0,0,2,37,4,9,,1,2,,1,1,2,2,1,1,0.322,0.628,36,1,4,5,2,,2,,3,1,2
47,932,1,2,1,1,,4,2,1,1,0,2,0,44,3,8,,,2,,1,1,0,1,1,1,0.704,1.372,36,1,2,5,8,,,2,2,1,2
48,932,1,2,2,3,2,6,5,3,2,0,0,1,25,3,8,,,2,,1,3,0,2,1,1,1.101,4.288,36,1,2,5,2,,1,,2,2,3
49,932,1,2,2,3,2,4,2,1,1,0,2,0,35,2,6,,,2,,1,3,0,2,1,1,0.932,1.815,42,2,,,,,,,,,2
50,932,2,4,1,3,1,1,,1,0,,,,88,6,3,,,2,,1,1,0,1,1,1,1.275,1.242,42,1,4,5,1,1,,,1,1,3
51,932,1,1,2,2,,3,3,2,1,,,,33,5,98,1,,1,2,,3,9,1,1,1,0.734,2.858,36,1,4,5,2,,2,,2,2,2
52,932,2,1,1,1,,2,2,1,1,,,,32,5,9,,1,2,,1,2,0,2,1,2,0.753,1.403,17,1,3,3,8,,,8,8,1,1
53,932,2,1,1,1,,2,1,0,1,0,1,0,29,4,3,,,2,,2,9,0,2,1,2,1.103,1.027,17,2,,,,,,,,,2
54,932,1,5,1,1,,2,1,0,1,1,0,0,40,4,7,,,2,,2,2,0,2,1,1,0.943,0.918,42,1,4,5,2,,2,,2,0,2
55,932,1,2,1,1,,4,3,2,1,1,0,0,51,2,5,,,2,,2,3,0,1,1,2,1.459,5.433,17,1,3,4,2,,1,,2,2,2
56,932,1,4,1,3,1,4,3,1,2,0,0,1,72,1,1,,,2,,1,3,0,2,1,1,1.408,5.483,42,2,,,,,,,,,2
57,932,2,1,2,1,,3,2,1,1,1,0,0,19,3,5,,,2,,1,2,0,1,1,2,0.644,1.2,17,2,,,,,,,,,2
58,932,1,2,1,1,,2,2,1,1,,,,52,4,9,,2,2,,1,1,0,1,1,2,0.747,1.392,17,1,3,5,8,,,1,3,1,2
59,932,2,5,1,1,,1,,0,1,,,,47,3,4,,,2,,1,2,0,2,1,2,0.729,1.356,17,2,,,,,,,,,3
60,932,1,2,1,3,2,4,2,1,1,0,0,2,22,2,7,,,2,,1,1,0,2,1,2,1.119,2.084,17,2,,,,,,,,,3
61,932,1,1,1,1,,1,,0,1,,,,37,4,5,,,2,,1,1,0,2,1,2,0.638,1.188,17,1,3,5,1,1,,,1,1,3
62,932,2,1,1,1,,2,2,0,2,,,,22,3,6,,,2,,1,2,0,2,1,2,1.119,2.084,17,2,,,,,,,,,3
63,932,1,2,1,3,1,2,2,1,1,,,,72,2,99,9,,2,,1,8,0,2,1,2,0.571,1.063,17,1,4,5,2,,1,,2,8,2
64,932,1,2,1,1,,3,2,1,1,0,0,1,32,4,9,,2,2,,1,9,0,2,1,2,0.753,1.403,17,2,,,,,,,,,3
65,932,2,1,1,1,,2,2,0,2,,,,45,2,99,9,,1,9,,9,0,2,1,2,0.833,1.55,18,2,,,,,,,,,3
66,932,1,2,1,1,,2,2,1,1,,,,32,4,9,,2,2,,1,3,0,1,1,2,0.497,0.924,17,2,,,,,,,,,3
67,932,2,1,2,1,,2,1,0,1,0,1,0,32,3,3,,,2,,2,3,0,2,1,2,1.597,1.486,17,2,,,,,,,,,2
68,932,1,2,1,1,,4,3,1,2,1,0,0,43,5,8,,,2,,1,1,0,1,1,2,0.483,0.898,17,1,1,5,1,1,,,3,1,1
69,932,1,4,1,3,1,1,,0,1,,,,70,6,1,,,2,,1,1,0,2,1,2,0.571,1.063,17,1,3,2,8,,,1,1,1,2
70,932,1,2,1,3,3,6,4,3,1,2,0,0,38,3,99,1,,2,,1,3,0,2,1,2,0.924,1.72,17,1,3,4,0,,,2,3,1,3
71,932,1,2,2,2,,7,2,1,1,0,4,1,30,2,7,,,2,,1,1,0,2,1,2,1.091,2.031,17,2,,,,,,,,,2
72,932,2,2,1,3,2,2,2,1,1,,,,43,1,5,,,2,,1,3,0,2,1,2,2.434,4.531,18,2,,,,,,,,,2
73,932,1,2,1,1,,2,2,1,1,,,,34,1,3,,,2,,1,3,0,1,1,2,1.893,3.525,17,2,,,,,,,,,2
74,932,1,5,1,1,,1,,1,0,,,,61,4,9,,2,2,,1,1,0,1,1,2,0.91,0.847,17,1,2,5,8,,,1,3,1,2
75,932,1,2,1,3,1,2,2,1,1,,,,83,4,3,,,2,,1,1,0,2,1,2,0.679,1.264,17,1,2,5,2,,1,,2,2,2
76,932,1,2,1,9,,7,4,2,2,0,1,2,49,3,1,,,2,,1,9,0,1,2,2,0.649,2.642,17,1,3,5,2,,1,,3,1,2
77,932,1,2,1,1,,4,2,1,1,2,0,0,29,2,4,,,2,,1,3,0,1,2,2,0.431,0.877,17,2,,,,,,,,,2
78,932,2,5,1,3,5,1,,0,1,,,,71,1,1,,,2,,1,2,0,2,2,2,0.902,1.836,17,1,3,5,2,,1,,2,1,2
79,932,1,2,1,1,,3,3,1,2,,,,48,2,8,,,2,,1,3,0,1,2,2,0.649,1.32,17,1,3,5,1,2,,,3,1,3
80,932,1,2,1,3,4,4,2,1,1,0,0,2,30,2,6,,,2,,1,3,0,2,2,2,0.654,1.331,17,1,3,3,2,,1,,2,7,8
81,932,1,2,1,1,,4,2,1,1,1,1,0,46,2,8,,,2,,1,3,0,1,2,2,0.649,1.32,17,1,3,5,8,,,0,3,1,2
82,932,1,2,1,3,1,2,2,1,1,,,,61,3,8,,,2,,1,3,0,1,1,2,1.317,2.453,17,1,4,5,2,,1,,2,2,2
83,932,1,2,1,1,,4,2,1,1,0,2,0,39,3,99,9,,2,,1,1,0,1,2,2,0.418,0.852,17,1,4,5,1,1,,,1,1,1
84,932,2,2,1,1,,5,2,1,1,1,2,0,38,3,8,,,2,,1,1,0,2,2,2,0.554,1.127,17,1,3,5,1,1,,,1,1,1
85,932,2,2,1,1,,3,2,1,1,0,0,1,48,2,2,,,2,,1,1,0,1,2,2,0.649,1.32,17,1,3,4,1,1,,,1,1,3
86,932,2,3,1,1,,1,,0,1,,,,36,3,6,,,2,,1,3,0,2,1,2,0.924,1.72,17,1,3,5,2,,1,,2,1,2
87,932,2,2,1,1,,2,2,1,1,,,,32,2,4,,,2,,5,3,0,1,1,4,0.519,1.076,32,1,3,4,2,,2,,3,7,1
88,932,1,5,1,1,,2,2,0,2,,,,46,4,6,,,2,,1,3,0,2,2,2,0.301,0.614,17,1,3,4,8,,,8,8,1,3
89,932,1,2,1,2,,2,2,1,1,,,,72,1,1,,,1,1,,2,0,1,2,2,2.263,4.605,17,1,1,2,8,,,2,2,1,2
90,932,1,2,1,3,1,2,2,1,1,,,,71,4,99,9,,2,,1,3,0,1,2,2,0.594,1.208,17,1,4,5,2,,1,,3,7,2
91,932,2,1,1,3,4,4,3,1,2,0,0,1,37,1,1,,,2,,2,2,0,1,1,4,1.948,4.033,32,2,,,,,,,,,2
92,932,1,4,1,3,5,1,,0,1,,,,91,4,2,,,2,,1,3,0,2,2,2,0.407,0.828,17,1,4,5,1,1,,,1,1,3
93,932,2,2,1,2,,3,2,1,1,0,0,1,32,4,5,,,2,,1,3,0,2,1,4,0.545,1.129,8,2,,,,,,,,,3
94,932,1,2,1,1,,3,2,1,1,0,0,1,32,3,7,,,2,,1,3,0,1,1,4,0.519,1.076,8,1,3,5,2,,2,,3,2,2
95,932,2,2,1,3,5,3,2,1,1,0,0,1,31,4,5,,,1,1,,1,0,2,1,4,1.474,2.758,6,1,3,4,1,1,,,3,1,2
96,932,1,2,1,1,,2,2,1,1,,,,38,4,9,,2,2,,1,2,0,1,1,4,0.349,0.723,8,1,4,5,2,,1,,2,2,2
97,932,2,1,1,1,,3,2,1,1,0,1,0,26,2,3,,,2,,5,2,0,2,1,4,0.789,1.634,8,2,,,,,,,,,2
98,932,1,1,1,1,,3,2,1,1,1,0,0,42,4,9,,1,2,,2,2,0,1,1,2,0.868,1.546,29,1,4,5,2,,1,,2,7,2
99,932,1,2,1,1,,5,2,1,1,0,2,1,39,4,6,,,2,,1,3,0,1,1,4,0.349,0.723,8,1,3,3,2,,2,,2,1,2
100,932,2,2,1,1,,5,2,1,1,0,1,2,30,2,3,,,2,,1,8,0,1,2,4,0.509,1.076,16,2,,,,,,,,,2
101,932,1,5,1,3,1,2,2,1,1,,,,37,1,3,,,1,9,,9,0,1,1,4,1.52,3.148,8,1,4,5,9,,,9,9,9,2
102,932,2,1,1,1,,1,,1,0,,,,30,4,6,,,2,,1,3,0,1,1,4,0.492,0.509,8,2,,,,,,,,,2
103,932,8,2,2,2,,7,6,3,3,0,0,1,19,1,1,,,1,1,,3,0,1,1,4,0.466,1.932,4,2,,,,,,,,,2
104,932,1,2,1,1,,4,3,1,2,1,0,0,46,6,6,,,2,,1,1,0,2,1,4,0.527,2.182,8,1,4,5,2,,1,,2,1,3
105,932,2,1,1,1,,2,2,0,2,,,,23,3,5,,,2,,1,3,0,2,1,4,0.81,1.677,4,2,,,,,,,,,2
106,932,1,2,1,1,,2,2,1,1,,,,33,6,6,,,2,,1,3,0,1,1,4,0.519,1.076,4,1,2,4,2,,1,,3,7,3
107,932,2,1,2,1,,3,3,1,2,,,,23,3,6,,,2,,1,1,0,2,1,4,0.81,3.353,4,1,3,4,1,1,,,1,7,2
108,932,2,2,2,1,,5,2,1,1,0,0,3,25,2,6,,,2,,1,1,0,1,1,4,0.519,1.076,4,1,2,5,1,1,,,3,7,1
109,932,1,4,1,3,1,1,,1,0,,,,62,4,9,,1,2,,1,1,0,1,1,4,0.658,0.682,4,1,4,5,2,,1,,2,7,2
110,932,1,1,1,1,,1,,0,1,,,,35,4,7,,,2,,1,3,0,2,1,2,0.785,1.397,29,1,3,5,2,,2,,3,2,2
111,932,1,1,2,2,,5,4,2,2,1,0,0,18,2,8,,,2,,1,3,2,2,1,4,0.405,1.677,4,2,,,,,,,,,2
112,932,2,2,1,1,,2,2,1,1,,,,60,3,6,,,2,,1,3,0,2,1,4,0.773,1.602,4,2,,,,,,,,,2
113,932,1,2,1,1,,2,2,1,1,,,,29,4,6,,,2,,1,1,0,1,1,2,0.611,1.087,27,1,3,5,8,,,8,8,1,3
114,932,2,1,1,1,,3,1,0,1,1,1,0,34,3,6,,,2,,1,2,0,2,1,2,1.341,1.194,27,1,3,5,2,,1,,2,2,2
115,932,1,2,1,3,4,2,2,1,1,,,,51,2,4,,,2,,1,2,0,1,2,4,0.766,1.621,32,1,4,5,2,,1,,2,2,3
116,932,1,5,1,3,2,6,2,1,1,2,0,2,38,4,8,,,2,,1,2,0,2,1,4,0.462,0.955,4,1,2,5,2,,2,,2,2,2
117,932,1,2,1,1,,2,2,1,1,,,,30,5,9,,2,2,,1,1,0,1,1,2,0.611,1.087,29,1,4,5,1,2,,,1,1,3
118,932,1,2,1,1,,5,2,1,1,2,1,0,39,5,9,,2,2,,1,1,0,1,1,2,0.593,1.055,27,1,4,5,2,,2,,3,1,3
119,932,2,4,1,1,,1,,0,1,,,,33,5,6,,,2,,1,3,0,2,1,2,0.927,1.65,27,1,4,5,2,,2,,2,2,2
120,932,1,2,1,2,,4,3,1,2,1,0,0,48,2,2,,,2,,1,1,0,2,1,2,0.895,3.189,27,1,3,4,1,1,,,1,1,3
121,932,1,2,1,1,,2,2,1,1,,,,45,4,9,,1,2,,1,3,0,1,1,2,0.747,1.392,55,1,4,5,1,2,,,1,1,1
122,932,2,2,1,1,,2,2,1,1,,,,45,3,7,,,2,,1,1,1,2,1,2,0.448,0.797,27,2,,,,,,,,,3
123,932,1,2,1,2,,2,2,1,1,,,,99,2,6,,,2,,1,2,0,2,1,4,0.641,1.329,4,1,4,5,2,,1,,2,2,2
124,932,1,2,1,1,,3,2,1,1,0,0,1,19,2,4,,,2,,1,3,0,2,1,4,0.81,1.677,49,2,,,,,,,,,2
125,932,1,2,1,3,2,7,2,1,1,1,2,2,34,3,5,,,2,,1,3,2,2,1,4,0.394,0.817,49,1,3,4,2,,1,,3,1,2
126,932,2,2,1,1,,2,2,1,1,,,,24,3,5,,,2,,1,3,0,1,1,4,0.467,0.966,49,2,,,,,,,,,2
127,932,1,2,1,3,1,2,2,1,1,,,,65,3,99,9,,2,,1,1,0,2,1,4,0.413,0.855,4,1,3,5,2,,2,,8,2,2
128,932,1,2,1,2,,7,3,1,2,1,2,1,54,2,7,,,2,,1,3,0,2,1,4,0.527,2.182,4,1,4,5,1,2,,,1,1,1
129,932,2,1,1,2,,3,2,2,0,0,1,0,19,2,1,,,2,,2,3,0,1,1,1,0.738,1.433,44,2,,,,,,,,,2
130,932,2,3,1,3,4,1,,1,0,,,,36,1,2,,,2,,1,2,0,1,1,1,1.437,1.396,9,1,3,4,1,1,,,1,1,2
131,932,2,2,1,1,,4,2,1,1,1,0,1,29,2,8,,,2,,1,3,0,1,1,1,0.561,1.091,25,1,3,4,2,,1,,2,1,3
132,932,2,1,1,1,,3,3,0,3,,,,28,2,3,,,2,,2,3,0,2,1,2,1.597,2.973,17,1,3,5,2,,2,,2,7,3
133,932,1,2,1,1,,3,3,1,2,,,,50,3,8,,,2,,1,2,0,2,1,1,0.569,2.211,9,1,4,5,2,,1,,2,1,2
134,932,1,1,1,3,1,1,,0,1,,,,83,2,1,,,2,,1,1,2,2,1,1,0.384,0.745,9,1,3,5,1,1,,,1,1,2
135,932,2,1,2,1,,4,4,2,2,,,,20,2,98,1,,2,,2,3,2,2,1,1,0.64,2.488,9,2,,,,,,,,,2
136,932,1,2,1,3,2,3,2,1,1,0,0,1,31,2,9,,2,2,,1,3,1,2,1,2,0.545,1.015,17,1,3,5,0,,,1,3,1,2
137,932,2,3,1,3,2,5,1,0,1,2,1,1,35,3,1,,,2,,1,2,0,2,1,1,0.722,0.702,25,1,4,5,2,,1,,3,7,2
138,932,1,4,1,3,1,1,,0,1,,,,62,3,6,,,2,,1,2,0,2,1,1,0.836,0.812,25,1,2,5,8,,,1,1,2,1
139,932,1,1,2,1,,5,5,2,3,,,,22,3,98,1,,2,,1,2,0,2,1,1,0.875,3.399,9,2,,,,,,,,,3
140,932,1,4,1,3,1,1,,0,1,,,,84,1,1,,,2,,1,1,0,2,2,1,1.821,3.608,23,1,2,4,2,,8,,3,1,3
141,932,1,1,1,1,,1,,1,0,,,,62,5,8,,,2,,1,2,0,1,1,1,0.711,0.691,25,1,4,5,2,,1,,2,2,2
142,932,1,5,1,1,,2,1,1,0,0,1,0,39,2,5,,,2,,1,2,0,1,2,1,0.491,0.486,25,1,4,5,2,,1,,2,2,3
143,932,1,1,2,2,,4,3,2,1,0,0,1,20,3,1,,,2,,1,3,0,1,2,1,0.454,1.799,33,2,,,,,,,,,3
144,932,2,1,1,1,,2,2,1,1,,,,33,2,5,,,1,1,,3,0,2,1,1,1.101,2.144,36,1,3,4,8,,,1,8,1,3
145,932,2,1,1,1,,1,,1,0,,,,25,2,5,,,1,1,,2,0,1,1,1,0.726,0.706,36,1,3,4,2,,2,,0,1,3
146,932,2,3,1,1,,1,,1,0,,,,30,1,3,,,2,,2,3,0,1,1,1,2.798,2.724,36,2,,,,,,,,,2
147,932,1,1,2,2,,2,2,0,2,,,,22,3,6,,,2,,1,2,0,2,1,3,1.009,1.885,21,1,3,3,2,,1,,2,1,2
148,932,1,2,1,3,5,4,2,1,1,2,0,0,37,2,2,,,2,,1,2,0,1,2,2,0.418,0.852,39,1,3,5,2,,1,,2,8,2
149,932,1,2,1,1,,4,2,1,1,0,0,2,30,2,6,,,2,,1,1,1,2,1,1,0.55,1.071,42,2,,,,,,,,,3
150,932,1,2,1,1,,2,2,1,1,,,,23,2,2,,,2,,1,3,0,2,2,2,0.671,1.366,39,2,,,,,,,,,2
151,932,2,1,1,1,,1,,1,0,,,,57,4,9,,1,2,,1,3,2,1,1,1,0.555,0.54,36,1,3,5,8,,,2,2,1,3
152,932,1,1,1,3,5,1,,1,0,,,,33,2,5,,,2,,1,1,0,1,1,2,0.719,0.669,39,1,4,4,1,1,,,1,1,3
153,932,1,2,1,1,,4,3,2,1,1,0,0,39,2,5,,,2,,1,1,0,2,2,3,0.931,1.946,48,1,3,4,2,,2,,2,1,2
154,932,2,2,1,1,,2,2,1,1,,,,27,4,9,,1,2,,5,3,1,1,1,3,0.263,0.485,51,2,,,,,,,,,2
155,932,2,2,1,1,,2,2,1,1,,,,52,5,9,,2,2,,1,1,0,1,1,3,0.889,1.486,48,1,3,5,1,1,,,1,1,3
156,932,1,2,1,1,,3,2,1,1,0,0,1,31,4,8,,,2,,1,1,0,1,2,3,0.442,0.806,51,1,3,5,1,1,,,1,1,1
157,932,1,2,1,3,1,2,1,0,1,1,0,0,71,1,98,2,,2,,2,3,0,2,1,3,2.619,2.188,22,1,2,5,8,,,8,8,1,2
158,932,1,2,1,1,,3,2,1,1,1,0,0,43,2,7,,,2,,1,3,0,2,1,3,0.94,1.736,51,1,3,5,2,,1,,2,7,2
159,932,1,4,1,3,1,1,,0,1,,,,74,2,2,,,2,,1,3,0,2,2,2,0.454,1.063,20,1,3,5,9,,,8,8,1,2
160,932,1,2,2,1,,5,5,2,3,,,,21,3,9,,1,2,,1,1,1,2,1,3,0.505,1.885,1,2,,,,,,,,,2
161,932,1,2,1,3,1,2,2,1,1,,,,73,2,2,,,2,,1,3,0,1,1,1,1.446,2.814,42,1,3,5,0,,,0,0,8,3
162,932,1,2,1,3,2,5,3,2,1,1,0,1,39,4,3,,,2,,1,3,1,2,1,2,0.393,0.699,29,1,2,1,0,,,0,1,7,2
163,932,1,2,1,1,,5,2,1,1,1,2,0,31,2,5,,,2,,1,1,0,1,1,2,0.883,1.573,29,2,,,,,,,,,2
164,932,1,1,1,1,,2,2,1,1,,,,20,6,4,,,2,,1,3,0,1,1,3,0.656,1.211,10,1,3,3,8,,,2,8,7,2
165,932,1,2,1,3,2,2,2,1,1,,,,64,1,3,,,2,,1,1,0,2,2,2,2.241,5.245,29,1,4,5,1,1,,,1,1,3
166,932,1,2,1,1,,4,2,1,1,1,1,0,48,2,2,,,2,,1,1,0,2,2,3,0.648,1.183,12,1,3,5,2,,1,,2,1,2
167,932,1,1,2,2,,3,3,2,1,,,,21,3,98,2,,2,,1,3,0,1,2,3,0.69,3.024,28,1,3,4,2,,2,,2,7,2
168,932,1,2,1,3,2,5,2,1,1,1,2,0,39,5,8,,,2,,1,2,0,2,1,1,0.645,1.254,36,1,3,5,2,,1,,2,2,2
169,932,1,2,1,1,,2,2,1,1,,,,27,4,7,,,2,,1,2,2,2,1,3,0.383,0.708,24,1,3,5,2,,2,,2,1,2
170,932,1,2,1,1,,2,2,1,1,,,,59,1,7,,,2,,1,2,0,2,1,2,3.097,5.514,19,1,4,5,2,,1,,2,2,2
171,932,1,4,1,1,,4,2,0,2,2,0,0,50,4,4,,,2,,1,2,0,2,1,3,0.512,0.945,54,1,3,5,2,,1,,3,2,2
172,932,1,2,1,1,,4,2,1,1,0,0,2,31,5,98,8,,2,,1,3,0,1,1,1,0.502,0.976,34,2,,,,,,,,,3
173,932,2,5,1,1,,4,1,0,1,0,2,1,29,2,2,,,2,,2,2,0,2,1,1,1.612,1.569,42,2,,,,,,,,,2
174,932,2,2,1,3,3,3,1,0,1,0,0,2,22,3,2,,,2,,1,3,0,2,1,2,1.119,1.042,39,2,,,,,,,,,1
175,932,1,2,1,2,,3,2,1,1,0,0,1,34,3,6,,,2,,1,3,0,2,2,2,0.654,1.331,55,1,3,5,2,,2,,2,2,2
176,932,1,2,1,1,,3,2,1,1,0,0,1,37,4,9,,2,2,,5,3,1,1,1,2,0.254,0.471,39,2,,,,,,,,,2
177,932,1,2,1,3,1,2,2,1,1,,,,68,3,5,,,2,,1,1,0,2,2,2,0.454,1.063,20,1,3,5,1,2,,,1,1,2
178,932,1,2,1,3,1,2,2,1,1,,,,69,1,1,,,2,,1,2,0,2,2,3,1.611,3.528,47,1,3,5,2,,1,,2,7,3
179,932,1,1,2,1,,5,4,2,2,0,0,1,19,3,7,,,2,,5,3,0,1,1,1,0.65,2.535,42,2,,,,,,,,,1
180,932,1,2,1,3,1,2,2,1,1,,,,72,2,6,,,2,,1,1,0,1,1,2,1.432,2.666,39,1,4,5,1,1,,,1,1,1
181,932,1,2,1,3,2,2,2,1,1,,,,62,1,6,,,2,,1,3,0,2,1,3,3.353,5.603,22,2,,,,,,,,,3
182,932,2,9,1,1,,1,,1,0,,,,99,9,99,9,,9,,9,9,0,1,1,2,1.214,1.13,26,2,,,,,,,,,3
183,932,1,2,1,1,,2,2,1,1,,,,32,2,5,,,2,,1,3,0,1,1,3,0.648,1.209,1,2,,,,,,,,,2
184,932,1,2,1,1,,5,2,1,1,0,2,1,99,5,9,,2,2,,1,3,1,1,1,2,0.429,0.799,39,1,3,5,2,,1,,2,1,2
185,932,1,2,1,3,2,4,4,3,1,,,,41,4,98,2,,2,,1,3,0,2,1,3,0.575,1.074,47,1,4,5,2,,1,,3,7,2
186,932,2,4,1,3,1,1,,0,1,,,,84,1,2,,,2,,1,2,0,2,1,3,2.633,4.862,13,2,,,,,,,,,2
187,932,1,2,1,3,1,2,2,1,1,,,,72,2,3,,,2,,1,1,0,2,1,3,0.581,1.073,13,1,3,3,1,2,,,1,7,3
188,932,1,4,1,3,2,1,,0,1,,,,67,2,99,9,,2,,1,3,0,2,2,2,0.454,1.063,20,1,4,5,2,,1,,2,2,2
189,932,2,5,1,1,,1,,1,0,,,,44,4,7,,,2,,1,2,0,1,1,2,0.507,0.471,39,1,1,5,2,,2,,3,1,2
190,932,1,2,1,3,1,2,2,1,1,,,,73,2,1,,,2,,1,1,0,2,2,1,0.401,0.756,42,1,3,5,1,8,,,1,1,2
191,932,1,5,1,1,,2,2,1,1,,,,45,2,3,,,2,,1,1,1,2,1,3,0.371,0.684,12,1,2,4,1,2,,,1,7,3
192,932,1,2,1,1,,4,2,1,1,1,1,0,33,2,1,,,2,,1,3,0,2,1,3,1.297,2.168,5,1,3,5,1,1,,,1,1,3
193,932,1,4,1,3,1,1,,0,1,,,,72,1,1,,,1,1,,3,0,2,2,2,1.196,2.799,29,1,3,5,9,,,9,9,1,2
194,932,1,4,1,3,1,3,3,2,1,,,,71,1,1,,,2,,2,2,0,2,1,3,2.241,4.137,37,1,4,5,2,,1,,2,2,2
195,932,1,4,2,3,1,2,2,1,1,,,,81,3,2,,,2,,1,2,0,2,1,2,1.207,2.15,29,1,4,5,2,,1,,2,2,2
196,932,2,2,1,1,,1,,1,0,,,,36,4,5,,,2,,1,1,0,1,1,3,0.518,0.484,1,1,4,5,1,1,,,1,1,1
197,932,1,2,1,1,,4,4,2,2,,,,26,2,7,,,1,1,,2,0,1,1,1,0.726,2.824,34,1,3,5,2,,1,,2,1,2
198,932,1,1,2,1,,4,4,1,3,,,,18,2,8,,,1,1,,3,0,2,1,3,1.332,4.45,22,2,,,,,,,,,3
199,932,2,2,1,1,,3,2,1,1,0,0,1,26,4,5,,,2,,1,3,0,2,2,2,0.452,0.92,39,2,,,,,,,,,2
200,932,1,5,1,1,,1,,0,1,,,,55,2,2,,,2,,2,2,0,2,2,3,1.392,2.544,45,1,2,5,2,,1,,2,1,3
201,932,2,2,1,1,,2,2,1,1,,,,35,2,5,,,2,,1,3,0,1,1,2,0.858,1.528,19,1,4,5,2,,1,,3,2,3
202,932,1,2,1,1,,6,2,1,1,1,2,1,34,2,6,,,2,,1,1,0,1,1,3,0.854,1.428,22,1,3,5,1,1,,,1,1,2
203,932,1,2,1,3,1,2,2,1,1,,,,76,2,1,,,2,,1,3,0,2,2,2,0.781,1.828,29,1,4,5,2,,1,,2,2,2
204,932,1,2,2,3,1,2,2,1,1,,,,65,2,5,,,2,,1,2,0,2,1,3,0.581,1.073,37,1,4,5,2,,1,,2,2,2
205,932,1,1,1,1,,2,2,1,1,,,,21,3,6,,,2,,1,1,0,1,2,3,0.65,1.358,5,1,3,2,1,1,,,1,1,3
206,932,1,2,1,1,,2,2,1,1,,,,32,4,6,,,2,,1,1,0,2,1,1,0.761,1.482,34,2,,,,,,,,,3
207,932,1,2,1,3,2,2,2,1,1,,,,51,2,7,,,2,,1,1,0,2,1,1,0.735,1.431,42,1,3,5,1,1,,,1,1,3
208,932,1,2,1,3,2,2,2,1,1,,,,51,2,5,,,2,,1,1,0,2,1,3,0.741,1.368,12,1,3,5,1,1,,,1,1,2
209,932,2,1,1,1,,1,,1,0,,,,35,1,6,,,2,,1,3,0,1,1,2,1.839,1.712,39,1,3,5,2,,1,,2,1,3
210,932,1,3,1,3,4,6,2,1,1,2,2,0,54,4,2,,,2,,2,3,0,1,1,1,1.105,2.152,36,2,,,,,,,,,2
211,932,1,2,1,2,,4,4,3,1,,,,47,2,98,2,,2,,1,1,0,1,2,3,0.962,3.516,13,1,4,4,8,,,8,8,1,2
212,932,2,2,1,3,2,2,2,1,1,,,,61,1,1,,,2,,1,9,0,2,1,1,2.845,5.54,34,2,,,,,,,,,2
213,932,2,2,1,1,,4,2,1,1,0,0,2,25,2,5,,,2,,1,1,0,1,2,3,0.639,1.168,37,2,,,,,,,,,1
214,932,1,2,1,1,,5,3,2,1,2,0,0,42,3,6,,,2,,1,2,0,2,1,2,0.924,1.72,39,1,2,5,2,,1,,2,2,3
215,932,2,1,1,1,,3,1,0,1,0,0,2,24,2,2,,,2,,2,3,0,2,1,3,1.478,1.38,47,1,2,4,2,,2,,2,7,3
216,932,1,2,1,2,,2,2,1,1,,,,60,4,6,,,2,,1,1,1,2,1,1,0.373,0.726,34,1,4,5,0,,,0,0,1,3
217,932,2,2,1,1,,2,2,1,1,,,,29,2,7,,,2,,1,2,0,1,1,3,0.648,1.209,21,1,2,4,2,,2,,2,7,2
218,932,1,2,1,1,,2,2,1,1,,,,44,2,6,,,2,,1,2,0,2,2,2,0.554,1.127,39,1,4,5,2,,1,,2,2,2
219,932,2,3,1,1,,4,4,1,3,,,,46,1,3,,,1,1,,3,0,2,1,2,1.54,5.485,29,1,2,5,0,,,1,1,2,2
220,932,1,1,2,3,3,5,5,3,2,,,,20,3,9,,1,2,,1,1,2,1,1,3,0.328,1.211,37,2,,,,,,,,,3
221,932,1,5,1,1,,4,2,1,1,2,0,0,38,2,9,,1,2,,1,1,0,1,2,1,0.49,0.923,42,2,,,,,,,,,1
222,932,1,2,1,3,1,2,2,1,1,,,,71,2,3,,,2,,1,3,0,1,2,1,1.006,1.894,42,1,4,5,2,,2,,3,2,2
223,932,1,2,1,1,,2,2,1,1,,,,69,2,98,8,,2,,9,8,0,2,1,2,0.652,1.215,26,1,4,5,9,,,9,9,9,3
224,932,1,1,1,1,,2,2,1,1,,,,21,2,4,,,2,,1,3,0,1,1,3,0.656,1.211,37,1,3,5,2,,2,,3,7,2
225,932,1,1,1,3,3,3,3,1,2,,,,18,2,7,,,2,,1,3,0,1,1,3,0.656,1.211,13,1,2,3,2,,2,,2,7,3
226,932,2,2,1,1,,2,2,1,1,,,,34,2,3,,,2,,1,1,0,1,2,1,0.504,0.951,42,2,,,,,,,,,3
227,932,1,2,1,1,,2,2,1,1,,,,47,4,8,,,2,,1,3,0,2,1,3,0.454,0.847,1,1,3,5,1,1,,,1,1,2
228,932,1,2,2,1,,2,2,1,1,,,,39,2,5,,,2,,1,2,0,2,2,2,0.554,1.127,39,1,3,4,2,,1,,3,1,2
229,932,1,2,2,2,,2,2,1,1,,,,29,3,98,8,,2,,5,3,0,1,1,4,1.406,2.628,6,2,,,,,,,,,2
230,932,2,2,1,3,2,3,2,1,1,0,0,1,32,4,5,,,2,,1,2,1,2,1,4,0.736,1.378,41,1,2,5,2,,2,,3,2,2
231,932,1,4,1,3,1,1,,1,0,,,,75,4,99,9,,2,,1,1,0,1,1,4,1.707,1.598,6,1,3,5,2,,2,,3,1,2
232,932,1,2,1,1,,4,2,1,1,0,1,1,44,4,6,,,2,,1,3,3,1,1,4,0.472,0.883,53,1,3,5,2,,2,,2,2,3
233,932,2,2,1,1,,3,3,2,1,,,,46,2,99,9,,2,,1,3,0,1,2,3,1.091,4.559,40,2,,,,,,,,,2
234,932,1,5,1,1,,5,2,1,1,1,2,0,31,4,5,,,2,,5,2,1,2,2,4,0.266,0.564,30,2,,,,,,,,,2
235,932,2,2,1,1,,4,2,1,1,1,0,1,42,5,6,,,1,1,,9,0,1,1,4,0.943,1.764,6,2,,,,,,,,,1
236,932,2,2,1,3,4,4,2,1,1,0,1,1,26,2,1,,,1,1,,2,0,1,1,4,1.406,2.628,6,2,,,,,,,,,2
237,932,1,1,1,1,,2,2,1,1,,,,35,3,6,,,2,,1,3,0,1,1,4,0.505,1.046,8,1,4,4,1,1,,,3,1,3
238,932,2,1,1,1,,1,,1,0,,,,31,4,8,,,2,,1,3,0,1,1,4,0.971,0.909,6,1,3,5,2,,2,,3,7,2
239,932,1,2,1,1,,4,4,2,2,,,,49,4,5,,,2,,1,1,0,1,1,4,0.541,2.24,35,1,4,5,2,,1,,2,1,2
240,932,2,1,1,1,,1,,1,0,,,,27,2,3,,,1,1,,2,0,1,1,4,1.406,1.314,6,2,,,,,,,,,2
241,932,2,2,1,1,,4,2,1,1,0,1,1,35,5,8,,,2,,1,1,0,1,1,4,0.943,1.764,6,2,,,,,,,,,3
242,932,2,1,1,1,,3,2,1,1,0,0,1,31,2,5,,,2,,1,1,0,1,1,4,1.406,2.628,6,1,3,5,1,2,,,3,1,3
243,932,2,1,2,1,,3,3,1,2,,,,21,1,2,,,2,,1,1,0,2,1,4,0.81,3.353,30,2,,,,,,,,,2
244,932,1,1,1,1,,2,2,2,0,,,,40,3,6,,,2,,1,2,0,1,1,4,1.364,2.553,6,2,,,,,,,,,2
245,932,1,2,1,3,1,2,2,1,1,,,,64,2,99,9,,2,,1,2,0,2,2,4,0.653,1.766,6,1,4,5,1,2,,,1,1,2
246,932,1,4,1,3,1,1,,0,1,,,,75,3,9,,1,2,,1,1,0,2,2,4,0.696,1.471,4,1,2,5,8,,,1,8,1,3
247,932,1,2,1,1,,4,2,1,1,0,1,1,33,4,99,1,,1,1,,1,0,1,1,4,0.359,0.744,4,1,3,5,1,2,,,1,1,3
248,932,1,2,1,1,,4,2,1,1,1,1,0,34,3,6,,,2,,1,3,0,2,2,4,0.772,1.634,30,1,3,5,2,,1,,3,1,2
249,932,1,2,1,2,,6,2,1,1,3,1,0,41,4,9,,1,2,,1,1,2,2,1,4,0.624,1.167,6,1,3,5,1,1,,,1,1,1
250,932,1,2,1,1,,4,2,1,1,0,1,1,34,3,9,,2,2,,1,1,1,1,2,4,0.254,0.538,8,1,3,5,1,1,,,1,1,1
251,932,1,2,1,3,2,3,3,1,2,,,,42,3,9,,1,2,,1,1,1,2,1,4,0.903,3.379,6,1,4,5,2,,2,,3,1,2
252,932,2,1,2,3,4,2,2,2,0,,,,26,4,6,,,2,,1,2,0,1,1,4,0.971,1.816,6,1,4,5,2,,1,,2,7,2
253,932,1,2,1,3,2,6,2,1,1,0,1,3,27,1,2,,,2,,1,3,0,2,2,4,1.755,4.744,53,2,,,,,,,,,2
254,932,1,2,1,3,1,2,2,1,1,,,,83,2,99,2,,2,,1,3,0,1,2,4,0.771,2.086,53,1,4,5,2,,2,,3,1,2
255,932,1,2,1,3,3,5,2,1,1,0,2,1,34,3,4,,,2,,1,2,0,2,1,2,1.341,2.388,38,1,4,5,2,,1,,3,2,2
256,932,2,2,1,1,,3,2,1,1,1,0,0,42,3,9,,1,2,,1,1,0,1,1,4,1.364,2.553,6,1,4,5,9,,,9,9,9,1
257,932,1,2,1,3,4,4,2,1,1,1,1,0,31,2,3,,,2,,2,2,0,1,1,3,1.07,1.976,12,1,2,4,8,,,0,8,7,2
258,932,1,1,1,1,,2,2,1,1,,,,21,3,1,,,2,,1,1,0,2,2,1,0.787,1.481,42,1,2,4,2,,1,,2,1,2
259,932,2,1,2,1,,2,2,0,2,,,,18,2,3,,,2,,1,2,0,2,1,2,1.119,2.084,26,1,4,5,2,,1,,3,8,2
260,932,1,1,2,1,,6,4,2,2,0,1,1,26,4,8,,,1,1,,3,0,2,1,3,0.896,2.996,48,1,2,4,8,,,8,8,1,8
261,932,1,2,1,3,1,2,2,1,1,,,,65,1,3,,,2,,1,2,0,2,1,2,1.505,2.8,26,1,4,5,2,,1,,2,1,2
262,932,1,5,1,1,,4,2,1,1,1,1,0,40,2,6,,,2,,1,3,0,2,1,2,0.924,1.72,18,2,,,,,,,,,8
263,932,2,1,1,3,4,1,,1,0,,,,26,4,99,8,,2,,1,1,0,1,1,1,0.502,0.487,34,1,4,5,2,,2,,3,2,3
264,932,2,1,1,1,,1,,1,0,,,,43,2,5,,,2,,1,2,0,1,1,1,0.704,0.686,42,1,3,5,2,,2,,3,1,2
265,932,1,2,1,3,1,2,2,1,1,,,,71,4,98,8,,2,,1,1,0,2,1,3,0.469,0.785,48,1,3,5,1,2,,,3,1,3
266,932,1,2,1,1,,5,2,1,1,1,2,0,39,4,8,,,2,,1,3,0,1,1,2,0.483,0.898,55,1,3,5,2,,2,,2,1,3
267,932,2,2,1,1,,3,2,1,1,0,0,1,27,3,99,1,,1,9,,3,0,2,1,1,1.258,2.45,34,1,4,5,2,,1,,2,2,2
268,932,1,2,1,1,,4,3,2,1,1,0,0,41,6,5,,,2,,2,2,0,2,1,3,1.219,2.277,1,1,4,5,8,,,2,2,2,2
269,932,1,2,1,3,5,2,2,1,1,,,,48,5,99,9,,2,,1,1,0,1,1,2,0.747,1.392,39,1,3,5,0,,,1,3,1,3
270,932,2,2,1,2,,5,3,1,2,0,2,0,29,3,6,,,2,,2,2,0,1,1,1,1.062,2.068,34,1,4,5,2,,1,,2,7,3
271,932,2,2,1,3,2,4,2,1,1,0,0,2,25,2,5,,,2,,1,1,0,2,1,2,1.091,2.031,26,1,2,5,1,1,,,1,1,2
272,932,1,2,1,2,,2,2,1,1,,,,46,3,99,1,,2,,1,3,1,2,1,3,0.371,0.684,54,1,4,5,1,2,,,1,1,3
273,932,1,2,1,3,1,3,2,1,1,0,1,0,65,1,4,,,2,,1,1,0,1,1,2,2.985,5.555,39,1,3,5,1,1,,,1,1,3
274,932,1,2,1,1,,2,2,1,1,,,,41,5,9,,2,2,,1,2,1,1,1,1,0.243,0.474,42,1,4,5,2,,1,,2,2,2
275,932,1,2,1,1,,6,3,2,1,3,0,0,36,2,7,,,2,,1,1,0,1,1,2,0.698,2.598,39,1,2,4,1,2,,,1,7,2
276,932,1,2,1,1,,4,2,1,1,0,2,0,40,4,9,,1,2,,1,3,1,1,1,2,0.254,0.471,39,2,,,,,,,,,3
277,932,1,1,2,1,,4,4,0,4,,,,29,6,8,,,2,,2,2,1,2,1,1,0.806,1.569,36,1,1,3,8,,,2,2,7,2
278,932,1,2,1,2,,4,4,2,2,,,,49,5,9,,1,2,,1,2,2,2,1,1,0.197,0.764,25,1,3,5,2,,1,,2,2,3
279,932,1,1,1,3,5,3,3,2,1,,,,60,4,8,,,2,,1,1,1,1,1,1,0.459,1.788,36,1,3,5,7,,,8,8,1,9
280,932,2,1,1,1,,5,2,1,1,0,1,2,35,2,5,,,2,,1,3,0,1,1,1,0.704,1.372,42,2,,,,,,,,,2
281,932,2,4,1,3,2,3,3,0,3,,,,52,1,1,,,2,,1,2,0,2,1,3,1.73,3.23,21,1,3,5,8,,,2,2,7,2
282,932,1,1,2,1,,3,3,2,1,,,,24,2,3,,,2,,5,2,0,1,2,4,0.456,1.932,35,2,,,,,,,,,2
283,932,1,5,1,1,,1,,1,0,,,,57,1,99,9,,2,,1,3,0,1,2,2,2.759,3.229,29,1,4,3,2,,2,,2,8,3
284,932,1,2,1,1,,3,2,1,1,1,0,0,36,2,8,,,2,,2,3,0,2,2,3,1.202,2.197,37,1,3,4,9,,,9,8,7,2
285,932,1,2,1,3,2,2,2,1,1,,,,68,4,5,,,2,,5,3,0,2,1,3,0.469,0.785,48,1,3,3,1,1,,,1,1,3
286,932,1,4,1,2,,2,2,1,1,,,,71,1,1,,,2,,1,3,0,1,1,2,2.985,5.555,39,1,4,5,8,,,2,2,1,2
287,932,1,2,1,1,,2,2,1,1,,,,42,3,8,,,2,,1,3,0,1,1,2,0.698,1.299,18,2,,,,,,,,,3
288,932,1,5,1,1,,1,,0,1,,,,43,2,4,,,2,,1,2,0,2,1,2,0.924,1.72,39,1,3,5,2,,2,,2,1,2
289,932,1,2,1,1,,3,2,1,1,0,0,1,28,2,4,,,2,,1,3,0,1,2,2,0.571,1.338,27,1,3,4,2,,2,,2,7,3
290,932,2,5,1,1,,1,,1,0,,,,50,5,5,,,2,,1,3,0,1,1,2,0.747,0.697,39,1,4,5,8,,,8,3,1,2
291,932,1,2,1,3,1,2,2,1,1,,,,71,2,99,1,,2,,1,1,0,2,2,2,0.342,0.697,39,1,3,5,1,1,,,1,1,2
292,932,2,1,1,1,,1,,0,1,,,,30,2,6,,,2,,1,3,0,2,1,2,1.091,2.031,39,2,,,,,,,,,2
293,932,2,1,1,1,,1,,0,1,,,,36,2,4,,,2,,1,1,0,2,1,3,0.94,1.736,24,2,,,,,,,,,1
294,932,1,2,1,2,,3,2,1,1,1,0,0,45,4,7,,,2,,1,1,0,2,2,1,0.354,0.665,42,1,3,2,7,,,1,7,1,3
295,932,1,1,2,1,,3,3,2,1,,,,21,6,98,1,,2,,1,1,0,1,1,3,0.767,2.563,22,2,,,,,,,,,3
296,932,1,2,1,1,,3,2,1,1,0,1,0,35,3,8,,,2,,1,3,0,1,1,2,0.698,1.299,18,1,3,5,1,1,,,1,1,3
297,932,2,1,1,2,,2,2,2,0,,,,20,5,2,,,2,,1,1,0,1,1,3,0.767,1.281,48,2,,,,,,,,,3
298,932,1,2,1,1,,2,2,1,1,,,,36,3,7,,,2,,1,3,0,2,1,2,0.924,1.72,39,1,3,5,2,,1,,2,2,3
299,932,2,1,2,1,,4,3,0,3,0,1,0,23,3,6,,,2,,2,3,1,2,1,1,0.828,1.611,34,1,1,3,2,,2,,2,7,2
300,932,2,1,1,3,3,3,1,0,1,0,0,2,20,2,1,,,2,,2,3,0,2,1,3,1.668,1.539,11,2,,,,,,,,,2
301,932,1,2,1,1,,4,2,1,1,1,1,0,39,3,6,,,2,,1,3,0,1,2,2,0.555,1.298,29,2,,,,,,,,,3
302,932,1,4,1,3,1,1,,1,0,,,,64,1,1,,,2,,1,2,0,1,1,3,4.128,3.449,5,1,4,5,2,,2,,2,2,2
303,932,1,1,2,3,3,5,3,2,1,0,0,2,24,3,9,,1,2,,1,3,2,1,1,2,0.322,1.2,39,1,4,5,2,,2,,2,2,3
304,932,2,5,1,1,,1,,0,1,,,,26,2,1,,,2,,2,3,0,2,1,3,1.44,2.688,1,1,3,3,2,,1,,8,1,1
305,932,1,5,1,1,,1,,1,0,,,,54,2,8,,,2,,1,1,0,1,1,3,1.287,1.075,48,1,3,5,1,2,,,1,1,1
306,932,1,2,1,1,,2,2,1,1,,,,39,2,8,,,2,,1,3,0,2,1,2,0.924,1.72,39,2,,,,,,,,,2
307,932,1,5,1,1,,3,1,0,1,0,2,0,33,4,6,,,2,,1,2,0,2,1,2,0.753,0.702,39,1,4,5,2,,2,,2,2,2
308,932,1,2,1,1,,3,2,1,1,0,0,1,34,3,8,,,2,,1,2,0,2,1,1,1.101,2.144,36,1,3,5,2,,2,,2,1,2
309,932,2,5,1,3,1,1,,0,1,,,,73,4,4,,,2,,1,1,0,2,1,3,0.401,0.741,12,1,3,4,8,,,1,1,1,3
310,932,1,2,1,1,,4,2,1,1,0,0,2,27,2,5,,,2,,1,2,0,1,1,3,0.648,1.209,21,2,,,,,,,,,3
311,932,2,1,1,1,,2,2,1,1,,,,22,2,5,,,2,,1,1,0,1,1,3,0.656,1.211,12,2,,,,,,,,,3
312,932,2,1,1,1,,1,,0,1,,,,35,3,4,,,2,,1,3,0,2,1,1,0.932,1.815,34,1,3,5,2,,1,,2,2,2
313,932,2,1,1,2,,3,3,3,0,,,,27,3,7,,,2,,1,1,0,1,1,3,0.731,1.35,45,1,4,5,2,,2,,2,1,3
314,932,1,2,1,2,,2,2,1,1,,,,22,2,4,,,2,,1,1,1,2,1,2,0.56,1.042,55,1,2,4,2,,1,,2,1,3
315,932,1,2,1,3,2,2,2,1,1,,,,99,2,1,,,2,,1,9,0,2,1,1,0.895,1.744,42,1,4,5,9,,,9,9,9,2
316,932,1,2,1,1,,4,2,1,1,1,1,0,37,2,8,,,2,,1,1,0,2,1,3,1.099,1.836,22,1,3,5,1,1,,,1,1,2
317,932,1,2,1,1,,5,2,1,1,1,1,1,32,2,4,,,2,,1,1,0,1,2,3,0.639,1.168,24,1,2,5,2,,2,,2,1,2
318,932,1,4,1,3,2,3,2,1,1,1,0,0,58,1,3,,,2,,1,2,1,2,2,3,1.421,2.969,22,1,1,5,1,1,,,1,1,2
319,932,1,1,2,3,3,4,3,2,1,1,0,0,19,3,9,,8,2,,1,2,0,1,1,1,0.65,2.535,36,2,,,,,,,,,2
321,932,1,2,1,1,,4,3,2,1,1,0,0,45,2,7,,,2,,1,3,0,2,2,2,0.437,0.889,18,2,,,,,,,,,2
322,932,2,2,2,1,,2,2,1,1,,,,22,1,2,,,2,,5,3,0,1,1,3,0.656,1.211,45,2,,,,,,,,,2
323,932,1,4,1,1,,2,2,1,1,,,,48,2,6,,,2,,1,3,0,2,2,3,0.779,1.708,47,1,2,4,9,,,9,9,7,3
324,932,1,2,1,1,,3,2,1,1,0,1,0,31,1,6,,,2,,1,1,0,1,1,3,1.926,3.557,51,1,2,5,1,1,,,1,1,3
325,932,1,2,2,3,2,3,2,1,1,0,0,1,23,1,3,,,2,,1,0,0,2,2,3,0.995,1.819,51,2,,,,,,,,,3
326,932,1,2,1,1,,4,2,1,1,2,0,0,40,4,8,,,2,,2,3,0,1,2,3,0.627,1.147,37,1,3,5,0,,,0,3,2,3
327,932,2,5,1,1,,2,2,1,1,,,,37,4,99,9,,2,,1,3,0,2,1,3,0.575,1.074,47,1,2,5,0,,,0,3,8,2
328,932,1,5,1,3,1,1,,1,0,,,,60,5,4,,,2,,1,3,0,1,1,2,0.91,0.847,55,1,1,3,0,,,1,1,0,3
329,932,1,5,1,2,,1,,0,1,,,,39,4,7,,,2,,1,3,0,2,1,3,0.649,1.199,13,1,4,5,2,,1,,2,2,3
330,932,1,2,1,1,,3,2,0,2,1,0,0,47,2,8,,,2,,1,1,0,2,1,1,0.735,1.431,42,1,3,5,8,,,2,2,1,3
331,932,1,2,1,1,,5,2,1,1,1,1,1,41,3,8,,,2,,1,2,1,2,2,3,0.465,0.973,22,1,3,5,2,,2,,3,1,3
332,932,1,3,1,3,2,5,2,1,1,0,1,2,31,1,2,,,2,,1,2,0,2,2,3,2.702,5.644,22,1,2,5,2,,2,,2,1,2
333,932,1,2,1,1,,3,3,1,2,,,,51,2,6,,,2,,1,1,0,2,1,3,0.741,2.736,12,1,3,3,1,2,,,3,1,3
334,932,2,1,2,1,,3,3,2,1,,,,27,2,9,,2,2,,1,3,0,1,1,3,0.731,2.7,13,2,,,,,,,,,3
335,932,1,2,1,3,5,2,2,1,1,,,,48,2,2,,,2,,1,3,0,1,1,3,1.101,2.033,51,2,,,,,,,,,2
336,932,1,2,1,1,,2,2,1,1,,,,54,2,7,,,2,,1,1,0,1,1,3,1.101,2.033,45,2,,,,,,,,,3
337,932,1,2,1,3,1,2,2,1,1,,,,68,5,7,,,2,,1,3,0,1,2,1,0.694,1.309,42,1,4,5,2,,1,,2,2,2
338,932,1,2,1,3,1,2,2,1,1,,,,82,5,2,,,2,,1,2,0,1,1,2,1.073,1.912,38,1,4,3,2,,1,,2,7,3
339,932,1,2,1,1,,3,3,1,2,,,,46,3,9,,2,2,,1,2,0,2,1,3,0.656,2.452,21,1,4,5,2,,1,,3,1,2
340,932,1,2,1,3,4,2,2,1,1,,,,45,3,4,,,2,,1,3,0,1,1,3,1.101,2.033,12,1,3,5,2,,2,,3,1,2
341,932,1,2,1,1,,3,3,2,1,,,,55,4,8,,,2,,1,2,0,1,2,3,0.974,4.269,47,1,3,5,2,,1,,2,1,2
342,932,1,1,1,3,4,2,2,2,0,,,,27,3,7,,,2,,1,2,2,1,1,3,0.324,0.605,47,2,,,,,,,,,2
343,932,1,2,1,1,,2,2,1,1,,,,31,3,8,,,2,,1,1,0,2,2,3,1.168,2.558,21,1,2,5,2,,2,,2,1,3
344,932,2,2,1,1,,2,2,1,1,,,,22,2,5,,,2,,1,3,0,1,2,3,0.65,1.358,40,2,,,,,,,,,2
345,932,1,2,1,3,2,5,2,1,1,0,2,1,35,2,2,,,2,,1,1,0,2,2,3,0.931,1.946,22,1,3,5,0,,,1,1,1,2
346,932,1,2,1,3,1,5,2,1,1,1,1,1,38,2,6,,,2,,1,3,0,1,1,3,0.711,1.311,12,2,,,,,,,,,2
347,932,1,4,1,3,1,1,,0,1,,,,63,5,6,,,2,,1,2,0,2,1,3,0.753,1.389,51,1,4,5,9,,,2,2,2,2
348,932,1,2,1,1,,2,2,1,1,,,,64,2,99,9,,2,,1,1,0,1,2,3,1.172,2.139,37,1,3,5,1,1,,,1,1,3
349,932,1,2,1,1,,3,2,1,1,0,1,0,34,4,8,,,2,,1,1,0,1,2,3,0.442,0.806,51,1,4,5,1,2,,,1,1,1
350,932,2,1,1,3,1,1,,0,1,,,,60,1,1,,,2,,2,2,0,2,2,3,2.734,5.713,5,1,3,8,8,,,2,8,7,2
351,932,2,5,1,1,,1,,0,1,,,,39,4,5,,,2,,5,3,0,2,1,3,0.759,1.268,48,1,4,5,8,,,1,3,1,2
352,932,1,2,1,1,,5,2,1,1,0,1,2,40,3,8,,,2,,1,3,0,1,2,3,0.62,1.134,45,1,3,5,1,1,,,1,1,3
353,932,2,2,1,3,4,4,2,1,1,0,1,1,29,3,4,,,2,,1,3,0,1,1,3,0.731,1.35,51,1,3,5,2,,1,,2,1,2
354,932,2,4,1,3,5,1,,0,1,,,,75,1,1,,,2,,2,2,0,2,1,3,3.026,5.648,1,1,4,5,2,,1,,2,1,2
355,932,2,5,1,1,,2,2,1,1,,,,52,2,4,,,2,,1,2,0,2,1,3,0.741,1.368,24,2,,,,,,,,,2
356,932,1,5,1,3,4,1,,1,0,,,,45,1,99,9,,2,,1,1,0,1,1,3,2.901,2.679,13,1,1,5,2,,2,,2,1,2
357,932,1,2,1,1,,2,2,1,1,,,,31,5,9,,1,2,,1,2,0,2,1,3,0.767,1.416,51,1,4,5,2,,1,,2,2,3
358,932,2,1,1,1,,1,,0,1,,,,29,2,5,,,2,,1,2,0,2,1,3,1.11,2.049,24,2,,,,,,,,,3
359,932,1,2,1,3,1,1,,0,1,,,,66,2,2,,,2,,1,1,0,2,2,3,0.507,0.927,12,1,4,5,1,1,,,1,1,2
360,932,1,2,1,1,,2,2,1,1,,,,46,2,9,,2,2,,1,3,0,2,1,3,0.741,1.368,13,2,,,,,,,,,1
361,932,1,4,1,1,,1,,0,1,,,,77,1,8,,,2,,1,2,0,2,2,3,2.301,4.204,12,1,3,5,1,2,,,1,1,3
362,932,1,2,1,3,4,5,2,1,1,0,2,1,29,3,5,,,2,,1,1,0,2,2,3,1.168,2.558,47,1,3,1,8,,,2,2,7,2
363,932,2,1,1,2,,1,,1,0,,,,99,5,99,9,,9,,1,9,0,1,1,3,1.021,0.852,5,1,3,5,9,,,9,9,9,2
364,932,1,1,2,3,3,5,4,3,1,1,0,0,28,2,1,,,1,1,,2,2,1,1,3,0.427,1.428,48,2,,,,,,,,,3
365,932,1,4,1,1,,3,3,0,3,,,,80,2,7,,,2,,1,8,0,2,2,3,0.873,1.595,51,1,4,5,8,,,8,8,1,3
366,932,1,2,1,3,1,2,2,1,1,,,,66,3,7,,,2,,1,3,0,1,2,3,1.273,2.327,13,1,4,5,0,,,0,3,1,3
367,932,2,3,1,1,,2,1,0,1,1,0,0,37,3,4,,,2,,1,1,0,2,1,3,0.94,0.868,51,1,4,5,1,2,,,1,1,3
368,932,1,1,2,1,,8,7,2,5,0,2,3,25,2,4,,,2,,2,1,3,2,1,3,0.72,2.688,47,1,3,5,7,,,2,3,2,2
369,932,1,2,1,1,,3,2,1,1,0,1,0,44,2,7,,,2,,1,3,0,1,2,3,0.703,1.47,5,1,3,5,1,1,,,1,2,3
370,932,1,2,1,1,,4,3,2,1,1,0,0,52,1,2,,,2,,2,2,0,2,1,3,2.859,5.278,13,1,2,3,2,,2,,2,7,2
371,932,2,1,1,1,,1,,1,0,,,,31,1,3,,,2,,2,3,0,1,1,3,2.821,2.604,37,2,,,,,,,,,2
372,932,1,2,1,3,4,4,3,1,2,1,0,0,46,4,1,,,2,,1,1,0,1,1,3,0.889,1.486,40,1,2,5,1,2,,,1,1,2
373,932,1,1,2,2,,6,5,2,3,1,0,0,20,3,5,,,2,,5,1,0,2,1,3,1.139,4.206,45,2,,,,,,,,,2
374,932,2,5,1,2,,5,3,1,2,1,1,0,29,2,1,,,2,,1,1,0,2,2,3,0.969,3.543,13,2,,,,,,,,,2
375,932,1,2,1,1,,4,2,1,1,1,1,0,39,2,8,,,2,,1,3,0,1,1,3,0.711,1.311,37,1,4,5,1,1,,,1,1,1
376,932,1,2,2,3,4,2,2,1,1,,,,52,1,2,,,2,,1,1,0,2,2,3,1.707,3.117,37,1,3,5,8,,,1,3,1,3
377,932,1,2,1,3,1,2,2,1,1,,,,99,3,6,,,2,,1,2,0,1,2,3,1.105,2.018,54,2,,,,,,,,,3
378,932,2,5,1,1,,1,,0,1,,,,99,3,6,,,2,,1,3,0,2,1,3,1.055,1.763,22,2,,,,,,,,,2
379,932,2,1,2,3,3,1,,1,0,,,,24,6,1,,,2,,5,0,0,1,1,3,0.767,0.641,48,2,,,,,,,,,8
380,932,2,2,1,1,,2,2,1,1,,,,21,2,3,,,2,,1,2,0,1,2,3,0.573,1.047,37,2,,,,,,,,,2
381,932,1,2,1,1,,2,2,1,1,,,,55,2,9,,2,2,,1,1,0,2,2,3,0.951,1.738,51,1,4,5,9,,,1,1,1,2
382,932,1,2,2,1,,3,2,1,1,0,1,0,31,2,7,,,2,,5,2,0,2,2,3,0.969,1.772,37,2,,,,,,,,,2
383,932,1,2,1,3,5,3,2,1,1,1,0,0,36,1,2,,,2,,1,2,0,2,2,3,2.575,5.639,21,1,3,5,8,,,9,9,1,2
384,932,1,5,1,1,,3,1,1,0,1,1,0,35,2,6,,,2,,1,3,0,1,1,3,0.83,0.693,22,1,2,3,1,2,,,8,1,2
385,932,2,2,1,1,,3,2,1,1,0,0,1,29,2,4,,,1,1,,3,0,1,1,3,0.854,1.428,48,2,,,,,,,,,3
386,932,2,2,1,2,,2,2,1,1,,,,51,1,3,,,2,,1,3,0,1,1,3,2.901,5.357,45,2,,,,,,,,,3
387,932,1,2,1,1,,2,2,1,1,,,,55,4,9,,1,2,,1,2,0,1,1,3,0.926,1.71,37,1,4,5,2,,1,,2,2,2
388,932,1,2,1,3,2,4,3,1,2,1,0,0,41,2,4,,,2,,1,2,0,2,2,3,0.821,3.001,37,2,,,,,,,,,2
389,932,2,4,1,1,,3,2,0,2,0,1,0,30,2,4,,,2,,1,2,1,2,1,3,0.554,1.025,12,2,,,,,,,,,2
390,932,2,5,1,1,,3,1,1,0,0,0,2,26,3,6,,,2,,1,2,0,1,2,3,0.724,0.757,48,1,3,5,1,2,,,3,1,3
391,932,1,1,2,1,,5,5,3,2,,,,25,5,8,,,2,,1,2,1,1,2,3,0.266,1.164,21,1,4,5,2,,1,,2,1,2
392,932,2,1,1,3,4,3,1,0,1,0,1,1,41,2,1,,,2,,2,8,0,2,2,3,1.202,1.099,13,2,,,,,,,,,2
393,932,2,2,1,1,,2,2,1,1,,,,29,2,3,,,2,,1,2,0,1,1,3,0.731,1.35,51,2,,,,,,,,,3
394,932,2,1,1,1,,2,2,2,0,,,,25,4,99,9,,2,,1,1,0,1,2,3,0.532,1.164,1,9,,,,,,,,,3
395,932,1,5,1,3,1,3,3,2,1,,,,39,2,2,,,2,,1,3,0,1,1,3,0.711,2.622,12,2,,,,,,,,,2
396,932,2,2,1,1,,3,2,1,1,0,0,1,31,2,5,,,1,1,,1,0,1,1,3,0.854,1.428,48,2,,,,,,,,,2
397,932,1,2,1,3,1,2,2,1,1,,,,65,1,2,,,2,,1,2,0,1,1,3,3.086,5.697,13,2,,,,,,,,,1
398,932,2,1,2,3,5,1,,0,1,,,,39,3,98,8,,2,,2,2,0,2,1,3,1.376,2.54,12,1,3,5,2,,1,,2,2,2
399,932,2,2,1,1,,3,2,1,1,1,0,0,43,2,8,,,2,,1,1,0,1,2,3,0.703,1.47,48,1,3,5,1,2,,,3,1,2
400,932,1,4,1,3,1,3,3,1,2,,,,71,2,2,,,2,,2,2,0,2,1,3,0.754,2.814,1,1,2,5,2,,1,,2,2,2
401,932,1,5,1,1,,2,1,0,1,1,0,0,45,4,6,,,1,1,,2,0,2,1,3,0.599,0.499,48,1,2,4,2,,1,,3,1,2
402,932,1,2,2,2,,6,3,2,1,2,1,0,41,2,2,,,2,,2,3,0,2,2,3,1.448,3.172,28,1,4,5,9,,,9,9,1,2
403,932,1,2,1,3,2,2,2,1,1,,,,73,2,98,2,,2,,1,9,0,2,1,3,0.679,1.135,48,1,3,5,9,,,9,9,9,2
404,932,1,2,1,1,,3,3,2,1,,,,57,2,4,,,2,,1,2,0,1,1,3,1.567,5.235,22,1,4,5,2,,1,,2,2,3
405,932,1,2,1,1,,3,3,1,2,,,,61,9,4,,,2,,1,2,0,1,2,3,1.136,2.374,48,2,,,,,,,,,2
406,932,2,5,1,1,,1,,0,1,,,,52,1,2,,,2,,1,3,0,2,1,3,1.952,3.605,12,1,3,5,2,,2,,2,7,2
407,932,1,5,1,2,,1,,0,1,,,,72,5,4,,,2,,1,1,1,2,1,3,0.289,0.482,48,1,3,5,1,1,,,1,1,2
408,932,1,2,1,1,,2,2,1,1,,,,56,4,7,,,2,,1,1,0,1,1,3,0.82,1.532,47,2,,,,,,,,,1
409,932,1,4,1,1,,1,,0,1,,,,60,2,6,,,2,,1,2,0,2,1,3,1.088,2.009,24,1,3,5,0,,,2,2,1,2
410,932,2,1,1,2,,2,2,1,1,,,,25,4,1,,,1,1,,3,0,1,1,3,0.505,0.932,12,1,1,5,1,1,,,1,7,3
411,932,1,2,1,3,2,3,3,2,1,,,,73,6,3,,,2,,1,2,1,2,1,3,0.291,0.536,37,1,4,5,2,,1,,2,2,2
412,932,2,2,1,1,,4,3,1,2,1,0,0,51,3,99,9,,2,,1,3,0,1,1,3,1.287,2.151,48,1,4,5,8,,,0,3,1,2
413,932,2,1,1,1,,3,3,2,1,,,,27,2,8,,,2,,2,1,0,1,1,3,1.252,4.182,22,1,2,4,1,2,,,1,8,3
414,932,1,1,2,1,,3,3,3,0,,,,28,2,5,,,2,,2,2,0,1,1,3,1.07,1.976,51,1,3,5,2,,1,,2,1,3
415,932,2,5,1,1,,1,,1,0,,,,30,4,1,,,2,,2,3,0,1,1,3,0.865,0.722,48,2,,,,,,,,,3
416,932,1,2,1,3,1,2,2,1,1,,,,99,2,3,,,2,,1,3,0,2,1,3,0.903,1.666,12,1,3,5,1,2,,,3,1,3
417,932,1,2,1,1,,3,2,1,1,0,0,1,26,2,4,,,2,,1,1,0,2,1,3,1.297,2.168,22,1,3,5,1,2,,,3,1,2
418,932,1,2,1,1,,3,2,1,1,0,1,0,35,2,5,,,2,,1,2,0,1,1,3,0.711,1.311,51,2,,,,,,,,,2
419,932,2,1,1,2,,2,2,2,0,,,,23,3,1,,,2,,1,1,0,1,2,3,0.69,1.512,1,2,,,,,,,,,1
420,932,1,2,1,1,,2,2,1,1,,,,32,2,4,,,2,,1,1,0,1,1,3,0.648,1.209,1,2,,,,,,,,,3
421,932,1,2,1,1,,2,2,1,1,,,,55,2,7,,,2,,2,3,0,1,2,3,1.715,3.133,51,1,3,5,2,,2,,2,1,2
422,932,2,2,1,1,,3,2,1,1,0,0,1,27,3,6,,,1,1,,1,0,1,1,3,0.854,1.428,48,2,,,,,,,,,1
423,932,1,3,1,3,4,4,2,1,1,2,0,0,42,4,7,,,2,,1,1,0,2,1,3,0.649,1.199,54,1,3,5,1,1,,,1,1,1
424,932,1,2,1,1,,4,4,2,2,,,,50,4,99,9,,2,,1,3,0,1,1,3,0.889,2.972,48,1,4,5,1,2,,,3,1,3
425,932,2,1,1,1,,3,2,0,2,1,0,0,23,2,1,,,2,,2,1,1,2,1,4,1.602,2.998,6,1,3,3,2,,1,,2,2,2
426,932,1,2,1,1,,4,2,1,1,1,1,0,43,2,4,,,2,,1,2,0,1,2,3,0.62,1.134,37,1,3,5,2,,1,,3,1,3
427,932,1,1,2,1,,3,2,0,2,0,0,1,27,6,1,,,2,,2,2,1,2,1,3,0.812,1.5,13,1,2,4,2,,2,,2,2,2
428,932,1,1,1,2,,3,3,2,1,,,,18,2,3,,,2,,1,1,0,1,1,3,0.656,2.423,37,2,,,,,,,,,3
429,932,1,2,1,3,2,3,3,2,1,,,,64,2,2,,,2,,1,1,0,2,2,3,1.078,2.253,5,1,2,2,1,1,,,1,7,3
430,932,2,4,1,3,1,1,,0,1,,,,73,1,1,,,2,,1,2,0,2,1,3,1.531,2.826,12,8,,,,,,,,,2
431,932,1,2,1,3,2,2,2,1,1,,,,54,3,9,,1,2,,1,1,2,2,1,3,0.433,0.723,22,1,3,5,1,2,,,1,1,2
432,932,2,1,1,1,,2,2,1,1,,,,35,3,2,,,2,,2,2,0,1,1,3,1.04,1.92,12,1,4,5,2,,1,,2,7,2
433,932,1,5,1,1,,2,2,1,1,,,,40,2,5,,,2,,1,2,0,2,1,3,1.099,1.836,48,1,3,4,2,,1,,2,7,2
434,932,1,2,1,1,,3,2,1,1,1,0,0,41,2,9,,1,2,,1,1,1,1,1,3,0.355,0.656,45,2,,,,,,,,,2
435,932,1,1,1,3,4,3,2,1,1,1,0,0,45,4,4,,,2,,2,2,1,1,1,3,0.557,1.028,12,2,,,,,,,,,2
436,932,1,2,1,1,,2,2,1,1,,,,53,2,2,,,2,,2,3,0,2,2,3,1.142,2.501,1,1,3,4,9,,,8,9,9,2
437,932,1,2,1,1,,3,2,1,1,0,0,1,34,6,7,,,2,,1,3,0,1,1,3,0.854,1.428,48,1,4,5,9,,,9,9,2,3
438,932,1,2,1,1,,3,2,1,1,0,1,0,31,2,5,,,2,,1,2,0,1,2,3,0.639,1.168,37,1,2,5,0,,,2,3,1,3
439,932,9,5,1,2,,1,,0,1,,,,99,4,99,9,,2,,1,1,0,2,2,3,0.545,0.996,13,1,4,5,2,,8,,2,1,3
440,932,1,1,2,2,,3,3,2,1,,,,22,5,99,9,,2,,1,2,0,1,2,3,0.573,2.095,54,1,3,5,2,,1,,2,2,2
441,932,2,1,1,1,,2,2,1,1,,,,26,4,6,,,2,,2,2,0,2,1,3,0.995,1.857,47,2,,,,,,,,,3
442,932,1,2,2,3,2,5,3,2,1,2,0,0,38,3,99,1,,2,,1,1,1,2,1,3,0.47,0.868,51,2,,,,,,,,,2
443,932,2,2,1,1,,5,2,1,1,1,2,0,37,4,99,9,,2,,2,2,0,1,1,3,0.84,1.404,48,1,2,5,2,,1,,2,2,2
444,932,1,4,1,3,1,2,2,0,2,,,,73,3,1,,,2,,1,3,0,2,1,3,0.514,0.96,47,1,4,5,1,1,,,3,1,3
445,932,1,2,1,1,,2,2,1,1,,,,45,6,6,,,2,,1,2,1,1,2,3,0.579,1.268,1,1,3,4,2,,1,,2,1,2
446,932,1,1,1,1,,4,2,1,1,0,1,1,28,2,6,,,2,,2,2,1,1,1,3,0.535,0.989,11,2,,,,,,,,,3
447,932,1,1,2,1,,3,3,2,1,,,,45,2,1,,,2,,2,2,0,1,1,3,1.668,5.571,22,1,4,5,2,,1,,2,2,2
448,932,1,5,1,3,1,2,2,1,1,,,,62,3,8,,,2,,1,1,0,1,1,3,1.567,2.618,40,1,3,5,1,1,,,1,1,1
449,932,1,5,1,1,,3,2,1,1,1,0,0,36,3,6,,,2,,1,1,0,2,1,4,0.668,1.384,32,1,4,5,1,2,,,1,1,2
450,932,1,4,1,3,1,2,2,1,1,,,,70,3,8,,,2,,1,1,0,1,1,3,1.704,2.846,48,1,4,5,9,,,9,9,1,3
451,932,1,2,1,1,,4,2,1,1,0,2,0,39,4,9,,2,2,,1,1,0,1,1,4,0.943,1.764,6,1,3,5,1,1,,,1,1,2
452,932,2,2,1,1,,2,2,1,1,,,,28,5,8,,,2,,1,3,0,1,1,4,0.971,1.816,41,1,4,5,2,,1,,2,1,3
453,932,1,4,1,3,1,1,,1,0,,,,81,5,7,,,2,,1,3,0,1,2,3,0.935,1.024,1,1,3,4,1,2,,,1,1,3
454,932,1,2,1,3,2,4,2,1,1,0,1,1,34,4,8,,,2,,1,1,0,2,1,4,0.545,1.129,8,1,4,5,1,2,,,3,1,2
455,932,1,1,2,3,4,3,3,3,0,,,,24,2,4,,,1,1,,3,1,1,1,4,0.63,1.179,6,2,,,,,,,,,2
456,932,1,5,1,1,,1,,0,1,,,,55,3,4,,,2,,5,2,1,2,1,3,0.544,1.005,11,1,4,5,2,,1,,2,2,2
457,932,1,2,1,1,,2,2,1,1,,,,50,4,9,,2,2,,2,3,1,1,1,4,1.07,2.002,6,1,4,5,2,,2,,2,2,2
458,932,1,2,1,1,,2,2,1,1,,,,36,2,8,,,2,,1,3,0,1,1,4,0.505,1.046,8,1,3,5,8,,,1,1,1,1
459,932,2,5,1,1,,3,2,1,1,0,1,0,27,4,6,,,2,,5,2,1,2,1,4,0.736,1.378,6,1,3,5,0,,,1,3,2,3
460,932,1,2,1,3,2,2,2,1,1,,,,52,4,1,,,2,,1,3,0,2,1,4,0.364,0.753,8,1,3,5,8,,,2,3,0,3
461,932,1,2,1,1,,2,2,1,1,,,,57,4,8,,,2,,1,2,0,1,2,3,0.809,1.479,13,1,4,5,2,,1,,2,2,2
462,932,2,5,1,1,,4,1,1,0,3,0,0,36,4,5,,,2,,1,1,0,1,2,4,0.48,0.508,8,1,3,5,1,1,,,8,1,3
463,932,2,1,1,2,,1,,1,0,,,,21,2,1,,,2,,1,3,0,1,1,4,0.503,0.521,16,1,3,5,1,2,,,3,1,3
464,932,2,2,1,2,,4,2,1,1,2,0,0,37,2,5,,,2,,1,1,0,2,1,4,0.668,1.384,56,2,,,,,,,,,3
465,932,1,2,1,1,,5,2,1,1,0,2,1,33,2,6,,,2,,1,3,0,1,1,4,0.519,1.076,30,1,3,5,2,,2,,3,1,2
466,932,1,5,1,1,,3,1,1,0,1,1,0,33,2,4,,,2,,1,1,0,1,1,3,0.731,0.675,37,1,3,5,1,1,,,1,1,3
467,932,1,2,1,1,,5,4,3,1,1,0,0,50,4,8,,,2,,1,2,0,1,2,4,0.53,2.24,8,1,3,5,1,2,,,1,2,3
468,932,1,1,2,1,,4,3,2,1,1,0,0,20,3,3,,,2,,2,1,1,1,1,4,0.923,3.453,53,1,3,5,2,,1,,2,1,2
469,932,1,2,1,1,,5,3,1,2,2,0,0,38,2,4,,,2,,2,3,0,1,2,3,0.909,1.66,45,1,4,5,2,,2,,3,2,2
470,932,2,5,1,1,,3,2,0,2,0,1,0,55,1,2,,,2,,2,2,1,2,1,4,3.209,6.004,6,1,3,4,2,,1,,2,2,2
471,932,1,2,1,1,,4,2,1,1,1,1,0,39,6,7,,,2,,1,1,0,1,2,3,0.62,1.134,13,1,4,5,1,1,,,1,1,1
472,932,1,2,1,1,,4,3,1,2,1,0,0,37,2,5,,,2,,1,3,0,2,1,3,1.099,3.671,5,2,,,,,,,,,3
473,932,1,5,2,1,,4,3,0,3,0,1,0,34,4,8,,,2,,2,2,0,2,2,3,0.982,1.793,37,1,4,5,2,,1,,2,2,2
474,932,1,2,1,3,1,2,2,1,1,,,,63,2,5,,,2,,1,3,0,2,1,4,0.773,1.602,16,1,4,5,8,,,2,3,1,2
475,932,1,5,1,3,4,2,1,1,0,1,0,0,41,3,1,,,1,1,,1,0,1,1,3,0.83,0.693,48,1,4,5,2,,1,,3,1,2
476,932,2,2,1,1,,2,2,1,1,,,,25,3,7,,,2,,1,1,0,1,1,3,0.731,1.35,45,2,,,,,,,,,3
477,932,1,2,1,2,,2,2,1,1,,,,52,3,8,,,2,,1,3,0,2,1,3,0.741,1.368,51,1,4,5,1,1,,,3,1,3
478,932,1,2,1,1,,4,2,1,1,0,1,1,31,3,3,,,2,,2,2,0,2,1,3,1.624,3,24,2,,,,,,,,,2
479,932,1,2,1,1,,3,3,2,1,,,,47,2,5,,,2,,1,3,0,1,2,3,1.091,4.559,22,1,4,5,1,1,,,8,1,2
480,932,1,2,1,1,,5,3,2,1,0,2,0,62,9,99,9,,2,,1,2,0,2,1,3,0.931,1.719,12,1,4,4,2,,1,,2,1,2
481,932,1,1,1,3,1,1,,0,1,,,,73,2,1,,,2,,2,2,0,2,1,3,0.85,1.57,12,1,4,5,0,,,2,2,2,2
482,932,1,2,1,1,,6,6,3,3,,,,53,5,9,,2,2,,2,3,4,1,1,4,1.07,4.006,6,1,4,5,2,,1,,2,2,2
483,932,9,2,8,3,1,3,3,2,1,,,,78,5,99,9,,2,,1,9,0,2,1,4,1.327,2.483,41,1,3,5,2,,2,,2,2,3
484,932,1,2,1,1,,2,2,1,1,,,,43,3,7,,,2,,1,2,0,1,1,3,0.83,1.387,22,1,1,5,2,,2,,2,1,3
485,932,2,5,1,1,,1,,1,0,,,,55,5,7,,,2,,1,2,0,1,1,3,1.082,0.904,48,1,4,5,2,,1,,2,2,2
486,932,1,4,1,3,1,1,,0,1,,,,74,2,1,,,2,,1,2,0,2,2,3,0.507,0.927,45,1,3,5,2,,1,,2,2,1
487,932,1,2,1,1,,3,3,2,1,,,,44,2,4,,,2,,1,3,1,1,1,3,0.314,1.175,1,2,,,,,,,,,2
488,932,1,1,1,3,1,2,2,2,0,,,,61,4,9,,2,2,,1,3,0,1,1,3,1.082,1.809,48,1,3,5,1,1,,,1,1,3
489,932,1,2,1,3,2,4,2,1,1,1,0,1,40,2,8,,,2,,1,1,0,2,1,4,1.806,3.379,53,2,,,,,,,,,1
490,932,1,2,1,1,,2,2,1,1,,,,56,5,8,,,2,,1,2,0,2,1,3,0.753,1.389,12,1,3,4,2,,2,,3,2,2
491,932,1,1,1,1,,2,2,1,1,,,,40,3,1,,,2,,1,2,0,1,1,4,0.505,1.046,4,1,4,5,2,,1,,3,1,2
492,932,2,2,1,1,,2,2,1,1,,,,38,4,8,,,2,,1,2,0,2,1,4,1.248,2.335,6,2,,,,,,,,,2
493,932,1,2,1,1,,2,2,1,1,,,,49,2,6,,,2,,1,3,0,2,1,4,1.424,2.664,6,1,3,4,7,,,1,3,1,2
494,932,1,1,1,1,,5,3,2,1,0,2,0,23,4,8,,,2,,1,1,0,1,1,4,1.261,4.718,53,2,,,,,,,,,2
495,932,1,2,1,3,1,2,2,1,1,,,,55,2,4,,,2,,1,3,0,2,1,3,1.088,2.009,12,1,4,5,2,,1,,2,1,3
496,932,1,2,1,3,1,2,2,1,1,,,,71,4,5,,,2,,1,1,0,1,2,3,0.88,1.608,51,1,4,5,1,1,,,1,1,3
497,932,1,2,1,1,,5,4,3,1,0,0,1,29,2,7,,,2,,1,1,0,1,1,3,0.648,2.418,21,1,3,4,1,2,,,1,1,2
498,932,1,5,1,2,,2,2,2,0,,,,40,1,7,,,2,,1,2,0,1,1,3,1.871,3.455,24,1,3,5,2,,1,,2,2,2
500,932,2,2,1,1,,4,2,1,1,0,0,2,27,3,2,,,2,,1,1,1,1,1,4,0.26,0.538,49,1,3,5,1,2,,,3,7,3
501,932,1,2,1,1,,2,2,1,1,,,,49,3,8,,,2,,1,1,0,1,2,4,0.661,1.786,53,1,4,5,1,1,,,1,1,3
502,932,1,5,1,1,,4,2,1,1,2,0,0,37,2,6,,,2,,1,2,0,1,1,4,1.364,2.553,6,2,,,,,,,,,2
503,932,2,1,1,2,,1,,1,0,,,,25,3,1,,,2,,1,1,0,1,1,4,1.406,1.314,6,2,,,,,,,,,1
504,932,1,2,1,2,,4,2,1,1,1,1,0,39,3,8,,,2,,1,3,0,2,1,4,1.806,3.379,53,1,4,5,1,1,,,3,1,1
505,932,1,2,1,2,,5,2,1,1,0,1,2,26,3,4,,,2,,1,1,0,2,1,3,1.11,2.049,37,1,3,5,2,,1,,2,1,2
506,932,1,4,1,3,1,1,,0,1,,,,72,2,6,,,2,,1,1,0,2,1,3,0.581,1.073,12,1,4,5,2,,1,,2,1,3
507,932,2,1,1,1,,1,,0,1,,,,20,6,4,,,2,,2,2,0,2,1,3,1.668,3.079,24,1,3,4,8,,,2,8,7,2
508,932,1,2,1,1,,4,4,1,3,,,,45,4,6,,,2,,1,3,1,1,2,3,0.4,0.876,47,1,4,5,2,,1,,2,1,2
509,932,1,1,2,1,,5,5,3,2,,,,23,3,8,,,2,,1,1,1,1,1,1,0.325,1.267,36,1,3,5,1,1,,,1,1,2
510,932,1,2,1,1,,2,2,1,1,,,,59,2,99,9,,8,,1,9,0,1,1,3,1.188,2.218,21,2,,,,,,,,,1
512,932,1,2,1,1,,4,2,1,1,0,1,1,31,3,8,,,1,2,,3,0,2,1,3,1.624,3,12,1,2,5,2,,1,,2,1,3
513,932,2,2,1,3,1,2,2,1,1,,,,86,2,1,,,2,,1,1,0,2,1,1,0.991,1.931,34,1,3,2,2,,2,,2,1,3
514,932,1,1,2,3,3,3,3,2,1,,,,19,1,8,,,2,,1,3,1,1,2,3,0.286,1.047,37,2,,,,,,,,,3
515,932,1,1,2,1,,3,3,2,1,,,,24,4,9,,1,2,,1,3,0,1,1,3,0.656,2.423,13,2,,,,,,,,,2
516,932,1,5,1,2,,1,,0,1,,,,56,3,98,8,,2,,1,8,0,2,1,3,1.088,2.009,54,1,3,5,1,2,,,1,1,1
517,932,1,2,1,1,,3,2,1,1,1,0,0,32,2,3,,,2,,2,3,1,2,1,3,0.72,1.344,47,1,4,4,2,,1,,2,7,2
518,932,1,2,1,3,4,2,2,1,1,,,,58,2,3,,,2,,1,1,0,2,2,1,0.751,1.415,42,1,3,5,2,,1,,3,1,2
519,932,2,1,1,1,,1,,0,1,,,,22,2,4,,,2,,1,3,0,2,1,1,1.129,2.2,42,2,,,,,,,,,3
520,932,2,4,1,3,1,1,,0,1,,,,79,3,99,2,,2,,1,1,0,2,1,1,0.991,1.931,36,1,4,8,8,,,1,1,1,2
521,932,2,2,1,1,,4,2,1,1,0,2,0,37,2,4,,,2,,5,3,0,1,1,1,0.704,1.372,42,2,,,,,,,,,2
522,932,2,1,1,3,5,4,1,0,1,1,2,0,99,3,1,,,2,,1,2,0,2,1,1,0.895,0.871,36,1,2,4,2,,2,,3,2,3
523,932,1,1,2,2,,5,5,2,3,,,,21,1,9,,1,2,,1,2,1,2,1,1,0.565,2.2,42,2,,,,,,,,,3
524,932,2,2,1,1,,5,2,1,1,0,2,1,33,3,6,,,2,,1,2,0,2,1,1,1.101,2.144,42,1,1,3,0,,,0,3,2,2
525,932,2,1,1,3,3,3,1,0,1,0,0,2,23,2,1,,,2,,1,1,0,2,2,1,0.787,0.74,42,2,,,,,,,,,2
526,932,2,1,1,1,,2,2,1,1,,,,30,2,3,,,2,,1,3,0,1,2,1,0.504,0.951,36,1,3,4,9,,,9,9,1,2
527,932,2,2,1,2,,4,2,1,1,0,1,1,33,2,2,,,2,,2,2,0,1,1,1,1.062,2.068,36,2,,,,,,,,,2
528,932,2,2,1,3,1,2,2,1,1,,,,66,1,1,,,2,,2,2,0,2,1,1,2.223,4.33,34,1,4,5,9,,,2,2,1,2
529,932,1,1,2,1,,2,2,2,0,,,,37,3,7,,,2,,1,2,1,1,1,1,0.353,0.686,36,1,4,5,2,,1,,2,2,3
530,932,2,2,1,1,,2,2,1,1,,,,64,5,7,,,2,,1,1,0,1,1,1,0.919,1.788,42,1,4,5,1,1,,,1,1,2
531,932,1,5,1,1,,4,2,1,1,1,1,0,46,4,7,,,2,,1,3,1,1,1,1,0.377,0.735,42,1,4,5,1,2,,,1,1,2
532,932,1,1,2,1,,3,3,1,2,,,,23,2,8,,,2,,1,8,0,2,1,1,1.13,4.401,36,2,,,,,,,,,2
533,932,2,1,2,2,,2,2,0,2,,,,21,3,5,,,2,,1,1,0,2,1,1,1.129,2.2,36,1,3,5,2,,2,,3,7,1
534,932,1,4,1,3,1,1,,0,1,,,,68,1,1,,,2,,1,2,0,2,1,1,1.518,2.957,42,2,,,,,,,,,2
535,932,1,2,1,1,,3,2,1,1,0,0,1,34,5,9,,2,1,1,,2,1,1,1,1,0.251,0.487,34,1,4,5,2,,1,,2,2,2
536,932,2,5,1,1,,3,1,0,1,2,0,0,41,5,4,,,2,,1,3,0,2,1,1,0.645,0.628,42,2,,,,,,,,,3
537,932,1,2,1,3,2,3,3,1,2,,,,44,2,7,,,2,,1,2,0,2,1,3,0.94,3.47,12,1,3,5,8,,,2,8,1,3
538,932,1,2,1,1,,2,2,1,1,,,,62,2,6,,,2,,1,2,0,1,1,1,1.329,2.589,36,1,4,5,2,,2,,2,1,2
539,932,2,2,1,3,5,3,3,2,1,,,,61,5,7,,,2,,1,2,0,1,1,1,0.919,3.578,36,1,4,5,2,,1,,2,9,2
540,932,2,1,1,1,,1,,1,0,,,,39,3,4,,,2,,1,2,0,1,1,3,0.711,0.656,12,2,,,,,,,,,2
541,932,1,2,1,1,,5,2,1,1,3,0,0,40,3,7,,,2,,1,1,0,1,1,1,0.704,1.372,34,2,,,,,,,,,3
542,932,1,2,1,1,,2,2,1,1,,,,99,4,98,8,,2,,1,8,0,1,1,3,0.873,1.612,45,1,3,5,8,,,8,8,1,3
543,932,1,5,1,1,,1,,0,1,,,,33,4,7,,,2,,1,2,2,2,1,1,0.38,0.74,34,1,4,5,2,,1,,2,1,2
544,932,1,1,1,1,,4,4,4,0,,,,30,3,3,,,1,2,,3,2,1,1,1,0.531,1.034,34,2,,,,,,,,,2
545,932,2,1,1,1,,2,2,1,1,,,,42,2,3,,,2,,2,3,0,2,1,1,1.365,2.658,34,2,,,,,,,,,2
546,932,1,1,2,2,,6,4,3,1,2,0,0,20,3,9,,1,2,,2,2,1,1,1,1,0.476,1.856,36,1,3,4,2,,1,,2,7,2
547,932,2,2,1,3,1,2,2,1,1,,,,70,2,6,,,2,,1,2,0,2,1,1,0.576,1.122,34,1,4,5,8,,,8,8,2,2
548,932,1,2,1,1,,3,2,1,1,0,0,1,35,5,9,,1,2,,1,1,1,1,1,1,0.243,0.474,34,1,3,5,1,2,,,3,1,3
549,932,1,2,1,1,,5,2,1,1,1,2,0,47,5,9,,2,2,,1,1,1,1,1,1,0.377,0.735,36,1,3,4,0,,,0,8,1,1
550,932,1,2,1,1,,5,2,1,1,0,3,0,31,2,8,,,2,,1,8,0,1,1,1,0.725,1.413,42,2,,,,,,,,,2
551,932,1,2,1,1,,4,2,1,1,2,0,0,36,2,6,,,2,,1,1,0,1,1,1,0.704,1.372,42,1,2,4,2,,2,,3,7,3
552,932,1,2,1,1,,4,4,2,2,,,,58,1,9,,1,2,,1,1,0,1,2,1,1.507,5.679,42,1,3,5,1,2,,,3,1,2
553,932,1,2,1,1,,2,2,1,1,,,,45,4,8,,,2,,1,3,0,1,1,1,0.755,1.47,34,1,4,5,2,,1,,3,7,2
554,932,1,1,2,3,1,3,3,2,1,,,,47,2,6,,,2,,1,1,0,1,1,1,1.092,4.254,42,1,4,5,1,1,,,1,1,1
555,932,2,1,1,1,,1,,0,1,,,,38,4,5,,,2,,1,3,0,2,1,1,0.645,1.254,42,1,2,5,2,,2,,3,2,2
556,932,2,1,2,3,4,2,2,0,2,,,,28,6,4,,,2,,2,2,0,2,1,1,1.612,3.139,34,2,,,,,,,,,2
557,932,2,2,1,1,,4,2,1,1,1,1,0,46,2,4,,,2,,1,3,0,2,1,1,0.735,1.431,42,1,4,5,9,,,9,9,1,2
558,932,1,1,1,1,,3,3,3,0,,,,27,3,7,,,2,,1,1,0,1,1,3,0.731,1.35,51,1,4,5,1,1,,,1,1,3
559,932,1,1,1,3,1,1,,0,1,,,,99,2,6,,,2,,1,2,0,2,1,1,0.895,1.744,42,1,4,5,2,,1,,2,2,3
560,932,1,4,1,1,,2,2,1,1,,,,50,2,6,,,2,,1,1,0,1,1,1,1.092,2.127,36,1,1,5,8,,,1,1,1,3
561,932,1,2,1,3,2,4,2,1,1,2,0,0,52,6,8,,,2,,1,2,0,2,1,1,0.735,1.431,42,1,4,5,2,,1,,2,1,3
562,932,1,4,1,3,1,2,2,0,2,,,,72,2,2,,,2,,1,2,0,2,1,1,0.576,1.122,36,1,4,3,2,,1,,2,2,3
563,932,1,2,1,3,2,4,2,1,1,0,0,2,32,4,9,,2,2,,1,1,0,2,1,3,0.767,1.416,12,1,3,5,2,,2,,2,2,3
564,932,1,2,1,1,,4,2,1,1,0,0,2,33,4,6,,,2,,1,2,0,1,1,3,0.505,0.932,12,1,3,5,2,,1,,2,2,2
565,932,2,4,1,3,1,1,,1,0,,,,81,1,1,,,2,,1,3,0,1,1,3,3.389,3.128,12,2,,,,,,,,,3
566,932,1,1,2,1,,6,6,3,3,,,,26,1,5,,,2,,1,1,1,1,1,3,0.963,3.557,24,1,1,2,1,1,,,1,1,3
567,932,1,3,1,1,,3,3,2,1,,,,40,4,6,,,2,,1,1,2,1,1,3,0.245,0.906,24,1,3,5,1,2,,,1,1,2
568,932,1,2,1,3,1,4,4,1,3,,,,67,4,6,,,2,,1,2,0,1,1,1,0.999,1.945,36,1,3,5,2,,2,,3,2,2
569,932,2,1,1,1,,1,,0,1,,,,30,4,5,,,2,,1,1,0,2,1,3,0.896,1.497,22,1,4,5,2,,2,,3,1,2
570,932,1,1,1,1,,1,,1,0,,,,42,4,8,,,2,,1,2,1,1,1,3,0.579,0.484,48,1,4,5,2,,1,,2,2,3
571,932,1,4,1,3,1,2,2,1,1,,,,64,2,3,,,2,,1,3,0,2,1,1,1.079,2.102,34,1,4,5,2,,1,,2,2,2
572,932,1,4,1,3,1,1,,0,1,,,,72,1,1,,,2,,1,3,0,2,2,3,1.611,3.528,47,2,,,,,,,,,2
573,932,1,2,8,3,8,3,3,2,1,,,,51,6,9,,2,2,,1,2,0,2,1,3,0.867,1.447,22,1,4,5,1,1,,,1,1,3
574,932,2,2,1,3,5,5,3,1,2,1,1,0,43,1,1,,,2,,2,2,0,1,1,3,3.203,5.351,22,2,,,,,,,,,2
575,932,1,2,1,1,,2,2,1,1,,,,59,5,9,,1,2,,1,3,0,1,1,3,1.082,1.809,5,1,3,5,1,2,,,1,1,1
576,932,1,2,1,1,,2,2,1,1,,,,49,2,4,,,2,,1,8,0,2,2,3,0.734,1.534,5,2,,,,,,,,,2
577,932,2,1,2,1,,3,3,1,2,,,,29,4,7,,,2,,2,2,1,2,1,3,0.656,2.193,48,1,2,5,2,,2,,2,1,3
578,932,1,1,1,1,,2,2,1,1,,,,22,3,6,,,2,,1,3,0,1,1,3,0.581,1.085,47,2,,,,,,,,,3
579,932,2,2,1,1,,6,3,1,2,1,1,1,36,3,7,,,2,,1,3,2,1,2,3,0.374,0.818,47,1,3,4,9,,,8,9,9,3
580,932,2,4,1,3,1,1,,0,1,,,,72,2,1,,,2,,1,3,0,2,1,3,0.679,1.135,48,2,,,,,,,,,2
581,932,1,5,8,2,,5,5,1,4,,,,30,2,98,1,,2,,1,3,1,2,1,3,0.649,2.168,48,2,,,,,,,,,3
582,932,1,2,1,1,,3,2,1,1,1,0,0,52,4,7,,,2,,1,2,1,1,2,3,0.377,0.788,40,1,1,4,2,,1,,2,7,2
583,932,2,2,1,3,2,4,2,1,1,0,0,2,27,2,2,,,2,,1,3,0,2,1,3,0.984,1.836,1,2,,,,,,,,,2
584,932,1,1,2,1,,2,2,0,2,,,,18,2,1,,,2,,1,3,1,2,1,3,0.505,0.942,47,2,,,,,,,,,2
585,932,1,4,1,3,1,9,,,,,,,66,2,2,,,2,,1,2,0,2,1,3,0.679,1.135,40,1,4,5,2,,1,,2,2,2
586,932,1,2,1,1,,4,2,1,1,2,0,0,41,4,8,,,2,,1,2,0,1,2,3,0.486,1.016,40,1,4,5,1,2,,,1,1,3
587,932,1,2,2,3,2,3,2,1,1,0,1,0,31,2,5,,,2,,1,2,0,2,1,3,1.297,2.168,40,1,3,5,2,,1,,2,2,2
588,932,2,2,1,1,,3,2,1,1,1,0,0,42,2,3,,,2,,1,8,0,2,1,3,1.099,1.836,48,2,,,,,,,,,2
589,932,1,2,1,1,,2,2,1,1,,,,29,4,8,,,2,,2,2,0,2,1,3,1.312,2.193,48,1,2,5,2,,1,,2,2,3
590,932,1,2,1,1,,2,2,1,1,,,,59,5,9,,1,2,,5,3,1,1,2,3,0.459,0.958,22,1,2,5,2,,2,,2,1,3
591,932,1,1,1,1,,4,2,1,1,2,0,0,19,3,99,9,,2,,1,2,1,1,2,3,0.324,0.678,5,1,4,5,2,,1,,2,2,2
592,932,2,2,1,1,,3,1,1,0,2,0,0,41,3,7,,,2,,1,3,0,1,1,3,0.83,0.693,40,1,3,5,2,,1,,2,1,3
593,932,1,2,1,3,1,2,2,1,1,,,,62,2,8,,,2,,1,3,0,1,2,3,1.411,3.089,47,1,3,5,1,1,,,3,1,1
594,932,1,1,1,3,1,1,,0,1,,,,78,4,1,,,2,,1,1,0,2,2,2,0.539,1.263,20,1,3,5,1,1,,,1,1,3
595,932,2,1,1,1,,1,,0,1,,,,99,6,3,,,2,,1,1,0,2,1,2,1.09,1.942,31,1,4,5,9,,,9,9,1,2
596,932,1,1,2,3,3,4,3,1,2,1,0,0,18,2,9,,2,2,,2,2,0,2,1,3,1.488,5.494,12,1,4,5,2,,1,,2,2,2
597,932,2,2,1,3,2,4,2,1,1,0,0,2,22,2,5,,,2,,1,3,0,2,1,3,1.332,2.225,48,2,,,,,,,,,3
598,932,2,3,1,1,,2,2,1,1,,,,35,2,5,,,2,,2,2,0,1,1,3,1.04,1.92,37,2,,,,,,,,,2
599,932,2,1,1,1,,1,,0,1,,,,35,4,6,,,2,,2,3,0,2,1,3,0.843,1.572,47,1,4,5,2,,1,,2,1,2
600,932,2,2,1,1,,3,2,1,1,0,1,0,38,3,5,,,2,,1,3,0,1,1,3,0.83,1.387,5,1,4,5,1,1,,,1,1,1
601,932,1,4,1,3,1,1,,0,1,,,,53,2,2,,,2,,1,2,0,2,2,3,0.734,1.534,22,1,3,5,2,,1,,2,1,2
602,932,2,5,1,1,,1,,1,0,,,,41,4,2,,,2,,1,2,0,1,1,3,0.579,0.484,48,1,3,5,2,,2,,3,2,2
603,932,2,4,1,3,1,1,,0,1,,,,99,1,1,,,2,,1,8,0,2,2,3,2.357,4.923,48,2,,,,,,,,,8
604,932,1,4,1,3,1,1,,0,1,,,,70,4,7,,,2,,1,1,0,2,1,3,0.469,0.785,48,1,4,5,1,1,,,1,1,1
605,932,1,1,1,1,,1,,1,0,,,,37,3,6,,,2,,1,2,0,1,1,2,0.858,0.763,31,1,3,5,2,,2,,2,0,2
606,932,1,2,1,3,2,4,2,1,1,1,1,0,35,2,5,,,2,,1,1,0,2,2,2,0.734,1.719,20,1,3,5,2,,2,,3,1,3
607,932,1,2,2,1,,4,2,1,1,1,1,0,30,3,2,,,1,1,,2,0,2,1,3,1.297,2.168,48,1,2,5,2,,1,,2,7,2
608,932,2,1,2,1,,3,2,0,2,1,0,0,18,1,1,,,2,,1,8,0,2,2,2,0.89,2.083,19,2,,,,,,,,,2
609,932,1,2,1,1,,7,4,2,2,0,1,2,42,2,8,,,1,1,,2,0,1,1,2,0.698,2.598,17,2,,,,,,,,,1
610,932,1,2,1,3,1,3,2,1,1,1,0,0,69,3,4,,,2,,1,1,0,1,2,2,1.139,2.665,20,1,4,5,2,,2,,3,1,2
611,932,1,2,1,1,,3,2,1,1,0,0,1,37,2,6,,,2,,1,1,0,1,1,3,0.83,1.387,48,1,2,5,1,2,,,1,1,1
612,932,1,2,1,1,,2,2,1,1,,,,34,5,7,,,2,,1,3,0,2,1,4,1.474,2.758,53,1,3,5,2,,2,,3,2,2
613,932,1,2,1,1,,3,3,2,1,,,,39,2,9,,2,2,,1,1,1,2,2,2,0.367,0.859,27,1,2,5,1,2,,,3,2,2
614,932,2,1,1,2,,1,,1,0,,,,22,4,1,,,2,,1,2,0,1,1,2,0.793,0.706,27,2,,,,,,,,,3
615,932,2,1,1,3,4,2,1,0,1,0,0,1,24,2,1,,,2,,2,3,0,2,1,4,3.204,2.998,6,2,,,,,,,,,3
616,932,1,5,1,1,,2,2,1,1,,,,46,5,4,,,2,,1,2,0,2,2,2,0.4,0.936,29,1,4,5,2,,1,,2,2,2
617,932,2,1,2,2,,3,2,1,1,0,0,1,22,3,1,,,2,,2,2,0,1,1,3,0.851,1.589,1,1,3,4,2,,1,,2,7,2
618,932,1,2,1,1,,5,2,1,1,2,1,0,42,6,7,,,2,,1,2,0,1,2,2,0.418,0.852,55,1,3,5,0,,,2,3,1,2
619,932,1,5,1,1,,2,2,1,1,,,,30,3,7,,,2,,1,3,0,1,1,2,0.883,1.573,20,1,2,5,2,,2,,3,1,3
620,932,1,2,1,1,,3,3,2,1,,,,57,2,4,,,2,,1,2,0,2,2,2,0.85,1.991,29,1,4,5,2,,1,,2,2,2
621,932,1,1,1,1,,3,2,1,1,0,0,1,30,3,7,,,2,,1,3,0,1,2,2,0.431,0.877,55,1,3,5,8,,,0,8,1,3
622,932,1,2,1,1,,2,2,1,1,,,,45,4,8,,,2,,1,2,0,2,2,2,0.4,0.936,19,1,4,5,2,,1,,2,2,2
623,932,1,2,1,1,,5,2,1,1,0,3,0,35,2,4,,,2,,1,2,0,1,2,4,0.425,1.152,53,2,,,,,,,,,3
624,932,1,5,1,1,,2,2,1,1,,,,49,3,9,,1,2,,1,1,0,2,1,3,0.656,1.226,1,1,3,5,1,2,,,3,1,2
625,932,1,5,1,1,,2,1,0,1,1,0,0,48,4,8,,,2,,1,3,0,2,1,4,0.984,0.921,6,1,3,5,1,2,,,1,1,2
626,932,1,2,1,1,,4,2,1,1,0,0,2,29,4,99,9,,2,,1,1,0,2,1,2,0.927,1.65,20,2,,,,,,,,,3
627,932,1,2,1,3,2,3,2,1,1,0,0,1,38,3,8,,,2,,1,3,0,2,1,2,0.924,1.72,55,1,4,5,1,2,,,1,1,3
628,932,2,2,1,1,,5,2,1,1,0,1,2,34,1,7,,,2,,1,3,0,1,1,4,3.16,5.912,53,2,,,,,,,,,3
629,932,1,2,1,3,1,2,2,1,1,,,,69,3,7,,,2,,1,3,0,1,1,2,1.432,2.666,55,1,4,5,2,,1,,2,2,2
630,932,2,1,1,1,,3,2,1,1,1,0,0,19,1,3,,,1,1,,3,0,1,1,4,1.261,2.359,6,1,2,5,2,,2,,2,7,3
631,932,2,3,1,1,,6,2,1,1,1,1,2,37,3,6,,,2,,1,1,0,1,2,4,0.425,1.152,6,1,3,5,1,2,,,3,1,3
632,932,1,2,1,1,,4,2,1,1,0,0,2,30,4,9,,1,2,,1,3,0,1,1,4,0.971,1.816,6,1,3,4,2,,1,,8,7,2
633,932,1,2,1,3,1,2,2,1,1,,,,76,2,2,,,2,,1,1,0,2,2,4,0.599,1.621,6,2,,,,,,,,,3
634,932,1,2,1,1,,2,2,1,1,,,,68,5,9,,1,1,1,,1,1,1,1,4,0.968,1.81,6,1,3,5,1,1,,,1,1,3
635,932,2,4,1,3,1,1,,0,1,,,,84,2,1,,,2,,2,2,0,2,1,4,2.811,5.26,6,2,,,,,,,,,3
636,932,1,2,1,1,,2,2,1,1,,,,27,4,8,,,2,,1,1,0,2,1,4,1.474,2.758,6,1,2,5,1,1,,,1,1,1
637,932,2,2,1,1,,2,2,2,0,,,,38,4,9,,2,2,,1,3,0,1,1,4,0.943,1.764,6,1,4,5,2,,1,,2,2,2
638,932,2,2,1,1,,4,2,1,1,0,1,1,35,4,6,,,2,,5,8,0,2,1,4,1.248,2.335,6,2,,,,,,,,,2
639,932,1,2,1,3,2,5,2,1,1,0,1,2,26,1,4,,,2,,1,3,0,2,2,4,2.036,4.306,8,2,,,,,,,,,3
640,932,1,1,1,3,5,4,4,2,2,,,,31,2,8,,,2,,1,3,0,1,1,4,1.406,5.258,6,1,2,5,2,,8,,3,7,1
641,932,1,1,2,1,,4,3,2,1,1,0,0,19,2,1,,,2,,1,3,0,1,1,4,1.261,4.718,53,2,,,,,,,,,2
642,932,1,2,1,1,,3,2,1,1,0,0,1,35,5,99,1,,2,,1,1,0,1,1,4,0.349,0.723,35,1,3,5,1,1,,,1,1,3
643,932,1,2,1,1,,2,2,1,1,,,,43,2,8,,,2,,1,2,0,2,1,4,1.806,3.379,6,1,3,4,2,,1,,2,1,2
644,932,1,1,1,3,4,2,2,2,0,,,,25,3,1,,,2,,1,1,0,1,1,4,1.406,2.628,6,1,3,5,1,2,,,3,1,2
645,932,1,2,1,1,,3,2,1,1,0,1,0,36,5,9,,1,2,,1,3,0,2,1,4,1.248,2.335,6,1,3,5,2,,1,,3,1,1
646,932,1,1,2,1,,3,3,2,1,,,,31,2,98,8,,2,,1,3,0,1,2,4,0.439,2.372,41,2,,,,,,,,,2
647,932,1,5,1,1,,3,3,2,1,,,,45,4,5,,,2,,1,3,0,2,2,4,0.356,0.753,16,1,3,5,1,1,,,1,1,2
648,932,2,2,1,1,,4,2,1,1,0,0,2,32,3,6,,,2,,1,2,0,1,1,4,1.406,2.628,6,1,3,5,2,,1,,2,2,2
649,932,1,4,1,3,1,1,,0,1,,,,76,1,2,,,2,,1,2,0,2,2,4,1.579,4.272,6,1,4,5,2,,1,,2,2,2
650,932,2,5,1,1,,2,1,0,1,1,0,0,41,4,9,,2,2,,1,2,0,2,1,4,1.248,1.167,6,1,3,5,2,,2,,2,2,2
651,932,1,2,1,3,1,2,2,1,1,,,,66,3,3,,,2,,1,2,0,1,2,4,0.874,2.364,6,1,3,4,2,,2,,3,1,3
652,932,1,2,1,1,,2,2,1,1,,,,56,3,98,8,,2,,1,3,0,1,1,4,2.576,4.819,53,1,4,4,1,2,,,1,1,3
653,932,1,2,1,1,,2,2,1,1,,,,28,5,9,,1,2,,1,1,0,2,1,4,1.474,2.758,6,1,3,4,0,,,8,3,1,2
654,932,1,2,1,1,,3,2,1,1,0,0,1,40,4,9,,1,2,,1,1,0,1,1,4,0.943,1.764,6,1,1,5,1,2,,,1,1,1
655,932,2,1,2,3,3,5,3,2,1,1,1,0,18,1,1,,,1,9,,8,0,1,1,4,1.441,5.39,6,2,,,,,,,,,2
656,932,1,5,1,1,,1,,1,0,,,,58,2,5,,,2,,1,3,0,1,2,4,0.934,0.987,16,1,1,5,1,2,,,3,1,3
657,932,2,1,1,1,,1,,0,1,,,,24,5,6,,,2,,1,3,0,2,1,4,0.81,1.677,8,2,,,,,,,,,3
658,932,2,2,1,1,,2,2,1,1,,,,37,3,5,,,2,,1,3,0,1,1,4,1.364,2.553,6,2,,,,,,,,,2
659,932,1,2,1,1,,2,2,1,1,,,,28,3,9,,8,2,,1,1,1,1,1,4,0.702,1.314,6,1,4,5,1,1,,,1,1,1
660,932,1,2,1,3,1,2,2,1,1,,,,62,4,8,,,2,,1,3,0,2,2,4,0.451,1.221,6,1,4,5,2,,8,,2,1,2
661,932,2,1,1,3,4,4,1,0,1,0,1,2,23,1,1,,,1,1,,1,0,2,1,4,2.189,2.048,53,2,,,,,,,,,8
662,932,1,2,1,3,2,6,2,1,1,0,2,2,31,3,6,,,2,,1,1,0,2,1,4,0.789,1.634,4,1,3,5,0,,,2,2,1,2
663,932,1,5,1,1,,3,2,1,1,1,0,0,37,2,3,,,2,,1,2,0,2,1,4,1.806,3.379,41,1,3,5,2,,2,,2,2,2
664,932,1,4,1,3,1,1,,0,1,,,,77,3,98,1,,2,,1,2,0,2,1,4,0.71,1.471,4,1,4,5,2,,1,,2,2,2
665,932,1,2,1,1,,3,2,1,1,0,0,1,34,2,8,,,2,,5,3,0,1,2,4,0.509,1.076,4,1,3,4,2,,1,,2,7,3
666,932,2,5,1,3,3,3,1,0,1,1,0,1,43,3,1,,,2,,1,1,0,2,1,4,0.668,0.692,49,1,3,5,2,,2,,2,1,2
667,932,1,1,2,3,3,2,2,2,0,,,,22,3,4,,,2,,5,1,1,1,1,4,0.63,1.179,6,2,,,,,,,,,2
668,932,1,2,1,1,,3,2,1,1,0,0,1,24,2,2,,,1,1,,2,0,2,1,4,0.81,1.677,8,1,2,5,2,,1,,2,7,3
669,932,1,4,1,3,1,1,,0,1,,,,74,3,3,,,2,,1,2,0,2,2,4,0.405,0.855,4,1,4,5,2,,1,,2,2,2
670,932,1,2,1,1,,2,2,1,1,,,,57,2,7,,,2,,1,1,0,1,2,4,0.803,2.174,6,1,3,5,2,,1,,3,1,3
671,932,1,1,1,9,,3,3,2,1,,,,25,5,9,,9,2,,1,1,0,1,1,4,0.971,3.633,6,1,4,5,1,1,,,1,1,1
672,932,1,1,2,1,,4,3,2,1,1,0,0,22,3,7,,,2,,1,3,1,2,1,2,0.688,1.225,29,1,4,5,8,,,1,3,1,3
673,932,1,2,1,2,,4,2,1,1,0,1,1,35,2,6,,,2,,1,2,0,2,1,4,0.668,1.384,8,1,3,5,9,,,2,2,8,2
674,932,1,2,1,1,,3,2,1,1,0,0,1,28,2,6,,,1,9,,0,0,1,2,4,0.581,1.23,35,2,,,,,,,,,2
675,932,1,2,1,1,,2,2,1,1,,,,30,4,9,,2,2,,1,1,0,2,1,4,1.474,2.758,6,1,3,5,2,,2,,3,1,2
676,932,1,2,1,2,,2,2,1,1,,,,71,4,6,,,2,,1,1,0,1,2,4,0.701,1.483,30,1,2,5,1,1,,,1,1,3
677,932,1,2,1,3,2,2,2,1,1,,,,69,3,4,,,2,,1,2,0,2,2,4,0.405,0.855,4,2,,,,,,,,,2
678,932,2,5,1,2,,1,,0,1,,,,50,3,1,,,2,,1,3,0,2,1,4,1.424,2.664,53,2,,,,,,,,,2
679,932,1,2,1,3,2,5,2,1,1,0,0,3,28,4,4,,,2,,1,1,0,2,2,2,0.599,1.402,31,2,,,,,,,,,2
680,932,1,2,1,1,,2,2,1,1,,,,75,1,5,,,2,,1,2,0,1,1,4,3.289,6.154,6,1,4,5,2,,1,,2,2,2
681,932,1,2,1,1,,3,2,1,1,1,0,0,33,4,7,,,2,,1,1,0,2,2,4,0.46,1.245,6,2,,,,,,,,,2
682,932,1,2,1,1,,5,2,1,1,1,2,0,35,3,6,,,2,,2,0,1,1,1,3,0.52,0.959,13,2,,,,,,,,,2
683,932,1,3,1,3,2,3,1,0,1,0,0,2,35,3,9,,2,2,,1,1,0,2,1,3,0.94,0.868,24,1,3,5,8,,,8,8,1,3
684,932,2,2,1,1,,2,2,1,1,,,,47,2,5,,,2,,1,1,0,2,2,3,0.648,1.183,37,1,3,5,1,1,,,1,1,2
685,932,1,5,1,1,,3,1,0,1,0,0,2,27,1,5,,,2,,1,2,1,2,1,3,1.462,1.35,12,1,1,3,2,,2,,3,7,2
686,932,2,2,1,2,,4,2,1,1,0,2,0,35,2,98,8,,2,,1,2,0,2,1,3,0.94,1.736,12,1,2,4,2,,8,,3,1,2
687,932,2,1,1,1,,2,2,1,1,,,,21,2,6,,,1,1,,3,0,2,1,3,1.139,2.103,24,2,,,,,,,,,2
688,932,1,2,1,3,2,2,2,1,1,,,,35,4,9,,2,2,,1,1,0,2,1,3,0.649,1.199,12,1,3,3,0,,,0,3,1,2
689,932,1,2,1,1,,2,2,1,1,,,,26,2,5,,,2,,1,1,1,2,1,3,0.554,1.025,13,2,,,,,,,,,2
690,932,1,5,1,3,5,2,1,0,1,0,1,0,37,3,1,,,1,1,,3,0,2,1,3,0.94,0.868,12,2,,,,,,,,,3
691,932,1,2,1,3,1,2,2,1,1,,,,69,2,3,,,2,,1,3,0,1,1,3,1.457,2.69,12,1,4,5,2,,1,,2,1,2
692,932,1,2,1,3,2,4,2,1,1,0,2,0,39,2,5,,,2,,1,3,0,2,2,3,0.821,1.501,37,2,,,,,,,,,3
693,932,1,5,2,1,,5,2,1,1,0,2,1,42,5,9,,1,2,,1,1,2,1,1,3,0.262,0.484,51,1,4,5,1,2,,,1,1,1
694,932,1,2,1,1,,4,2,1,1,0,2,0,41,4,8,,,2,,1,1,0,1,1,3,0.491,0.906,37,1,4,5,0,,,1,3,1,3
695,932,2,2,1,1,,4,2,1,1,0,1,1,27,1,3,,,2,,1,3,0,1,2,3,2.027,4.44,21,2,,,,,,,,,2
696,932,2,2,1,1,,3,2,1,1,1,0,0,44,2,7,,,2,,1,3,0,1,2,3,0.62,1.134,51,1,4,5,0,,,0,0,1,2
697,932,1,2,1,1,,4,2,1,1,0,0,2,37,4,8,,,2,,1,3,0,2,1,3,0.649,1.199,51,1,4,5,2,,1,,2,2,2
698,932,1,5,1,1,,4,2,1,1,1,1,0,43,4,8,,,2,,1,1,1,2,1,3,0.324,0.599,51,1,3,5,1,2,,,1,1,2
699,932,1,2,1,1,,4,2,1,1,1,1,0,43,3,9,,2,2,,1,1,0,1,1,3,0.711,1.311,12,1,4,4,1,2,,,1,1,3
701,932,1,2,1,1,,5,4,2,2,0,1,0,46,2,7,,,2,,1,2,0,1,1,3,1.101,4.066,24,2,,,,,,,,,2
702,932,2,2,1,3,4,2,2,1,1,,,,27,3,3,,,2,,1,2,0,2,1,2,1.091,2.031,18,2,,,,,,,,,2
703,932,2,2,1,1,,2,2,1,1,,,,67,3,99,1,,2,,1,2,0,2,1,3,0.581,1.073,51,1,3,5,2,,1,,2,1,3
704,932,1,2,1,3,2,4,2,1,1,0,2,0,36,2,6,,,2,,1,1,0,2,1,3,0.94,1.736,13,1,2,3,1,8,,,1,1,3
705,932,1,2,2,1,,3,2,1,1,0,0,1,26,2,6,,,2,,1,1,0,2,1,3,1.11,2.049,37,1,4,5,2,,2,,2,1,3
706,932,1,2,1,1,,3,2,1,1,0,1,0,39,4,8,,,2,,1,3,1,1,1,3,0.259,0.484,47,1,3,3,1,2,,,1,7,3
707,932,1,2,1,2,,4,2,1,1,2,0,0,41,2,8,,,2,,1,2,0,2,2,3,0.821,1.501,54,1,3,5,8,,,2,2,7,3
708,932,1,2,1,1,,4,2,1,1,0,2,0,30,3,6,,,2,,5,1,0,2,1,3,1.11,2.049,37,2,,,,,,,,,2
709,932,1,2,1,1,,3,2,1,1,0,0,1,28,3,8,,,2,,1,1,0,1,1,3,0.731,1.35,37,1,3,5,1,1,,,3,1,3
710,932,1,4,1,3,1,1,,1,0,,,,65,2,2,,,2,,1,1,0,1,1,1,1.446,1.408,36,1,2,5,1,2,,,1,1,3
711,932,1,4,1,3,1,3,2,1,1,1,0,0,74,1,1,,,2,,1,1,0,2,2,3,1.338,2.443,54,1,2,4,2,,2,,3,7,2
712,932,1,2,1,3,4,3,2,1,1,0,0,1,33,4,6,,,2,,1,2,0,2,1,3,0.767,1.416,12,1,3,5,2,,1,,2,2,2
713,932,1,1,2,3,3,4,4,3,1,,,,21,3,9,,1,2,,1,3,0,1,1,1,0.65,2.535,42,1,3,5,2,,1,,3,7,2
714,932,1,5,1,1,,1,,1,0,,,,49,3,5,,,2,,1,3,0,1,1,3,1.101,1.017,12,2,,,,,,,,,2
715,932,1,2,2,1,,3,2,1,1,0,1,0,99,3,99,9,,2,,5,2,1,2,1,1,0.448,0.871,36,1,3,5,2,,1,,2,7,2
716,932,1,1,2,1,,3,3,1,2,,,,31,6,99,9,,2,,1,1,2,2,1,1,0.55,2.144,36,1,3,5,0,,,1,3,1,2
717,932,1,1,2,1,,4,3,2,1,1,0,0,19,3,1,,,2,,1,3,1,1,1,1,0.252,0.979,25,1,3,5,8,,,2,2,1,3
718,932,1,2,1,1,,4,2,1,1,2,0,0,41,1,4,,,2,,1,3,0,2,1,3,2.194,4.097,47,1,4,5,2,,1,,2,7,2
719,932,2,1,1,1,,4,3,1,2,1,0,0,23,4,7,,,2,,1,1,1,1,1,1,0.325,0.634,42,1,3,5,1,1,,,3,1,3
720,932,1,2,1,3,2,5,5,4,1,,,,54,3,99,9,,2,,1,2,0,2,1,1,0.735,1.431,42,1,3,5,8,,,2,2,2,2
721,932,2,4,1,3,1,1,,0,1,,,,77,2,1,,,2,,1,3,0,2,1,1,0.991,1.931,36,1,4,5,9,,,9,9,9,3
722,932,2,3,1,1,,3,1,0,1,0,1,1,32,3,99,1,,2,,1,1,0,2,1,1,1.101,1.071,42,1,3,5,8,,,2,3,2,3
723,932,1,2,1,1,,2,2,1,1,,,,30,4,9,,2,2,,1,3,0,1,1,1,0.502,0.976,36,1,3,5,2,,1,,3,2,2
724,932,1,4,1,3,1,1,,0,1,,,,60,4,99,1,,2,,1,2,0,2,1,1,0.746,1.453,42,1,4,5,2,,1,,2,2,2
725,932,2,4,1,1,,4,4,2,2,,,,73,1,2,,,2,,2,2,0,2,1,3,1.53,5.651,45,1,4,5,2,,1,,2,2,3
726,932,1,2,1,1,,2,2,1,1,,,,45,2,7,,,2,,1,2,0,1,1,1,1.092,2.127,42,1,3,5,2,,2,,2,2,3
727,932,1,3,1,1,,2,2,1,1,,,,48,5,6,,,2,,1,1,0,2,1,1,0.508,0.989,42,1,4,5,1,1,,,1,1,1
728,932,2,4,1,3,1,1,,0,1,,,,79,1,1,,,2,,1,1,0,2,1,1,2.612,5.086,42,1,4,5,1,1,,,1,1,3
729,932,1,2,1,3,1,2,2,1,1,,,,82,2,3,,,2,,1,1,0,1,2,1,0.887,1.672,42,1,2,4,1,2,,,1,1,3
730,932,1,2,1,3,1,4,3,1,2,1,0,0,44,1,6,,,2,,1,2,0,1,2,3,1.636,2.988,37,1,4,5,2,,2,,2,2,2
731,932,2,2,1,3,1,2,2,1,1,,,,62,4,8,,,2,,2,2,0,1,1,1,1.345,2.619,34,2,,,,,,,,,2
732,932,1,5,1,2,,3,2,0,2,1,0,0,42,5,5,,,2,,1,2,0,2,1,1,0.645,1.254,36,1,4,5,2,,1,,2,2,2
733,932,1,4,1,3,1,1,,0,1,,,,66,2,5,,,2,,1,2,0,2,1,3,0.581,1.073,45,1,3,5,2,,1,,3,1,2
735,932,2,1,1,3,4,1,,1,0,,,,41,2,1,,,2,,1,2,0,1,1,2,0.698,0.65,55,1,1,4,2,,1,,2,2,2
736,932,1,5,1,1,,2,2,1,1,,,,32,1,4,,,2,,1,3,0,1,2,1,1.329,2.504,42,2,,,,,,,,,2
737,932,1,2,1,1,,3,3,2,1,,,,57,2,6,,,2,,1,2,0,1,1,2,1.55,5.521,20,1,3,5,2,,1,,3,1,3
738,932,1,2,1,1,,4,2,1,1,0,0,2,32,5,8,,,2,,1,1,0,2,2,1,0.529,0.997,36,1,4,5,8,,,8,0,1,3
739,932,1,2,1,1,,2,2,1,1,,,,60,2,5,,,2,,1,2,0,2,1,2,1.315,2.342,27,1,4,5,2,,1,,2,2,2
740,932,1,1,2,3,3,3,3,1,2,,,,24,4,99,1,,2,,1,3,0,2,2,2,0.671,2.733,55,1,3,5,2,,1,,8,1,3
741,932,2,2,1,1,,4,2,1,1,0,0,2,28,2,2,,,2,,1,1,0,1,1,3,0.731,1.35,37,2,,,,,,,,,1
742,932,2,2,1,2,,2,2,1,1,,,,29,4,6,,,2,,9,2,0,2,1,1,0.673,1.308,25,2,,,,,,,,,2
743,932,2,1,1,1,,2,2,2,0,,,,27,4,3,,,2,,1,3,0,1,2,2,0.297,0.606,55,1,4,5,2,,2,,3,0,2
744,932,1,2,1,1,,6,2,1,1,1,3,0,33,1,5,,,2,,1,3,0,2,1,2,3.092,5.505,29,1,2,4,1,1,,,1,7,2
745,932,1,2,1,3,2,5,3,1,2,1,0,1,36,2,4,,,2,,1,3,0,2,1,1,0.722,2.805,25,1,4,5,1,1,,,8,1,3
746,932,2,1,2,1,,5,5,2,3,,,,25,3,8,,,1,2,,2,1,1,1,1,0.41,1.598,25,1,3,5,2,,1,,2,2,3
747,932,1,2,1,3,1,3,3,1,2,,,,72,4,4,,,2,,5,2,0,1,2,1,0.694,1.309,36,1,3,5,8,,,2,2,2,2
748,932,1,2,1,1,,4,3,1,2,1,0,0,38,2,7,,,2,,1,2,1,2,1,1,0.36,1.403,9,1,4,5,2,,1,,3,1,2
749,932,1,2,2,1,,2,2,1,1,,,,30,5,5,,,2,,1,3,0,1,1,1,0.388,0.754,33,2,,,,,,,,,3
750,932,1,2,1,3,2,4,2,1,1,1,0,1,40,2,9,,1,2,,1,1,0,2,1,2,1.136,2.022,20,2,,,,,,,,,3
751,932,2,2,1,1,,4,2,1,1,0,0,2,28,2,4,,,2,,1,1,0,1,1,1,0.561,1.091,23,1,4,5,1,1,,,3,1,3
752,932,1,2,1,1,,4,2,1,1,1,1,0,35,3,8,,,2,,1,3,0,2,1,1,0.722,1.403,33,2,,,,,,,,,1
753,932,1,4,1,3,1,2,2,1,1,,,,58,3,2,,,2,,1,3,0,2,1,1,1.079,2.102,36,1,3,5,2,,1,,2,1,2
754,932,1,2,1,1,,3,2,1,1,0,0,1,32,2,7,,,2,,1,3,0,1,2,1,0.505,1.002,33,1,3,5,1,2,,,1,1,3
755,932,1,2,1,3,1,2,2,1,1,,,,56,3,4,,,2,,1,3,0,2,1,1,0.836,1.624,9,1,3,5,2,,1,,0,1,3
756,932,1,2,1,1,,4,2,1,1,1,1,0,39,5,7,,,2,,1,2,0,2,1,1,0.499,0.969,44,2,,,,,,,,,1
757,932,1,1,2,1,,3,3,2,1,,,,43,4,2,,,2,,1,2,0,1,1,1,0.376,1.464,23,1,3,5,2,,2,,2,1,2
758,932,2,5,1,1,,1,,1,0,,,,41,4,5,,,2,,1,2,0,1,1,1,0.488,0.474,23,2,,,,,,,,,2
759,932,1,2,1,3,1,2,2,1,1,,,,68,3,6,,,2,,1,8,0,1,1,2,1.432,2.666,55,1,4,5,8,,,1,1,1,3
760,932,1,2,1,1,,4,2,1,1,1,1,0,42,4,8,,,2,,1,1,0,1,2,1,0.339,0.672,23,1,3,5,1,2,,,1,1,1
761,932,2,1,1,1,,1,,0,1,,,,23,4,5,,,2,,2,2,0,2,1,1,1.654,3.221,36,1,3,5,2,,1,,2,7,3
762,932,1,2,1,1,,2,2,1,1,,,,54,2,8,,,2,,1,2,0,2,2,3,0.648,1.183,12,1,2,5,2,,2,,3,1,2
763,932,2,1,1,1,,1,,0,1,,,,30,4,5,,,2,,1,2,0,2,1,1,0.761,1.482,36,1,3,5,2,,1,,2,2,2
764,932,2,1,1,3,3,2,2,0,2,,,,22,3,2,,,2,,2,3,0,2,1,1,1.654,3.221,36,2,,,,,,,,,3
765,932,2,1,1,3,3,2,2,0,2,,,,26,5,99,2,,2,,5,3,1,2,1,1,0.38,0.74,36,2,,,,,,,,,2
766,932,1,1,1,3,1,2,2,0,2,,,,66,2,5,,,2,,1,1,0,2,1,1,0.576,1.122,36,1,3,5,1,1,,,1,1,8
767,932,2,2,1,1,,2,2,1,1,,,,43,1,9,,2,2,,1,3,0,1,1,1,1.436,2.792,9,2,,,,,,,,,2
768,932,2,1,1,1,,2,2,1,1,,,,26,4,6,,,2,,2,2,0,1,1,1,0.734,1.429,36,1,3,5,2,,1,,3,2,2
769,932,2,1,1,2,,2,2,2,0,,,,24,4,2,,,2,,1,1,0,1,1,2,0.793,1.411,19,2,,,,,,,,,3
770,932,2,2,1,3,4,7,3,0,3,4,0,0,42,4,2,,,2,,1,3,0,2,1,1,0.645,1.254,36,1,3,5,8,,,1,1,1,1
771,932,2,5,1,3,1,1,,0,1,,,,68,2,1,,,2,,1,3,0,2,1,1,0.446,0.866,25,1,1,5,1,1,,,1,1,3
772,932,2,2,1,3,1,1,,1,0,,,,64,4,3,,,2,,1,3,0,1,1,1,0.711,0.691,25,1,4,5,1,1,,,1,2,1
773,932,2,1,1,1,,1,,1,0,,,,23,3,4,,,2,,1,3,0,1,2,2,0.468,0.476,55,2,,,,,,,,,3
774,932,1,1,2,3,3,4,4,1,3,,,,21,3,99,1,,2,,2,2,2,2,1,1,0.828,3.221,42,1,3,4,2,,1,,2,7,2
775,932,1,2,1,2,,2,2,0,2,,,,45,1,4,,,1,1,,2,0,2,1,1,1.936,3.771,36,1,2,5,2,,2,,2,2,3
776,932,2,1,1,1,,1,,1,0,,,,57,5,98,1,,2,,1,3,0,1,1,1,0.919,0.895,36,1,4,5,1,2,,,1,1,1
777,932,1,2,1,1,,5,2,1,1,0,1,2,39,4,7,,,2,,1,3,0,1,2,2,0.289,0.588,18,1,4,5,2,,1,,2,1,3
778,932,2,2,1,2,,3,3,2,1,,,,63,1,99,9,,2,,2,2,0,1,1,1,1.473,5.739,36,1,4,5,2,,1,,2,2,2
779,932,1,2,1,1,,4,2,1,1,2,0,0,37,2,6,,,2,,1,3,0,1,1,2,0.698,1.299,18,2,,,,,,,,,1
780,932,1,2,1,1,,3,2,1,1,0,1,0,38,2,8,,,2,,1,2,0,1,1,2,0.698,1.299,26,1,3,5,2,,1,,2,2,3
781,932,1,4,1,3,1,2,2,0,2,,,,77,1,2,,,2,,1,2,0,2,1,1,2.612,5.086,42,2,,,,,,,,,2
782,932,1,2,1,2,,4,2,1,1,0,1,1,35,2,99,1,,2,,1,1,0,2,1,2,0.924,1.72,18,1,3,5,1,1,,,1,1,3
783,932,1,2,1,2,,2,2,1,1,,,,85,2,9,,1,2,,1,1,0,1,1,1,1.275,2.484,36,2,,,,,,,,,1
784,932,1,4,1,3,1,1,,0,1,,,,70,2,1,,,2,,1,1,0,2,2,2,0.342,0.697,26,1,3,5,9,,,9,9,9,2
785,932,2,2,1,2,,2,2,1,1,,,,24,2,4,,,2,,1,3,0,1,1,2,0.644,1.2,26,1,2,3,2,,2,,8,7,2
786,932,2,1,1,3,2,1,,0,1,,,,29,2,4,,,2,,2,2,0,2,1,2,1.597,2.973,26,1,3,5,2,,1,,2,7,2
787,932,1,1,2,1,,3,3,1,2,,,,20,3,5,,,2,,1,1,0,2,2,2,0.671,2.733,26,1,2,4,1,2,,,3,7,3
788,932,2,2,1,3,2,5,2,1,1,0,1,2,28,2,5,,,2,,1,3,0,2,1,2,1.091,2.031,26,1,2,5,2,,2,,2,7,3
789,932,1,5,1,1,,1,,0,1,,,,58,2,3,,,2,,1,1,0,2,2,2,0.641,1.306,39,1,3,5,1,2,,,1,1,3
790,932,1,2,1,1,,4,2,1,1,1,1,0,42,4,9,,2,2,,1,1,0,1,1,2,0.483,0.898,39,1,2,4,1,1,,,1,1,3
791,932,1,2,1,1,,6,2,1,1,0,4,0,37,2,9,,2,2,,1,3,1,1,1,3,0.355,0.656,51,1,4,5,7,,,1,3,1,3
792,932,1,2,1,3,1,2,2,1,1,,,,70,2,4,,,2,,1,2,0,2,1,2,0.571,1.063,39,1,3,5,2,,2,,2,1,2
793,932,1,1,2,3,3,3,3,1,2,,,,20,3,7,,,2,,1,3,0,2,2,3,0.995,3.637,37,1,3,5,2,,2,,2,1,1
794,932,2,2,1,1,,5,2,1,1,0,0,3,34,2,8,,,2,,1,1,0,1,1,3,0.731,1.35,24,1,3,5,2,,1,,2,1,3
795,932,1,2,1,1,,2,2,1,1,,,,54,2,99,2,,2,,1,2,0,1,1,2,1.082,2.015,18,1,1,5,1,2,,,8,1,2
796,932,2,1,1,3,5,1,,1,0,,,,40,3,1,,,2,,1,1,0,1,2,2,0.465,0.473,39,1,4,5,1,1,,,1,1,3
797,932,1,1,1,1,,3,3,2,1,,,,27,3,8,,,2,,1,1,0,1,1,3,0.731,2.7,13,1,3,5,1,1,,,1,1,1
798,932,1,2,1,3,1,2,2,1,1,,,,78,6,5,,,2,,1,1,0,2,2,2,0.589,1.199,39,1,3,5,0,,,1,1,1,2
799,932,1,2,1,1,,3,2,1,1,1,0,0,48,4,8,,,2,,1,3,0,1,1,3,0.761,1.405,45,1,4,4,1,1,,,1,1,3
800,932,1,2,1,3,1,2,2,1,1,,,,59,4,5,,,2,,1,1,0,1,1,2,0.91,1.694,26,1,4,5,2,,2,,2,1,3
801,932,1,1,2,1,,3,3,1,2,,,,24,4,8,,,2,,1,2,0,2,1,3,1.139,4.206,37,2,,,,,,,,,2
802,932,1,2,1,1,,3,2,1,1,0,0,1,31,2,8,,,2,,1,3,0,1,1,3,0.731,1.35,10,2,,,,,,,,,3
803,932,1,2,1,1,,2,2,1,1,,,,31,4,8,,,2,,1,1,0,1,1,3,0.505,0.932,24,1,3,5,1,2,,,1,1,3
804,932,2,1,1,2,,1,,0,1,,,,21,3,1,,,2,,1,2,0,2,1,2,1.119,2.084,17,2,,,,,,,,,2
805,932,1,2,1,1,,2,2,1,1,,,,44,2,3,,,2,,1,1,0,1,1,3,0.711,1.311,13,1,3,5,2,,1,,2,1,3
806,932,2,2,1,3,3,2,2,1,1,,,,22,3,4,,,2,,1,3,0,2,1,3,1.139,2.103,13,1,4,5,2,,1,,2,1,2
807,932,2,2,1,3,2,2,2,1,1,,,,56,2,5,,,2,,1,2,0,2,2,3,0.951,1.738,54,1,2,2,1,1,,,1,7,2
808,932,1,2,1,1,,5,2,1,1,0,2,1,30,3,6,,,2,,5,2,0,2,1,2,1.091,2.031,17,8,,,,,,,,,2
809,932,1,2,1,1,,3,3,2,1,,,,46,3,4,,,2,,1,3,0,2,2,2,0.437,0.889,26,1,3,5,2,,2,,2,8,2
810,932,1,2,1,1,,4,2,1,1,1,1,0,31,4,6,,,2,,1,2,0,2,1,3,0.68,1.268,21,1,3,5,2,,2,,2,1,2
811,932,1,2,1,3,2,5,2,1,1,1,1,1,30,2,6,,,1,1,,1,0,2,1,2,1.091,2.031,17,2,,,,,,,,,2
812,932,1,4,1,3,1,1,,0,1,,,,74,3,2,,,2,,1,2,0,2,1,3,0.581,1.073,13,1,4,5,2,,2,,3,1,3
813,932,1,2,1,3,4,2,2,1,1,,,,49,3,99,1,,2,,1,1,0,2,1,3,0.741,1.368,12,1,3,5,1,1,,,3,1,2
814,932,1,2,1,3,2,4,4,2,2,,,,45,4,98,1,,2,,1,2,0,2,1,1,0.508,1.978,42,1,4,5,2,,1,,3,2,3
815,932,1,4,1,1,,2,1,0,1,0,0,1,50,1,4,,,2,,1,2,0,2,1,3,1.952,1.802,13,2,,,,,,,,,2
816,932,2,5,1,3,4,1,,0,1,,,,54,4,1,,,2,,1,2,1,2,1,1,0.254,0.495,36,1,4,5,2,,1,,2,2,2
817,932,1,1,1,1,,1,,1,0,,,,41,2,6,,,2,,1,1,0,1,1,2,0.698,0.65,26,1,3,4,2,,2,,3,1,3
818,932,2,1,1,1,,2,2,1,1,,,,24,4,5,,,2,,1,1,0,1,1,2,0.644,1.2,17,2,,,,,,,,,3
819,932,1,4,1,1,,2,1,0,1,0,1,0,43,2,4,,,2,,1,3,0,2,2,2,0.734,0.859,27,1,3,3,0,,,8,8,7,1
820,932,1,2,1,1,,2,2,1,1,,,,49,5,9,,1,2,,1,3,0,2,1,2,0.504,0.937,17,1,3,5,2,,1,,2,2,2
821,932,1,2,1,1,,3,2,1,1,1,0,0,35,3,7,,,2,,1,3,0,1,1,2,0.698,1.299,17,1,4,5,2,,1,,3,1,2
822,932,1,5,1,3,4,2,1,0,1,1,0,0,32,4,1,,,2,,2,3,0,2,1,2,1.357,1.208,29,1,2,4,0,,,0,3,2,2
823,932,1,1,1,3,3,2,1,0,1,1,0,0,30,3,1,,,2,,1,1,0,2,2,2,0.654,0.665,17,1,3,5,2,,1,,2,7,2
824,932,1,2,1,1,,5,2,1,1,0,2,1,33,5,8,,,2,,1,1,0,1,1,2,0.497,0.924,17,1,3,4,1,1,,,1,1,3
825,932,1,2,1,1,,6,5,3,2,0,0,1,49,2,6,,,2,,1,1,0,2,1,3,0.656,2.452,21,1,3,5,9,,,9,7,1,2
826,932,1,2,1,3,1,2,2,1,1,,,,60,4,7,,,2,,1,1,0,2,1,2,0.739,1.376,17,1,4,5,1,1,,,1,1,3
827,932,1,1,2,2,,5,3,2,1,2,0,0,20,3,6,,,2,,1,3,1,1,1,2,0.396,1.411,29,1,3,4,2,,1,,3,7,1
828,932,1,1,1,3,1,1,,0,1,,,,78,1,1,,,2,,1,1,0,2,2,2,1.551,3.158,17,8,,,,,,,,,3
829,932,2,1,2,1,,2,2,0,2,,,,26,5,8,,,2,,1,3,0,2,1,2,0.927,1.65,27,2,,,,,,,,,3
830,932,2,1,1,1,,1,,1,0,,,,43,4,5,,,2,,1,3,0,1,1,2,0.507,0.471,17,1,3,5,2,,1,,2,2,3
831,932,2,1,2,3,4,3,3,2,1,,,,40,3,1,,,2,,1,1,1,1,1,2,0.429,1.528,27,1,2,5,1,1,,,1,1,1
832,932,1,2,1,1,,4,2,1,1,0,1,1,33,2,5,,,2,,1,2,0,1,1,3,0.854,1.428,22,1,2,4,2,,2,,2,1,2
833,932,2,4,1,3,1,1,,0,1,,,,68,2,4,,,2,,1,2,0,2,1,2,0.702,1.25,29,1,4,5,2,,2,,2,2,2
834,932,1,2,1,2,,2,2,1,1,,,,69,5,8,,,2,,1,3,0,2,1,2,0.394,0.735,17,1,4,5,2,,2,,3,2,2
835,932,1,2,1,1,,5,3,1,2,2,0,0,45,2,7,,,2,,1,2,0,1,1,2,1.33,2.369,27,1,3,5,2,,1,,3,2,2
836,932,2,1,1,1,,1,,1,0,,,,26,3,5,,,1,1,,2,0,1,1,1,0.561,0.545,25,1,4,5,2,,2,,2,1,2
837,932,1,2,1,1,,4,4,2,2,,,,48,3,7,,,2,,1,9,1,1,1,3,0.488,1.822,47,1,3,5,9,,,9,9,9,3
838,932,1,2,1,1,,4,2,1,1,2,0,0,42,4,7,,,2,,1,2,0,1,2,2,0.289,0.588,17,1,3,5,2,,1,,3,2,2
839,932,1,5,1,1,,1,,0,1,,,,49,3,6,,,2,,1,2,0,2,1,2,0.895,1.594,27,1,3,5,2,,1,,3,2,2
840,932,1,4,1,3,1,2,2,1,1,,,,74,3,3,,,2,,1,1,0,2,2,2,0.342,0.697,17,1,3,4,1,2,,,1,1,3
841,932,1,1,2,1,,4,3,2,1,1,0,0,18,2,8,,,2,,1,3,0,1,1,3,0.581,2.171,47,2,,,,,,,,,3
842,932,2,2,1,1,,4,3,1,2,0,1,0,40,3,5,,,2,,2,3,0,1,1,2,1.257,2.237,29,1,3,4,2,,2,,8,2,2
843,932,1,1,1,1,,1,,1,0,,,,30,5,7,,,2,,1,3,1,1,1,3,0.52,0.485,1,1,3,5,2,,2,,3,2,2
844,932,1,1,2,1,,5,4,3,1,0,1,0,19,1,6,,,2,,1,3,0,1,2,3,0.65,2.716,48,2,,,,,,,,,3
845,932,1,2,1,3,1,2,2,1,1,,,,81,1,98,2,,2,,1,2,0,1,2,3,2.674,5.856,1,1,4,5,2,,1,,2,1,2
846,932,1,2,1,3,1,2,2,1,1,,,,72,3,4,,,2,,1,1,0,2,1,2,0.702,1.25,27,1,4,5,1,1,,,1,1,1
847,932,2,1,1,1,,2,2,1,1,,,,25,3,2,,,2,,1,3,0,1,1,3,0.731,1.35,12,2,,,,,,,,,1
848,932,1,2,1,1,,4,3,1,2,0,1,0,37,1,7,,,2,,1,1,0,1,2,3,1.969,4.312,47,1,2,3,1,2,,,1,7,3
849,932,1,5,1,1,,1,,1,0,,,,43,4,6,,,2,,1,2,0,1,1,3,0.579,0.484,48,1,3,4,8,,,2,2,2,2
850,932,1,1,1,1,,4,2,2,0,2,0,0,46,3,99,1,,2,,5,3,0,1,2,1,0.761,1.509,23,1,4,5,1,2,,,1,1,2
851,932,9,2,1,9,,3,3,2,1,,,,34,3,99,9,,1,1,,2,0,1,1,3,0.854,2.856,48,1,3,5,2,,1,,2,1,2
852,932,1,2,1,1,,6,2,1,1,0,2,2,32,5,8,,,2,,1,2,1,1,2,2,0.202,0.472,27,1,3,5,2,,2,,0,7,2
853,932,2,2,1,1,,3,2,1,1,0,0,1,99,4,9,,9,2,,1,8,0,1,1,3,1.021,1.706,48,1,3,4,1,2,,,8,2,1
854,932,1,2,1,1,,6,2,1,1,2,0,2,32,2,4,,,2,,1,3,0,2,2,2,0.867,2.029,19,2,,,,,,,,,3
855,932,1,2,1,1,,4,2,1,1,0,1,1,41,4,7,,,1,1,,1,1,1,1,3,0.29,0.484,48,1,4,5,2,,1,,3,1,2
856,932,2,2,1,1,,2,2,1,1,,,,68,1,6,,,2,,1,2,0,1,2,3,2.727,5.697,48,1,4,5,1,2,,,1,1,3
857,932,1,2,1,1,,2,2,1,1,,,,49,5,9,,1,2,,1,8,0,1,2,3,0.754,1.575,5,2,,,,,,,,,2
858,932,2,5,1,1,,6,6,3,3,,,,23,3,8,,,2,,1,3,0,1,1,2,0.793,2.823,20,1,4,5,2,,1,,2,7,3
859,932,1,2,1,3,1,2,2,1,1,,,,60,1,3,,,2,,1,3,0,1,2,2,2.414,5.65,27,1,2,5,9,,,1,1,1,2
860,932,2,1,1,2,,2,2,1,1,,,,31,3,5,,,2,,1,3,0,1,1,2,0.883,1.573,31,1,4,5,0,,,0,8,1,3
861,932,1,5,1,1,,1,,0,1,,,,53,4,3,,,2,,2,2,0,2,1,2,0.906,1.613,29,1,2,5,2,,1,,2,2,3
862,932,1,1,2,2,,5,3,2,1,2,0,0,18,2,98,8,,2,,1,1,0,2,1,2,1.119,2.084,55,8,,,,,,,,,8
863,932,1,2,1,1,,2,2,1,1,,,,58,2,5,,,2,,1,2,0,2,2,2,0.85,1.991,20,1,3,4,8,,,2,2,1,2
864,932,1,2,1,2,,4,2,1,1,0,0,2,38,2,6,,,2,,1,3,0,1,2,4,0.495,1.046,35,1,4,5,2,,2,,3,2,2
865,932,1,2,1,3,2,2,2,1,1,,,,55,4,6,,,2,,1,0,0,2,1,2,0.739,1.376,55,1,4,3,9,,,9,3,1,2
866,932,1,1,2,2,,8,4,3,1,4,0,0,18,2,8,,,2,,1,1,3,1,2,4,0.228,0.966,16,2,,,,,,,,,2
867,932,1,2,1,1,,5,3,1,2,2,0,0,41,4,8,,,2,,1,3,0,2,1,2,0.785,2.794,19,1,3,5,2,,2,,3,2,2
868,932,1,2,1,1,,2,2,1,1,,,,51,2,99,9,,2,,1,1,0,1,2,2,0.86,2.014,31,1,3,4,9,,,8,9,1,3
869,932,1,4,1,3,1,1,,0,1,,,,72,1,1,,,2,,2,2,0,2,1,2,2.708,4.821,29,1,4,5,2,,1,,2,8,2
870,932,1,2,1,1,,3,2,1,1,1,0,0,34,2,8,,,2,,1,2,0,2,1,4,0.789,1.634,49,1,3,5,2,,2,,2,7,3
871,932,1,2,1,1,,2,2,1,1,,,,53,3,8,,,2,,1,1,0,1,2,2,0.86,2.014,20,1,3,5,1,1,,,1,1,1
872,932,2,2,1,2,,3,2,1,1,1,0,0,50,6,2,,,2,,1,3,0,2,1,2,0.729,1.356,55,1,3,3,2,,2,,2,1,2
873,932,1,2,1,1,,4,4,1,3,,,,44,5,8,,,2,,1,3,0,1,2,2,0.384,0.898,19,1,3,5,8,,,8,8,1,2
874,932,1,5,1,3,1,1,,1,0,,,,78,2,1,,,2,,1,1,0,1,2,4,0.895,0.947,16,1,3,5,2,,1,,2,7,2
875,932,1,2,1,2,,2,2,1,1,,,,45,3,8,,,2,,1,2,0,1,2,4,0.766,1.621,8,2,,,,,,,,,3
876,932,1,1,1,2,,2,2,1,1,,,,26,3,2,,,2,,1,2,0,1,1,4,0.519,1.076,35,1,4,5,9,,,1,1,7,3
877,932,1,2,1,1,,2,2,1,1,,,,60,4,8,,,2,,1,1,0,1,2,4,0.644,1.363,49,1,4,5,1,2,,,3,1,3
878,932,1,1,1,1,,2,2,1,1,,,,39,3,4,,,2,,2,3,0,2,1,4,0.978,2.026,35,1,3,5,1,2,,,3,1,2
879,932,1,2,1,1,,6,2,1,1,1,3,0,39,5,6,,,2,,1,2,0,1,2,2,0.384,0.898,27,1,4,5,2,,1,,2,2,2
880,932,2,2,1,1,,2,2,1,1,,,,32,3,4,,,2,,1,3,0,2,2,4,0.772,1.634,49,2,,,,,,,,,3
881,932,1,5,1,2,,2,1,0,1,1,0,0,36,2,2,,,2,,1,3,0,2,2,4,0.655,0.692,30,1,3,5,2,,1,,2,7,2
883,932,1,4,1,3,2,1,,0,1,,,,65,2,6,,,1,1,,3,0,2,1,4,0.413,0.855,8,1,4,5,2,,1,,2,2,2
884,932,2,4,1,3,1,1,,0,1,,,,63,2,1,,,2,,1,3,0,2,2,2,0.641,1.306,55,1,4,5,8,,,8,8,2,2
885,932,1,4,1,3,1,1,,0,1,,,,70,3,2,,,2,,1,3,0,2,2,4,0.405,0.855,30,1,3,5,7,,,1,3,1,3
886,932,2,5,1,1,,3,1,0,1,2,0,0,46,2,4,,,2,,5,3,0,2,2,4,0.516,0.546,30,1,4,5,2,,2,,3,1,3
887,932,1,2,1,1,,4,3,2,1,1,0,0,35,2,5,,,2,,1,3,0,2,1,4,1.806,3.379,6,2,,,,,,,,,2
888,932,2,2,1,3,4,4,2,1,1,0,0,2,30,3,2,,,2,,1,3,0,1,1,4,1.406,2.628,41,1,3,5,2,,1,,2,1,2
889,932,1,1,1,1,,2,2,1,1,,,,42,3,4,,,2,,1,3,0,1,1,4,0.505,1.046,16,1,2,5,9,,,9,3,7,2
890,932,1,2,1,1,,2,2,1,1,,,,55,5,9,,2,2,,1,2,0,1,1,2,0.91,1.694,55,1,4,5,2,,2,,2,2,2
891,932,2,1,1,1,,1,,1,0,,,,27,2,4,,,2,,1,1,0,1,1,4,1.406,1.314,6,2,,,,,,,,,1
892,932,2,2,1,1,,4,1,0,1,3,0,0,35,3,5,,,1,1,,2,0,2,1,4,1.806,1.689,6,1,4,5,2,,2,,2,7,3
893,932,2,1,2,3,3,3,3,2,1,,,,19,3,8,,,2,,5,3,0,1,1,4,1.261,4.718,6,2,,,,,,,,,2
894,932,1,2,1,1,,4,2,1,1,0,0,2,33,2,8,,,1,1,,3,0,2,1,4,0.789,1.634,8,2,,,,,,,,,3
895,932,1,1,1,1,,4,4,4,0,,,,27,4,98,2,,1,1,,1,0,1,1,4,0.971,1.816,6,2,,,,,,,,,2
896,932,1,2,1,1,,2,2,1,1,,,,35,2,5,,,2,,1,2,0,1,2,4,0.425,1.152,41,1,2,3,2,,2,,3,7,2
897,932,2,1,1,1,,2,2,1,1,,,,22,3,6,,,2,,1,2,0,1,1,4,1.261,2.359,6,1,3,5,2,,2,,3,1,3
898,932,2,1,1,2,,3,2,1,1,0,0,1,18,1,1,,,2,,1,1,0,2,1,4,2.188,4.095,6,1,4,3,1,2,,,3,7,2
899,932,2,2,1,1,,3,2,1,1,0,0,1,26,2,2,,,1,1,,3,0,1,1,4,1.406,2.628,6,2,,,,,,,,,2
900,932,1,2,1,1,,4,2,1,1,2,0,0,41,6,7,,,2,,1,1,0,1,2,2,0.555,1.298,29,1,3,5,8,,,2,3,1,2
901,932,1,5,1,1,,2,2,1,1,,,,36,2,8,,,2,,1,2,0,2,1,1,0.932,1.815,36,1,3,5,2,,2,,2,1,3
902,932,1,1,2,3,3,5,5,3,2,,,,26,4,9,,2,2,,1,1,2,1,1,1,0.251,0.976,42,1,4,5,0,,,1,1,1,3
903,932,2,1,1,3,4,2,1,0,1,0,0,1,27,2,1,,,2,,1,1,0,2,1,1,1.101,1.071,36,2,,,,,,,,,2
904,932,1,4,1,3,1,1,,0,1,,,,68,2,99,2,,2,,1,2,0,2,2,1,0.401,0.756,42,1,2,5,1,2,,,1,1,3
905,932,1,1,2,2,,4,4,2,2,,,,20,3,99,1,,2,,5,1,1,1,1,1,0.325,1.267,36,1,4,5,1,1,,,1,1,1
906,932,1,3,2,2,,2,2,1,1,,,,62,2,2,,,2,,1,2,0,2,1,1,1.079,2.102,42,2,,,,,,,,,2
907,932,2,5,1,3,4,3,2,1,1,1,0,0,37,2,6,,,2,,1,1,0,1,1,1,0.704,1.372,42,1,4,5,1,2,,,1,1,2
908,932,1,1,1,1,,4,2,1,1,0,2,0,18,1,98,1,,2,,1,2,0,1,1,1,0.65,1.267,42,2,,,,,,,,,2
909,932,1,2,1,2,,5,3,2,1,0,1,1,33,2,9,,1,1,1,,1,0,2,1,1,1.101,2.144,34,1,2,5,1,2,,,1,1,3
910,932,1,1,2,1,,4,4,3,1,,,,26,4,4,,,2,,1,1,0,1,1,1,0.502,1.952,42,1,3,5,8,,,8,8,1,3
911,932,1,1,1,1,,1,,1,0,,,,23,2,99,9,,2,,1,1,0,1,1,1,0.65,0.634,36,1,4,5,8,,,8,1,1,1
912,932,1,1,2,3,3,4,4,0,4,,,,23,4,9,,2,2,,1,3,1,2,1,1,0.565,1.1,36,1,2,5,2,,1,,2,7,1
913,932,1,2,1,1,,5,2,1,1,2,1,0,39,3,7,,,2,,1,3,0,2,2,2,0.554,1.127,26,1,2,5,1,2,,,3,1,3
914,932,1,2,2,3,1,2,2,1,1,,,,72,3,8,,,2,,1,1,0,2,1,2,0.571,1.063,26,1,3,5,1,2,,,1,1,3
915,932,1,5,1,1,,1,,0,1,,,,40,2,3,,,2,,1,3,0,2,1,1,0.932,1.815,42,1,4,5,2,,1,,2,8,2
916,932,2,2,1,1,,3,2,1,1,0,1,0,46,5,4,,,2,,1,3,0,1,1,1,0.755,1.47,42,1,4,4,0,,,0,3,2,2
917,932,2,5,1,1,,1,,1,0,,,,31,2,6,,,2,,1,3,0,1,2,1,0.507,0.477,36,2,,,,,,,,,3
918,932,1,2,1,3,1,2,2,1,1,,,,65,2,4,,,2,,1,1,0,1,1,1,1.446,2.814,36,1,3,5,1,1,,,1,1,3
919,932,1,2,1,3,2,2,2,1,1,,,,61,4,9,,1,2,,1,3,0,2,2,1,0.519,0.978,42,1,4,5,2,,1,,8,2,2
920,932,1,2,1,1,,5,2,1,1,2,1,0,42,3,6,,,2,,1,3,0,1,1,1,0.704,1.372,34,1,3,3,2,,1,,3,1,2
921,932,1,1,2,3,3,4,3,3,0,1,0,0,19,3,9,,1,2,,5,1,4,1,1,1,0.325,0.634,36,2,,,,,,,,,3
922,932,2,4,1,1,,3,3,2,1,,,,56,1,2,,,2,,1,2,0,2,1,1,2.845,5.54,34,2,,,,,,,,,2
923,932,2,5,1,1,,1,,1,0,,,,44,2,3,,,1,9,,2,0,1,1,1,0.805,0.784,36,2,,,,,,,,,2
924,932,1,1,2,1,,3,3,2,1,,,,21,3,5,,,2,,1,1,0,1,2,1,0.453,1.705,42,1,3,5,2,,2,,3,1,2
925,932,2,1,1,1,,1,,1,0,,,,33,5,9,,1,2,,5,3,0,1,1,1,0.489,0.475,25,2,,,,,,,,,1
926,932,1,2,1,1,,4,2,1,1,0,1,1,40,4,9,,2,2,,5,1,0,1,1,1,0.487,0.948,36,1,4,5,1,1,,,1,1,1
927,932,2,1,1,1,,2,2,1,1,,,,20,2,1,,,2,,1,2,0,2,1,2,1.119,2.084,39,2,,,,,,,,,2
928,932,9,1,8,3,5,2,2,2,0,,,,99,4,99,9,,9,,9,3,0,1,1,1,0.766,1.489,25,2,,,,,,,,,3
929,932,1,2,1,3,1,2,2,1,1,,,,64,5,99,9,,2,,1,2,0,1,1,1,0.711,1.382,25,1,3,5,2,,1,,2,2,2
930,932,2,5,1,1,,2,1,1,0,0,0,1,34,1,2,,,2,,5,3,0,1,2,2,1.135,1.156,26,2,,,,,,,,,2
931,932,2,1,1,1,,2,2,2,0,,,,23,2,7,,,2,,1,2,0,1,1,1,0.65,1.267,42,2,,,,,,,,,1
932,932,2,1,1,2,,1,,0,1,,,,24,3,1,,,2,,1,2,0,2,2,2,0.89,2.083,20,2,,,,,,,,,2
933,932,1,4,1,1,,1,,0,1,,,,47,2,98,2,,2,,2,2,1,2,1,2,0.533,0.993,26,1,3,5,8,,,2,2,7,3
934,932,1,2,1,1,,3,2,1,1,0,0,1,39,5,9,,1,2,,1,1,0,1,1,2,0.483,0.898,17,1,3,5,1,2,,,1,1,8
935,932,2,2,1,1,,4,2,1,1,2,0,0,40,2,6,,,2,,1,3,0,2,2,2,0.734,1.719,19,1,2,4,0,,,1,3,1,3
937,932,1,2,1,3,1,2,2,1,1,,,,53,4,7,,,2,,1,1,1,1,1,2,0.374,0.697,39,1,4,5,1,2,,,1,1,3
938,932,2,5,1,3,2,4,2,1,1,0,0,2,21,3,1,,,2,,1,3,0,2,1,2,1.119,2.084,17,2,,,,,,,,,2
939,932,1,1,1,1,,2,2,1,1,,,,50,1,6,,,2,,1,1,0,2,2,2,1.525,3.571,20,1,4,5,1,1,,,1,1,3
940,932,1,1,2,3,4,3,3,2,1,,,,39,2,3,,,2,,1,2,0,1,1,2,0.698,2.598,17,1,2,2,8,,,2,2,7,3
941,932,1,2,1,1,,4,4,2,2,,,,50,2,7,,,2,,1,2,0,1,2,2,0.649,2.642,55,1,3,4,2,,1,,2,1,2
943,932,2,2,1,1,,2,2,1,1,,,,41,5,9,,1,2,,1,1,0,1,1,2,0.483,0.898,17,1,4,5,1,1,,,1,1,1
944,932,2,5,1,1,,4,2,1,1,0,1,1,27,2,98,8,,2,,1,3,0,2,2,2,0.654,1.331,18,2,,,,,,,,,2
945,932,1,2,1,3,2,2,2,1,1,,,,56,2,99,1,,2,,1,1,0,2,1,2,1.07,1.992,17,1,3,5,1,1,,,1,1,3
946,932,2,1,1,1,,1,,1,0,,,,40,3,4,,,2,,1,3,0,1,2,2,0.465,0.473,55,1,3,2,2,,2,,3,7,3
947,932,2,4,2,2,,2,2,1,1,,,,59,9,99,9,,2,,1,2,0,2,1,2,1.125,2.004,19,2,,,,,,,,,2
948,932,1,2,1,1,,2,2,1,1,,,,60,2,99,9,,2,,1,1,0,2,2,2,0.85,1.991,19,2,,,,,,,,,2
949,932,2,1,2,1,,3,2,0,2,0,1,0,18,2,1,,,2,,2,3,0,2,1,2,1.639,3.051,26,1,3,5,2,,2,,8,7,2
950,932,2,1,1,1,,1,,0,1,,,,33,6,3,,,2,,1,3,0,2,1,2,1.091,2.031,55,2,,,,,,,,,3
951,932,1,2,1,2,,4,3,1,2,1,0,0,49,5,9,,1,2,,1,3,1,2,1,2,0.309,1.102,29,1,4,5,2,,2,,2,1,3
952,932,1,1,2,2,,4,3,2,1,0,1,0,22,3,6,,,2,,1,1,0,1,1,2,0.644,2.4,55,1,3,5,1,1,,,1,1,3
953,932,1,5,1,1,,1,,0,1,,,,50,2,99,9,,2,,1,1,0,2,1,2,0.895,1.594,27,1,2,5,8,,,8,1,1,3
954,932,1,2,1,1,,2,2,1,1,,,,58,5,9,,2,2,,1,2,0,2,1,2,0.909,1.619,29,1,4,5,8,,,1,1,1,3
955,932,1,2,1,3,1,2,2,1,1,,,,71,3,99,9,,2,,1,3,0,2,2,2,0.454,1.063,19,1,3,5,9,,,9,9,1,3
956,932,2,2,1,1,,2,2,1,1,,,,22,4,7,,,2,,1,3,0,1,1,2,0.793,1.411,29,1,3,4,2,,2,,3,2,2
957,932,1,2,1,2,,3,3,1,2,,,,58,1,4,,,2,,1,2,0,2,2,2,1.355,5.514,26,2,,,,,,,,,1
958,932,1,2,1,2,,2,2,1,1,,,,75,2,1,,,2,,1,3,0,2,2,2,0.781,1.828,19,1,3,5,8,,,8,8,2,2
959,932,1,2,1,1,,6,5,3,2,0,0,1,45,3,99,9,,2,,1,3,0,2,1,2,0.895,3.189,27,1,3,5,1,2,,,1,2,2
960,932,1,2,1,1,,2,2,1,1,,,,56,3,6,,,2,,1,0,0,1,2,2,1.047,2.451,20,1,4,5,2,,1,,3,1,2
961,932,2,2,1,1,,4,2,1,1,0,0,2,43,3,8,,,2,,1,3,0,1,1,2,0.698,1.299,26,1,3,5,0,,,2,3,7,2
962,932,1,2,1,1,,2,2,1,1,,,,56,2,99,1,,2,,1,2,0,2,1,2,1.07,1.992,26,1,3,5,2,,8,,8,1,2
963,932,1,1,2,1,,3,3,2,1,,,,26,3,7,,,2,,1,1,0,1,1,2,0.719,2.675,26,1,3,4,2,,1,,3,1,3
964,932,1,1,2,1,,2,2,2,0,,,,19,2,6,,,2,,1,3,0,1,1,2,0.644,1.2,18,2,,,,,,,,,1
965,932,1,2,1,1,,4,3,2,1,1,0,0,44,3,9,,2,2,,1,3,0,1,1,2,0.698,2.598,26,1,3,5,9,,,9,9,1,2
966,932,1,1,1,1,,1,,1,0,,,,23,4,99,9,,2,,1,1,0,1,1,2,0.645,0.601,18,1,4,5,1,1,,,1,1,3
967,932,1,2,1,2,,2,2,1,1,,,,79,3,4,,,2,,1,1,0,1,2,2,0.758,1.543,39,1,4,5,1,1,,,1,1,2
968,932,1,4,1,2,,1,,0,1,,,,59,2,7,,,2,,1,1,0,2,2,2,0.641,1.306,26,1,2,5,1,2,,,1,1,3
969,932,1,2,1,2,,2,2,1,1,,,,99,3,99,9,,2,,1,3,0,1,1,2,1.242,2.312,39,1,4,5,1,1,,,1,1,3
970,932,2,1,1,1,,1,,1,0,,,,31,4,5,,,2,,1,3,0,1,2,2,0.464,0.472,26,1,3,5,9,,,9,9,9,2
971,932,2,2,1,3,5,2,2,1,1,,,,37,1,1,,,2,,1,3,0,1,1,2,1.839,3.423,26,1,3,5,1,1,,,1,1,1
972,932,1,2,1,3,1,2,2,1,1,,,,67,4,5,,,2,,1,3,0,1,2,2,0.787,1.841,29,1,2,5,1,2,,,1,1,3
973,932,1,2,1,1,,4,3,1,2,0,0,1,39,4,9,,2,2,,2,1,0,1,1,2,0.706,1.314,26,1,2,5,1,2,,,1,1,1
974,932,1,5,1,1,,1,,1,0,,,,43,5,8,,,2,,1,2,0,1,1,2,0.507,0.471,39,1,3,5,2,,2,,2,2,2
975,932,1,2,1,1,,5,2,1,1,0,2,1,33,2,9,,1,2,,1,1,0,1,1,2,0.719,1.338,39,1,4,5,1,1,,,8,1,1
976,932,1,5,1,3,1,1,,1,0,,,,67,1,1,,,2,,1,3,0,1,2,2,2.999,3.51,20,2,,,,,,,,,2
977,932,1,2,1,3,1,2,2,1,1,,,,69,5,4,,,2,,1,1,0,1,1,2,0.989,1.842,39,1,4,5,1,1,,,1,1,3
978,932,1,2,1,1,,5,2,1,1,2,1,0,37,3,5,,,2,,1,1,0,1,1,2,0.858,1.528,27,1,3,5,0,,,1,0,1,1
979,932,1,2,1,1,,3,2,1,1,1,0,0,45,3,9,,2,2,,1,3,0,1,2,2,0.86,2.014,27,1,3,5,2,,2,,3,1,3
980,932,1,1,1,3,4,2,2,2,0,,,,40,4,1,,,2,,1,3,0,1,1,4,0.349,0.723,8,1,3,5,2,,2,,3,1,2
981,932,1,2,1,3,2,2,2,1,1,,,,48,2,6,,,2,,1,2,0,2,1,4,1.424,2.664,41,1,3,4,2,,2,,3,2,2
982,932,2,2,1,1,,3,2,1,1,0,0,1,26,5,7,,,2,,1,2,0,1,1,2,0.497,0.924,39,1,4,5,2,,1,,2,1,2
983,932,2,1,1,1,,2,2,1,1,,,,26,2,2,,,2,,1,3,0,1,1,2,0.719,1.338,18,1,3,5,8,,,1,1,1,1
984,932,1,2,1,1,,5,2,1,1,1,1,1,30,3,4,,,2,,1,3,1,1,1,2,0.359,0.669,17,1,2,5,2,,1,,3,2,2
985,932,1,2,1,1,,2,2,1,1,,,,24,3,8,,,2,,1,2,0,1,1,2,0.644,1.2,26,2,,,,,,,,,3
986,932,1,2,1,3,1,2,2,1,1,,,,81,2,2,,,2,,1,1,0,1,2,2,1.005,2.352,31,1,2,5,2,,8,,2,1,2
987,932,1,2,1,1,,4,2,1,1,1,0,1,36,2,3,,,2,,1,2,0,1,2,2,0.418,0.852,39,2,,,,,,,,,3
988,932,1,1,2,2,,2,2,1,1,,,,19,3,1,,,2,,1,1,0,1,1,2,0.644,1.2,26,1,2,3,0,,,0,3,7,3
989,932,1,5,1,1,,3,1,1,0,1,1,0,34,2,4,,,2,,1,3,0,1,2,2,0.466,0.474,39,2,,,,,,,,,2
990,932,1,2,1,1,,3,2,1,1,0,0,1,30,2,6,,,2,,1,2,0,1,1,2,0.719,1.338,39,2,,,,,,,,,3
991,932,1,2,1,1,,4,2,1,1,0,0,2,30,2,6,,,2,,1,3,0,1,1,2,0.719,1.338,39,2,,,,,,,,,2
992,932,2,5,1,1,,1,,1,0,,,,48,2,8,,,2,,1,3,0,1,1,2,1.082,1.007,26,1,4,5,9,,,1,8,1,3
993,932,1,2,1,2,,4,2,1,1,0,2,0,38,2,99,9,,2,,1,2,0,2,1,4,0.668,1.384,32,1,3,5,2,,2,,8,1,3
994,932,1,5,1,1,,2,1,0,1,1,0,0,44,2,6,,,2,,1,1,0,2,2,4,0.655,0.692,30,1,2,5,2,,1,,8,1,2
995,932,1,5,1,1,,1,,1,0,,,,39,3,6,,,1,9,,2,0,1,1,4,1.559,1.459,6,1,3,5,2,,2,,2,1,3
996,932,2,5,1,3,1,1,,0,1,,,,77,2,99,1,,2,,1,2,0,2,1,4,1.92,3.593,6,1,3,4,2,,2,,2,1,3
997,932,1,1,2,3,5,2,2,0,2,,,,99,3,2,,,2,,1,1,1,2,1,4,0.867,1.623,6,1,4,5,1,1,,,1,1,3
998,932,2,1,1,1,,3,2,1,1,0,0,1,26,2,5,,,1,1,,2,0,1,1,4,1.406,2.628,6,2,,,,,,,,,2
999,932,1,2,2,2,,4,4,2,2,,,,26,3,9,,1,1,9,,2,0,1,1,4,1.492,5.585,6,2,,,,,,,,,2
1000,932,1,2,1,3,1,2,2,1,1,,,,82,4,5,,,2,,1,2,0,1,2,4,0.533,1.441,53,1,2,5,2,,2,,2,1,2
1001,932,2,2,1,1,,2,2,1,1,,,,25,3,2,,,2,,1,1,0,1,1,4,1.406,2.628,41,2,,,,,,,,,2
1002,932,1,2,1,1,,3,2,1,1,0,0,1,39,4,7,,,2,,1,3,0,2,2,4,0.452,0.955,56,1,3,5,2,,2,,3,2,2
1003,932,2,1,2,1,,5,5,0,5,,,,34,3,8,,,2,,1,1,2,2,1,4,1.067,1.995,6,1,2,5,1,2,,,1,1,1
1004,932,1,2,1,3,1,2,2,1,1,,,,57,5,7,,,2,,1,1,0,2,1,4,0.535,1.108,8,1,4,5,2,,2,,3,1,3
1005,932,1,5,1,2,,2,2,1,1,,,,45,3,4,,,2,,1,3,0,2,2,4,0.516,1.091,16,8,,,,,,,,,2
1006,932,2,3,2,1,,3,2,1,1,1,0,0,41,4,6,,,2,,1,2,0,2,2,4,0.452,0.955,8,2,,,,,,,,,2
1007,932,2,5,1,1,,2,2,0,2,,,,40,5,4,,,2,,1,2,1,2,1,4,0.624,1.167,6,2,,,,,,,,,2
1008,932,1,2,1,3,2,2,2,1,1,,,,65,3,99,9,,2,,1,2,0,2,2,4,0.348,0.942,41,1,3,5,8,,,2,8,7,2
1009,932,1,2,1,2,,3,3,1,2,,,,47,3,9,,1,2,,1,1,1,2,1,4,0.712,2.664,6,1,2,4,1,2,,,1,1,2
1010,932,1,5,1,2,,1,,0,1,,,,56,4,3,,,2,,1,3,0,2,1,4,0.535,1.108,8,1,3,5,1,2,,,1,1,3
1011,932,1,5,1,3,1,3,3,2,1,,,,47,3,8,,,2,,1,1,0,2,1,4,1.424,2.664,6,1,3,4,9,,,9,9,7,2
1012,932,1,2,1,1,,2,2,1,1,,,,53,2,7,,,2,,1,1,0,2,1,4,1.424,2.664,6,1,2,4,0,,,0,0,1,2
1013,932,1,2,2,1,,2,2,1,1,,,,32,4,8,,,2,,9,9,1,2,1,4,0.842,1.575,6,2,,,,,,,,,2
1014,932,2,1,1,1,,2,2,0,2,,,,29,4,8,,,2,,1,1,0,2,1,4,1.474,2.758,6,2,,,,,,,,,2
1015,932,1,4,1,3,1,2,2,0,2,,,,74,2,98,2,,2,,1,1,0,2,1,4,1.116,2.089,6,1,1,5,1,1,,,3,1,2
1016,932,1,2,2,1,,2,2,1,1,,,,53,3,8,,,2,,1,1,0,2,1,4,1.424,2.664,6,1,4,5,2,,2,,2,1,2
1017,932,1,2,1,1,,3,2,1,1,1,0,0,36,3,5,,,2,,1,1,0,2,1,4,1.806,3.379,6,1,3,5,9,,,1,1,1,2
